shell_name,rho_fraction,gamma_multiplier,eta_label,eta_SD,eta_SR,eta_RD,branch_found,n_branches,n_points_lower,n_complex_points,hopf_found,hopf_outcome,hopf_L_c,hopf_omega,hopf_dalpha_dL,fold_found,L_fold,min_alpha_complex,max_trace_lower,leading_alpha_max,runtime_seconds,error
Shell_C_1000km,0.05,1.0,baseline,1.0,1.0,1.0,True,2,7,1,False,complex_no_crossing,nan,nan,nan,True,32.82828282828282,-0.005195410085836058,-0.009000000000000001,-0.000993950586120191,1.078441040997859,
Shell_C_1000km,0.05,3.5789473684210527,baseline,1.0,1.0,1.0,True,2,2,1,False,complex_no_crossing,nan,nan,nan,True,7.575757575757575,-0.005639897387199118,-0.009000000000000001,-0.001,0.9175797080388293,
Shell_C_1000km,0.05,6.157894736842105,baseline,1.0,1.0,1.0,True,2,2,0,False,no_complex_eigenvalues,nan,nan,nan,True,7.575757575757575,nan,-0.009000000000000001,-0.001,0.8849403749918565,
Shell_C_1000km,0.05,8.736842105263158,baseline,1.0,1.0,1.0,False,2,1,0,False,no_branch,nan,nan,nan,False,nan,nan,nan,nan,0.8927355419727974,
Shell_C_1000km,0.05,11.31578947368421,baseline,1.0,1.0,1.0,False,2,1,0,False,no_branch,nan,nan,nan,False,nan,nan,nan,nan,0.9493320839828812,
Shell_C_1000km,0.05,13.894736842105264,baseline,1.0,1.0,1.0,False,2,1,0,False,no_branch,nan,nan,nan,False,nan,nan,nan,nan,0.8827108339755796,
Shell_C_1000km,0.05,16.473684210526315,baseline,1.0,1.0,1.0,False,2,1,0,False,no_branch,nan,nan,nan,False,nan,nan,nan,nan,0.8921309579745866,
Shell_C_1000km,0.05,19.05263157894737,baseline,1.0,1.0,1.0,False,2,1,0,False,no_branch,nan,nan,nan,False,nan,nan,nan,nan,0.8758179580327123,
Shell_C_1000km,0.05,21.63157894736842,baseline,1.0,1.0,1.0,False,2,1,0,False,no_branch,nan,nan,nan,False,nan,nan,nan,nan,1.014078125008382,
Shell_C_1000km,0.05,24.210526315789473,baseline,1.0,1.0,1.0,False,2,1,0,False,no_branch,nan,nan,nan,False,nan,nan,nan,nan,0.8725322920363396,
Shell_C_1000km,0.05,26.789473684210527,baseline,1.0,1.0,1.0,False,2,1,0,False,no_branch,nan,nan,nan,False,nan,nan,nan,nan,0.8876794580137357,
Shell_C_1000km,0.05,29.36842105263158,baseline,1.0,1.0,1.0,False,2,1,0,False,no_branch,nan,nan,nan,False,nan,nan,nan,nan,1.00644279102562,
Shell_C_1000km,0.05,31.94736842105263,baseline,1.0,1.0,1.0,False,2,1,0,False,no_branch,nan,nan,nan,False,nan,nan,nan,nan,0.9275355419958942,
Shell_C_1000km,0.05,34.526315789473685,baseline,1.0,1.0,1.0,False,2,1,0,False,no_branch,nan,nan,nan,False,nan,nan,nan,nan,0.9420586249907501,
Shell_C_1000km,0.05,37.10526315789474,baseline,1.0,1.0,1.0,False,2,1,0,False,no_branch,nan,nan,nan,False,nan,nan,nan,nan,0.903991415980272,
Shell_C_1000km,0.05,39.68421052631579,baseline,1.0,1.0,1.0,False,2,1,0,False,no_branch,nan,nan,nan,False,nan,nan,nan,nan,0.9100624999846332,
Shell_C_1000km,0.05,42.26315789473684,baseline,1.0,1.0,1.0,False,2,1,0,False,no_branch,nan,nan,nan,False,nan,nan,nan,nan,0.9286471669911407,
Shell_C_1000km,0.05,44.8421052631579,baseline,1.0,1.0,1.0,False,2,1,0,False,no_branch,nan,nan,nan,False,nan,nan,nan,nan,0.9010210419655778,
Shell_C_1000km,0.05,47.421052631578945,baseline,1.0,1.0,1.0,False,2,1,0,False,no_branch,nan,nan,nan,False,nan,nan,nan,nan,0.9251052089966834,
Shell_C_1000km,0.05,50.0,baseline,1.0,1.0,1.0,False,2,1,0,False,no_branch,nan,nan,nan,False,nan,nan,nan,nan,0.895887709048111,
Shell_C_1000km,0.09736842105263158,1.0,baseline,1.0,1.0,1.0,True,2,7,1,False,complex_no_crossing,nan,nan,nan,True,32.82828282828282,-0.005233299742419342,-0.009000000000000001,-0.0009894024592585922,1.1503408339922316,
Shell_C_1000km,0.09736842105263158,3.5789473684210527,baseline,1.0,1.0,1.0,True,2,2,1,False,complex_no_crossing,nan,nan,nan,True,7.575757575757575,-0.005677468108245105,-0.009000000000000001,-0.001,0.9242393749882467,
Shell_C_1000km,0.09736842105263158,6.157894736842105,baseline,1.0,1.0,1.0,True,2,2,0,False,no_complex_eigenvalues,nan,nan,nan,True,7.575757575757575,nan,-0.009000000000000001,-0.001,0.8956508749979548,
Shell_C_1000km,0.09736842105263158,8.736842105263158,baseline,1.0,1.0,1.0,False,2,1,0,False,no_branch,nan,nan,nan,False,nan,nan,nan,nan,0.9027419589692727,
Shell_C_1000km,0.09736842105263158,11.31578947368421,baseline,1.0,1.0,1.0,False,2,1,0,False,no_branch,nan,nan,nan,False,nan,nan,nan,nan,0.8967368330340832,
Shell_C_1000km,0.09736842105263158,13.894736842105264,baseline,1.0,1.0,1.0,False,2,1,0,False,no_branch,nan,nan,nan,False,nan,nan,nan,nan,0.9009367910330184,
Shell_C_1000km,0.09736842105263158,16.473684210526315,baseline,1.0,1.0,1.0,False,2,1,0,False,no_branch,nan,nan,nan,False,nan,nan,nan,nan,0.8840767089859582,
Shell_C_1000km,0.09736842105263158,19.05263157894737,baseline,1.0,1.0,1.0,False,2,1,0,False,no_branch,nan,nan,nan,False,nan,nan,nan,nan,0.8934504589997232,
Shell_C_1000km,0.09736842105263158,21.63157894736842,baseline,1.0,1.0,1.0,False,2,1,0,False,no_branch,nan,nan,nan,False,nan,nan,nan,nan,0.9107690409873612,
Shell_C_1000km,0.09736842105263158,24.210526315789473,baseline,1.0,1.0,1.0,False,2,1,0,False,no_branch,nan,nan,nan,False,nan,nan,nan,nan,0.8983161250362173,
Shell_C_1000km,0.09736842105263158,26.789473684210527,baseline,1.0,1.0,1.0,False,2,1,0,False,no_branch,nan,nan,nan,False,nan,nan,nan,nan,0.8997565839672461,
Shell_C_1000km,0.09736842105263158,29.36842105263158,baseline,1.0,1.0,1.0,False,2,1,0,False,no_branch,nan,nan,nan,False,nan,nan,nan,nan,0.9628074580105022,
Shell_C_1000km,0.09736842105263158,31.94736842105263,baseline,1.0,1.0,1.0,False,2,1,0,False,no_branch,nan,nan,nan,False,nan,nan,nan,nan,0.9298160000471398,
Shell_C_1000km,0.09736842105263158,34.526315789473685,baseline,1.0,1.0,1.0,False,2,1,0,False,no_branch,nan,nan,nan,False,nan,nan,nan,nan,0.9207236660295166,
Shell_C_1000km,0.09736842105263158,37.10526315789474,baseline,1.0,1.0,1.0,False,2,1,0,False,no_branch,nan,nan,nan,False,nan,nan,nan,nan,0.9118080000043847,
Shell_C_1000km,0.09736842105263158,39.68421052631579,baseline,1.0,1.0,1.0,False,2,1,0,False,no_branch,nan,nan,nan,False,nan,nan,nan,nan,0.9114119579899125,
Shell_C_1000km,0.09736842105263158,42.26315789473684,baseline,1.0,1.0,1.0,False,2,1,0,False,no_branch,nan,nan,nan,False,nan,nan,nan,nan,0.9161925830412656,
Shell_C_1000km,0.09736842105263158,44.8421052631579,baseline,1.0,1.0,1.0,False,2,1,0,False,no_branch,nan,nan,nan,False,nan,nan,nan,nan,0.9162432909943163,
Shell_C_1000km,0.09736842105263158,47.421052631578945,baseline,1.0,1.0,1.0,False,2,1,0,False,no_branch,nan,nan,nan,False,nan,nan,nan,nan,0.9111919169663452,
Shell_C_1000km,0.09736842105263158,50.0,baseline,1.0,1.0,1.0,False,2,1,0,False,no_branch,nan,nan,nan,False,nan,nan,nan,nan,1.0173004160169512,
Shell_C_1000km,0.14473684210526316,1.0,baseline,1.0,1.0,1.0,False,3,1,0,False,no_branch,nan,nan,nan,False,nan,nan,nan,nan,1.0808250419795513,
Shell_C_1000km,0.14473684210526316,3.5789473684210527,baseline,1.0,1.0,1.0,False,3,1,0,False,no_branch,nan,nan,nan,False,nan,nan,nan,nan,1.0631342920241877,
Shell_C_1000km,0.14473684210526316,6.157894736842105,baseline,1.0,1.0,1.0,False,3,1,0,False,no_branch,nan,nan,nan,False,nan,nan,nan,nan,0.905327207990922,
Shell_C_1000km,0.14473684210526316,8.736842105263158,baseline,1.0,1.0,1.0,False,2,1,0,False,no_branch,nan,nan,nan,False,nan,nan,nan,nan,0.913024540990591,
Shell_C_1000km,0.14473684210526316,11.31578947368421,baseline,1.0,1.0,1.0,False,2,1,0,False,no_branch,nan,nan,nan,False,nan,nan,nan,nan,0.908738958009053,
Shell_C_1000km,0.14473684210526316,13.894736842105264,baseline,1.0,1.0,1.0,False,2,1,0,False,no_branch,nan,nan,nan,False,nan,nan,nan,nan,0.891084624978248,
Shell_C_1000km,0.14473684210526316,16.473684210526315,baseline,1.0,1.0,1.0,False,2,1,0,False,no_branch,nan,nan,nan,False,nan,nan,nan,nan,0.9077034999500029,
Shell_C_1000km,0.14473684210526316,19.05263157894737,baseline,1.0,1.0,1.0,False,2,1,0,False,no_branch,nan,nan,nan,False,nan,nan,nan,nan,0.9003547089523636,
Shell_C_1000km,0.14473684210526316,21.63157894736842,baseline,1.0,1.0,1.0,False,2,1,0,False,no_branch,nan,nan,nan,False,nan,nan,nan,nan,0.9153506250004284,
Shell_C_1000km,0.14473684210526316,24.210526315789473,baseline,1.0,1.0,1.0,False,2,1,0,False,no_branch,nan,nan,nan,False,nan,nan,nan,nan,0.9046616669511423,
Shell_C_1000km,0.14473684210526316,26.789473684210527,baseline,1.0,1.0,1.0,False,2,1,0,False,no_branch,nan,nan,nan,False,nan,nan,nan,nan,0.9070592920179479,
Shell_C_1000km,0.14473684210526316,29.36842105263158,baseline,1.0,1.0,1.0,False,2,1,0,False,no_branch,nan,nan,nan,False,nan,nan,nan,nan,0.921272500010673,
Shell_C_1000km,0.14473684210526316,31.94736842105263,baseline,1.0,1.0,1.0,False,2,1,0,False,no_branch,nan,nan,nan,False,nan,nan,nan,nan,0.9236062919953838,
Shell_C_1000km,0.14473684210526316,34.526315789473685,baseline,1.0,1.0,1.0,False,2,1,0,False,no_branch,nan,nan,nan,False,nan,nan,nan,nan,0.9369591670110822,
Shell_C_1000km,0.14473684210526316,37.10526315789474,baseline,1.0,1.0,1.0,False,2,1,0,False,no_branch,nan,nan,nan,False,nan,nan,nan,nan,0.9265491659753025,
Shell_C_1000km,0.14473684210526316,39.68421052631579,baseline,1.0,1.0,1.0,False,2,1,0,False,no_branch,nan,nan,nan,False,nan,nan,nan,nan,0.9934986250009388,
Shell_C_1000km,0.14473684210526316,42.26315789473684,baseline,1.0,1.0,1.0,False,2,1,0,False,no_branch,nan,nan,nan,False,nan,nan,nan,nan,0.9152761250152253,
Shell_C_1000km,0.14473684210526316,44.8421052631579,baseline,1.0,1.0,1.0,False,2,1,0,False,no_branch,nan,nan,nan,False,nan,nan,nan,nan,0.9299177500070073,
Shell_C_1000km,0.14473684210526316,47.421052631578945,baseline,1.0,1.0,1.0,False,2,1,0,False,no_branch,nan,nan,nan,False,nan,nan,nan,nan,0.9490967500023544,
Shell_C_1000km,0.14473684210526316,50.0,baseline,1.0,1.0,1.0,False,2,1,0,False,no_branch,nan,nan,nan,False,nan,nan,nan,nan,0.9681577089941129,
Shell_C_1000km,0.19210526315789472,1.0,baseline,1.0,1.0,1.0,True,2,7,1,False,complex_no_crossing,nan,nan,nan,True,32.82828282828282,-0.005307981407783752,-0.009000000000000001,-0.0009802295222089068,1.1806938750087284,
Shell_C_1000km,0.19210526315789472,3.5789473684210527,baseline,1.0,1.0,1.0,True,2,2,1,False,complex_no_crossing,nan,nan,nan,True,7.575757575757575,-0.005751639338316521,-0.009000000000000001,-0.001,1.0252444579964504,
Shell_C_1000km,0.19210526315789472,6.157894736842105,baseline,1.0,1.0,1.0,True,2,2,0,False,no_complex_eigenvalues,nan,nan,nan,True,7.575757575757575,nan,-0.009000000000000001,-0.001,0.9177625000011176,
Shell_C_1000km,0.19210526315789472,8.736842105263158,baseline,1.0,1.0,1.0,False,2,1,0,False,no_branch,nan,nan,nan,False,nan,nan,nan,nan,0.9110311249969527,
Shell_C_1000km,0.19210526315789472,11.31578947368421,baseline,1.0,1.0,1.0,False,2,1,0,False,no_branch,nan,nan,nan,False,nan,nan,nan,nan,0.9064114579814486,
Shell_C_1000km,0.19210526315789472,13.894736842105264,baseline,1.0,1.0,1.0,False,2,1,0,False,no_branch,nan,nan,nan,False,nan,nan,nan,nan,0.8909945409977809,
Shell_C_1000km,0.19210526315789472,16.473684210526315,baseline,1.0,1.0,1.0,False,2,1,0,False,no_branch,nan,nan,nan,False,nan,nan,nan,nan,0.9027697910205461,
Shell_C_1000km,0.19210526315789472,19.05263157894737,baseline,1.0,1.0,1.0,False,2,1,0,False,no_branch,nan,nan,nan,False,nan,nan,nan,nan,1.0497431249823421,
Shell_C_1000km,0.19210526315789472,21.63157894736842,baseline,1.0,1.0,1.0,False,2,1,0,False,no_branch,nan,nan,nan,False,nan,nan,nan,nan,0.913389790977817,
Shell_C_1000km,0.19210526315789472,24.210526315789473,baseline,1.0,1.0,1.0,False,2,1,0,False,no_branch,nan,nan,nan,False,nan,nan,nan,nan,0.9640326669905335,
Shell_C_1000km,0.19210526315789472,26.789473684210527,baseline,1.0,1.0,1.0,False,2,1,0,False,no_branch,nan,nan,nan,False,nan,nan,nan,nan,0.9228415000252426,
Shell_C_1000km,0.19210526315789472,29.36842105263158,baseline,1.0,1.0,1.0,False,2,1,0,False,no_branch,nan,nan,nan,False,nan,nan,nan,nan,1.0004491659929045,
Shell_C_1000km,0.19210526315789472,31.94736842105263,baseline,1.0,1.0,1.0,False,2,1,0,False,no_branch,nan,nan,nan,False,nan,nan,nan,nan,0.9912729999632575,
Shell_C_1000km,0.19210526315789472,34.526315789473685,baseline,1.0,1.0,1.0,False,2,1,0,False,no_branch,nan,nan,nan,False,nan,nan,nan,nan,1.0150625830283388,
Shell_C_1000km,0.19210526315789472,37.10526315789474,baseline,1.0,1.0,1.0,False,2,1,0,False,no_branch,nan,nan,nan,False,nan,nan,nan,nan,0.986894333967939,
Shell_C_1000km,0.19210526315789472,39.68421052631579,baseline,1.0,1.0,1.0,False,2,1,0,False,no_branch,nan,nan,nan,False,nan,nan,nan,nan,1.036084082967136,
Shell_C_1000km,0.19210526315789472,42.26315789473684,baseline,1.0,1.0,1.0,False,2,1,0,False,no_branch,nan,nan,nan,False,nan,nan,nan,nan,0.9566570839961059,
Shell_C_1000km,0.19210526315789472,44.8421052631579,baseline,1.0,1.0,1.0,False,2,1,0,False,no_branch,nan,nan,nan,False,nan,nan,nan,nan,1.0645856669871137,
Shell_C_1000km,0.19210526315789472,47.421052631578945,baseline,1.0,1.0,1.0,False,2,1,0,False,no_branch,nan,nan,nan,False,nan,nan,nan,nan,0.9139953330159187,
Shell_C_1000km,0.19210526315789472,50.0,baseline,1.0,1.0,1.0,False,2,1,0,False,no_branch,nan,nan,nan,False,nan,nan,nan,nan,0.9143658329849131,
Shell_C_1000km,0.23947368421052628,1.0,baseline,1.0,1.0,1.0,True,2,7,1,False,complex_no_crossing,nan,nan,nan,True,32.82828282828282,-0.005344790482969293,-0.009000000000000001,-0.0009756040818791103,1.0767661670106463,
Shell_C_1000km,0.23947368421052628,3.5789473684210527,baseline,1.0,1.0,1.0,True,2,2,1,False,complex_no_crossing,nan,nan,nan,True,7.575757575757575,-0.0057882544854168435,-0.009000000000000001,-0.001,0.9378345420118421,
Shell_C_1000km,0.23947368421052628,6.157894736842105,baseline,1.0,1.0,1.0,True,2,2,0,False,no_complex_eigenvalues,nan,nan,nan,True,7.575757575757575,nan,-0.009000000000000001,-0.001,0.8906087919604033,
Shell_C_1000km,0.23947368421052628,8.736842105263158,baseline,1.0,1.0,1.0,False,2,1,0,False,no_branch,nan,nan,nan,False,nan,nan,nan,nan,0.9016095000552014,
Shell_C_1000km,0.23947368421052628,11.31578947368421,baseline,1.0,1.0,1.0,False,2,1,0,False,no_branch,nan,nan,nan,False,nan,nan,nan,nan,0.9603720409795642,
Shell_C_1000km,0.23947368421052628,13.894736842105264,baseline,1.0,1.0,1.0,False,2,1,0,False,no_branch,nan,nan,nan,False,nan,nan,nan,nan,0.8897604999947362,
Shell_C_1000km,0.23947368421052628,16.473684210526315,baseline,1.0,1.0,1.0,False,2,1,0,False,no_branch,nan,nan,nan,False,nan,nan,nan,nan,0.9062263329979032,
Shell_C_1000km,0.23947368421052628,19.05263157894737,baseline,1.0,1.0,1.0,False,2,1,0,False,no_branch,nan,nan,nan,False,nan,nan,nan,nan,0.8763972919550724,
Shell_C_1000km,0.23947368421052628,21.63157894736842,baseline,1.0,1.0,1.0,False,2,1,0,False,no_branch,nan,nan,nan,False,nan,nan,nan,nan,0.899508791975677,
Shell_C_1000km,0.23947368421052628,24.210526315789473,baseline,1.0,1.0,1.0,False,2,1,0,False,no_branch,nan,nan,nan,False,nan,nan,nan,nan,0.8965002499753609,
Shell_C_1000km,0.23947368421052628,26.789473684210527,baseline,1.0,1.0,1.0,False,2,1,0,False,no_branch,nan,nan,nan,False,nan,nan,nan,nan,0.9072100830380805,
Shell_C_1000km,0.23947368421052628,29.36842105263158,baseline,1.0,1.0,1.0,False,2,1,0,False,no_branch,nan,nan,nan,False,nan,nan,nan,nan,0.9227170000085607,
Shell_C_1000km,0.23947368421052628,31.94736842105263,baseline,1.0,1.0,1.0,False,2,1,0,False,no_branch,nan,nan,nan,False,nan,nan,nan,nan,0.9052895000204444,
Shell_C_1000km,0.23947368421052628,34.526315789473685,baseline,1.0,1.0,1.0,False,2,1,0,False,no_branch,nan,nan,nan,False,nan,nan,nan,nan,0.9210801250301301,
Shell_C_1000km,0.23947368421052628,37.10526315789474,baseline,1.0,1.0,1.0,False,2,1,0,False,no_branch,nan,nan,nan,False,nan,nan,nan,nan,0.9655068329884671,
Shell_C_1000km,0.23947368421052628,39.68421052631579,baseline,1.0,1.0,1.0,False,2,1,0,False,no_branch,nan,nan,nan,False,nan,nan,nan,nan,0.9774161669774912,
Shell_C_1000km,0.23947368421052628,42.26315789473684,baseline,1.0,1.0,1.0,False,2,1,0,False,no_branch,nan,nan,nan,False,nan,nan,nan,nan,0.9112038750317879,
Shell_C_1000km,0.23947368421052628,44.8421052631579,baseline,1.0,1.0,1.0,False,2,1,0,False,no_branch,nan,nan,nan,False,nan,nan,nan,nan,0.9201651249895804,
Shell_C_1000km,0.23947368421052628,47.421052631578945,baseline,1.0,1.0,1.0,False,2,1,0,False,no_branch,nan,nan,nan,False,nan,nan,nan,nan,0.9146915409946814,
Shell_C_1000km,0.23947368421052628,50.0,baseline,1.0,1.0,1.0,False,2,1,0,False,no_branch,nan,nan,nan,False,nan,nan,nan,nan,0.9123081249999814,
Shell_C_1000km,0.28684210526315784,1.0,baseline,1.0,1.0,1.0,True,2,7,1,False,complex_no_crossing,nan,nan,nan,True,32.82828282828282,-0.005381255910400793,-0.009000000000000001,-0.0009709522265033662,1.0845858329557814,
Shell_C_1000km,0.28684210526315784,3.5789473684210527,baseline,1.0,1.0,1.0,True,2,2,1,False,complex_no_crossing,nan,nan,nan,True,7.575757575757575,-0.005824565323542918,-0.009000000000000001,-0.001,0.9231186250108294,
Shell_C_1000km,0.28684210526315784,6.157894736842105,baseline,1.0,1.0,1.0,True,2,2,0,False,no_complex_eigenvalues,nan,nan,nan,True,7.575757575757575,nan,-0.009000000000000001,-0.001,0.9784059999510646,
Shell_C_1000km,0.28684210526315784,8.736842105263158,baseline,1.0,1.0,1.0,False,2,1,0,False,no_branch,nan,nan,nan,False,nan,nan,nan,nan,0.9035155000165105,
Shell_C_1000km,0.28684210526315784,11.31578947368421,baseline,1.0,1.0,1.0,False,2,1,0,False,no_branch,nan,nan,nan,False,nan,nan,nan,nan,0.9005229159956798,
Shell_C_1000km,0.28684210526315784,13.894736842105264,baseline,1.0,1.0,1.0,False,2,1,0,False,no_branch,nan,nan,nan,False,nan,nan,nan,nan,0.9006069999886677,
Shell_C_1000km,0.28684210526315784,16.473684210526315,baseline,1.0,1.0,1.0,False,2,1,0,False,no_branch,nan,nan,nan,False,nan,nan,nan,nan,0.8950536669581197,
Shell_C_1000km,0.28684210526315784,19.05263157894737,baseline,1.0,1.0,1.0,False,2,1,0,False,no_branch,nan,nan,nan,False,nan,nan,nan,nan,0.8843539170338772,
Shell_C_1000km,0.28684210526315784,21.63157894736842,baseline,1.0,1.0,1.0,False,2,1,0,False,no_branch,nan,nan,nan,False,nan,nan,nan,nan,0.9026179159991443,
Shell_C_1000km,0.28684210526315784,24.210526315789473,baseline,1.0,1.0,1.0,False,2,1,0,False,no_branch,nan,nan,nan,False,nan,nan,nan,nan,0.9166256659664214,
Shell_C_1000km,0.28684210526315784,26.789473684210527,baseline,1.0,1.0,1.0,False,2,1,0,False,no_branch,nan,nan,nan,False,nan,nan,nan,nan,0.9082255000248551,
Shell_C_1000km,0.28684210526315784,29.36842105263158,baseline,1.0,1.0,1.0,False,2,1,0,False,no_branch,nan,nan,nan,False,nan,nan,nan,nan,0.9255001249839552,
Shell_C_1000km,0.28684210526315784,31.94736842105263,baseline,1.0,1.0,1.0,False,2,1,0,False,no_branch,nan,nan,nan,False,nan,nan,nan,nan,0.9217628330225125,
Shell_C_1000km,0.28684210526315784,34.526315789473685,baseline,1.0,1.0,1.0,False,2,1,0,False,no_branch,nan,nan,nan,False,nan,nan,nan,nan,0.9122547500301152,
Shell_C_1000km,0.28684210526315784,37.10526315789474,baseline,1.0,1.0,1.0,False,2,1,0,False,no_branch,nan,nan,nan,False,nan,nan,nan,nan,0.9418032499961555,
Shell_C_1000km,0.28684210526315784,39.68421052631579,baseline,1.0,1.0,1.0,False,2,1,0,False,no_branch,nan,nan,nan,False,nan,nan,nan,nan,1.0740311249974184,
Shell_C_1000km,0.28684210526315784,42.26315789473684,baseline,1.0,1.0,1.0,False,2,1,0,False,no_branch,nan,nan,nan,False,nan,nan,nan,nan,0.9689553750213236,
Shell_C_1000km,0.28684210526315784,44.8421052631579,baseline,1.0,1.0,1.0,False,2,1,0,False,no_branch,nan,nan,nan,False,nan,nan,nan,nan,0.9886005410226062,
Shell_C_1000km,0.28684210526315784,47.421052631578945,baseline,1.0,1.0,1.0,False,2,1,0,False,no_branch,nan,nan,nan,False,nan,nan,nan,nan,0.9255305000115186,
Shell_C_1000km,0.28684210526315784,50.0,baseline,1.0,1.0,1.0,False,2,1,0,False,no_branch,nan,nan,nan,False,nan,nan,nan,nan,0.9268322080024518,
Shell_C_1000km,0.33421052631578946,1.0,baseline,1.0,1.0,1.0,True,2,7,1,False,complex_no_crossing,nan,nan,nan,True,32.82828282828282,-0.005417385465965745,-0.009000000000000001,-0.0009662736199676199,1.0771802919916809,
Shell_C_1000km,0.33421052631578946,3.5789473684210527,baseline,1.0,1.0,1.0,True,2,2,1,False,complex_no_crossing,nan,nan,nan,True,7.575757575757575,-0.005860578556021199,-0.009000000000000001,-0.001,0.9314935840084217,
Shell_C_1000km,0.33421052631578946,6.157894736842105,baseline,1.0,1.0,1.0,True,2,2,0,False,no_complex_eigenvalues,nan,nan,nan,True,7.575757575757575,nan,-0.009000000000000001,-0.001,0.9135348339914344,
Shell_C_1000km,0.33421052631578946,8.736842105263158,baseline,1.0,1.0,1.0,False,2,1,0,False,no_branch,nan,nan,nan,False,nan,nan,nan,nan,0.9158367079799064,
Shell_C_1000km,0.33421052631578946,11.31578947368421,baseline,1.0,1.0,1.0,False,2,1,0,False,no_branch,nan,nan,nan,False,nan,nan,nan,nan,0.9077945409808308,
Shell_C_1000km,0.33421052631578946,13.894736842105264,baseline,1.0,1.0,1.0,False,2,1,0,False,no_branch,nan,nan,nan,False,nan,nan,nan,nan,0.8864176250062883,
Shell_C_1000km,0.33421052631578946,16.473684210526315,baseline,1.0,1.0,1.0,False,2,1,0,False,no_branch,nan,nan,nan,False,nan,nan,nan,nan,0.913799833972007,
Shell_C_1000km,0.33421052631578946,19.05263157894737,baseline,1.0,1.0,1.0,False,2,1,0,False,no_branch,nan,nan,nan,False,nan,nan,nan,nan,0.9023941670311615,
Shell_C_1000km,0.33421052631578946,21.63157894736842,baseline,1.0,1.0,1.0,False,2,1,0,False,no_branch,nan,nan,nan,False,nan,nan,nan,nan,0.9258822079864331,
Shell_C_1000km,0.33421052631578946,24.210526315789473,baseline,1.0,1.0,1.0,False,2,1,0,False,no_branch,nan,nan,nan,False,nan,nan,nan,nan,0.9314550000126474,
Shell_C_1000km,0.33421052631578946,26.789473684210527,baseline,1.0,1.0,1.0,False,2,1,0,False,no_branch,nan,nan,nan,False,nan,nan,nan,nan,0.9197010839707218,
Shell_C_1000km,0.33421052631578946,29.36842105263158,baseline,1.0,1.0,1.0,False,2,1,0,False,no_branch,nan,nan,nan,False,nan,nan,nan,nan,0.9155612079775892,
Shell_C_1000km,0.33421052631578946,31.94736842105263,baseline,1.0,1.0,1.0,False,2,1,0,False,no_branch,nan,nan,nan,False,nan,nan,nan,nan,0.9275376250152476,
Shell_C_1000km,0.33421052631578946,34.526315789473685,baseline,1.0,1.0,1.0,False,2,1,0,False,no_branch,nan,nan,nan,False,nan,nan,nan,nan,0.9255284999962896,
Shell_C_1000km,0.33421052631578946,37.10526315789474,baseline,1.0,1.0,1.0,False,2,1,0,False,no_branch,nan,nan,nan,False,nan,nan,nan,nan,0.9193288749665953,
Shell_C_1000km,0.33421052631578946,39.68421052631579,baseline,1.0,1.0,1.0,False,2,1,0,False,no_branch,nan,nan,nan,False,nan,nan,nan,nan,0.9169924589805305,
Shell_C_1000km,0.33421052631578946,42.26315789473684,baseline,1.0,1.0,1.0,False,2,1,0,False,no_branch,nan,nan,nan,False,nan,nan,nan,nan,0.9901176249841228,
Shell_C_1000km,0.33421052631578946,44.8421052631579,baseline,1.0,1.0,1.0,False,2,1,0,False,no_branch,nan,nan,nan,False,nan,nan,nan,nan,0.9222882089670748,
Shell_C_1000km,0.33421052631578946,47.421052631578945,baseline,1.0,1.0,1.0,False,2,1,0,False,no_branch,nan,nan,nan,False,nan,nan,nan,nan,0.9379970839945599,
Shell_C_1000km,0.33421052631578946,50.0,baseline,1.0,1.0,1.0,False,2,1,0,False,no_branch,nan,nan,nan,False,nan,nan,nan,nan,0.915985916974023,
Shell_C_1000km,0.381578947368421,1.0,baseline,1.0,1.0,1.0,True,2,7,1,False,complex_no_crossing,nan,nan,nan,True,32.82828282828282,-0.005453186649146986,-0.009000000000000001,-0.0009615679172176462,1.086013833002653,
Shell_C_1000km,0.381578947368421,3.5789473684210527,baseline,1.0,1.0,1.0,True,2,2,1,False,complex_no_crossing,nan,nan,nan,True,7.575757575757575,-0.005896300660373889,-0.009000000000000001,-0.001,0.9345481669879518,
Shell_C_1000km,0.381578947368421,6.157894736842105,baseline,1.0,1.0,1.0,True,2,2,0,False,no_complex_eigenvalues,nan,nan,nan,True,7.575757575757575,nan,-0.009000000000000001,-0.001,0.9098018750082701,
Shell_C_1000km,0.381578947368421,8.736842105263158,baseline,1.0,1.0,1.0,False,2,1,0,False,no_branch,nan,nan,nan,False,nan,nan,nan,nan,0.9203154589631595,
Shell_C_1000km,0.381578947368421,11.31578947368421,baseline,1.0,1.0,1.0,False,2,1,0,False,no_branch,nan,nan,nan,False,nan,nan,nan,nan,0.9133773749927059,
Shell_C_1000km,0.381578947368421,13.894736842105264,baseline,1.0,1.0,1.0,False,2,1,0,False,no_branch,nan,nan,nan,False,nan,nan,nan,nan,0.9048880420159549,
Shell_C_1000km,0.381578947368421,16.473684210526315,baseline,1.0,1.0,1.0,False,2,1,0,False,no_branch,nan,nan,nan,False,nan,nan,nan,nan,0.9155345410108566,
Shell_C_1000km,0.381578947368421,19.05263157894737,baseline,1.0,1.0,1.0,False,2,1,0,False,no_branch,nan,nan,nan,False,nan,nan,nan,nan,0.9055689580272883,
Shell_C_1000km,0.381578947368421,21.63157894736842,baseline,1.0,1.0,1.0,False,2,1,0,False,no_branch,nan,nan,nan,False,nan,nan,nan,nan,0.8977181669906713,
Shell_C_1000km,0.381578947368421,24.210526315789473,baseline,1.0,1.0,1.0,False,2,1,0,False,no_branch,nan,nan,nan,False,nan,nan,nan,nan,0.9313115410041064,
Shell_C_1000km,0.381578947368421,26.789473684210527,baseline,1.0,1.0,1.0,False,2,1,0,False,no_branch,nan,nan,nan,False,nan,nan,nan,nan,0.9157735829940066,
Shell_C_1000km,0.381578947368421,29.36842105263158,baseline,1.0,1.0,1.0,False,2,1,0,False,no_branch,nan,nan,nan,False,nan,nan,nan,nan,0.9290767079801299,
Shell_C_1000km,0.381578947368421,31.94736842105263,baseline,1.0,1.0,1.0,False,2,1,0,False,no_branch,nan,nan,nan,False,nan,nan,nan,nan,0.9431217079982162,
Shell_C_1000km,0.381578947368421,34.526315789473685,baseline,1.0,1.0,1.0,False,2,1,0,False,no_branch,nan,nan,nan,False,nan,nan,nan,nan,0.9597831249702722,
Shell_C_1000km,0.381578947368421,37.10526315789474,baseline,1.0,1.0,1.0,False,2,1,0,False,no_branch,nan,nan,nan,False,nan,nan,nan,nan,0.9268128749681637,
Shell_C_1000km,0.381578947368421,39.68421052631579,baseline,1.0,1.0,1.0,False,2,1,0,False,no_branch,nan,nan,nan,False,nan,nan,nan,nan,0.9787748330272734,
Shell_C_1000km,0.381578947368421,42.26315789473684,baseline,1.0,1.0,1.0,False,2,1,0,False,no_branch,nan,nan,nan,False,nan,nan,nan,nan,0.9204435409628786,
Shell_C_1000km,0.381578947368421,44.8421052631579,baseline,1.0,1.0,1.0,False,2,1,0,False,no_branch,nan,nan,nan,False,nan,nan,nan,nan,0.9189602910191752,
Shell_C_1000km,0.381578947368421,47.421052631578945,baseline,1.0,1.0,1.0,False,2,1,0,False,no_branch,nan,nan,nan,False,nan,nan,nan,nan,0.920481542008929,
Shell_C_1000km,0.381578947368421,50.0,baseline,1.0,1.0,1.0,False,2,1,0,False,no_branch,nan,nan,nan,False,nan,nan,nan,nan,0.9457617500447668,
Shell_C_1000km,0.4289473684210526,1.0,baseline,1.0,1.0,1.0,True,2,7,1,False,complex_no_crossing,nan,nan,nan,True,32.82828282828282,-0.005488666696355202,-0.009000000000000001,-0.0009568347639476629,1.0794442080077715,
Shell_C_1000km,0.4289473684210526,3.5789473684210527,baseline,1.0,1.0,1.0,True,2,2,1,False,complex_no_crossing,nan,nan,nan,True,7.575757575757575,-0.005931737898666604,-0.009000000000000001,-0.001,0.9248328750254586,
Shell_C_1000km,0.4289473684210526,6.157894736842105,baseline,1.0,1.0,1.0,True,2,2,0,False,no_complex_eigenvalues,nan,nan,nan,True,7.575757575757575,nan,-0.009000000000000001,-0.001,0.9019977500429377,
Shell_C_1000km,0.4289473684210526,8.736842105263158,baseline,1.0,1.0,1.0,False,2,1,0,False,no_branch,nan,nan,nan,False,nan,nan,nan,nan,0.9206287920242175,
Shell_C_1000km,0.4289473684210526,11.31578947368421,baseline,1.0,1.0,1.0,False,2,1,0,False,no_branch,nan,nan,nan,False,nan,nan,nan,nan,0.9642830000375398,
Shell_C_1000km,0.4289473684210526,13.894736842105264,baseline,1.0,1.0,1.0,False,2,1,0,False,no_branch,nan,nan,nan,False,nan,nan,nan,nan,0.8940975830191746,
Shell_C_1000km,0.4289473684210526,16.473684210526315,baseline,1.0,1.0,1.0,False,2,1,0,False,no_branch,nan,nan,nan,False,nan,nan,nan,nan,0.9194627499673516,
Shell_C_1000km,0.4289473684210526,19.05263157894737,baseline,1.0,1.0,1.0,False,2,1,0,False,no_branch,nan,nan,nan,False,nan,nan,nan,nan,0.8813845419790596,
Shell_C_1000km,0.4289473684210526,21.63157894736842,baseline,1.0,1.0,1.0,False,2,1,0,False,no_branch,nan,nan,nan,False,nan,nan,nan,nan,0.8967056659748778,
Shell_C_1000km,0.4289473684210526,24.210526315789473,baseline,1.0,1.0,1.0,False,2,1,0,False,no_branch,nan,nan,nan,False,nan,nan,nan,nan,0.9161927090026438,
Shell_C_1000km,0.4289473684210526,26.789473684210527,baseline,1.0,1.0,1.0,False,2,1,0,False,no_branch,nan,nan,nan,False,nan,nan,nan,nan,0.9032632500166073,
Shell_C_1000km,0.4289473684210526,29.36842105263158,baseline,1.0,1.0,1.0,False,2,1,0,False,no_branch,nan,nan,nan,False,nan,nan,nan,nan,0.9141307499958202,
Shell_C_1000km,0.4289473684210526,31.94736842105263,baseline,1.0,1.0,1.0,False,2,1,0,False,no_branch,nan,nan,nan,False,nan,nan,nan,nan,0.9931553750066087,
Shell_C_1000km,0.4289473684210526,34.526315789473685,baseline,1.0,1.0,1.0,False,2,1,0,False,no_branch,nan,nan,nan,False,nan,nan,nan,nan,0.9210903329658322,
Shell_C_1000km,0.4289473684210526,37.10526315789474,baseline,1.0,1.0,1.0,False,2,1,0,False,no_branch,nan,nan,nan,False,nan,nan,nan,nan,0.9114161669858731,
Shell_C_1000km,0.4289473684210526,39.68421052631579,baseline,1.0,1.0,1.0,False,2,1,0,False,no_branch,nan,nan,nan,False,nan,nan,nan,nan,0.9082947080023587,
Shell_C_1000km,0.4289473684210526,42.26315789473684,baseline,1.0,1.0,1.0,False,2,1,0,False,no_branch,nan,nan,nan,False,nan,nan,nan,nan,0.9031767919659615,
Shell_C_1000km,0.4289473684210526,44.8421052631579,baseline,1.0,1.0,1.0,False,2,1,0,False,no_branch,nan,nan,nan,False,nan,nan,nan,nan,0.9035522919730283,
Shell_C_1000km,0.4289473684210526,47.421052631578945,baseline,1.0,1.0,1.0,False,2,1,0,False,no_branch,nan,nan,nan,False,nan,nan,nan,nan,0.9251335420412943,
Shell_C_1000km,0.4289473684210526,50.0,baseline,1.0,1.0,1.0,False,2,1,0,False,no_branch,nan,nan,nan,False,nan,nan,nan,nan,0.9230352499871515,
Shell_C_1000km,0.47631578947368414,1.0,baseline,1.0,1.0,1.0,True,2,7,1,False,complex_no_crossing,nan,nan,nan,True,32.82828282828282,-0.005523832593452586,-0.009000000000000001,-0.0009520737962747611,1.0697124160360545,
Shell_C_1000km,0.47631578947368414,3.5789473684210527,baseline,1.0,1.0,1.0,True,2,2,1,False,complex_no_crossing,nan,nan,nan,True,7.575757575757575,-0.005966896327259613,-0.009000000000000001,-0.001,0.9163772080210038,
Shell_C_1000km,0.47631578947368414,6.157894736842105,baseline,1.0,1.0,1.0,True,2,2,0,False,no_complex_eigenvalues,nan,nan,nan,True,7.575757575757575,nan,-0.009000000000000001,-0.001,0.9022761670057662,
Shell_C_1000km,0.47631578947368414,8.736842105263158,baseline,1.0,1.0,1.0,False,2,1,0,False,no_branch,nan,nan,nan,False,nan,nan,nan,nan,0.9030422079958953,
Shell_C_1000km,0.47631578947368414,11.31578947368421,baseline,1.0,1.0,1.0,False,2,1,0,False,no_branch,nan,nan,nan,False,nan,nan,nan,nan,0.9039043340017088,
Shell_C_1000km,0.47631578947368414,13.894736842105264,baseline,1.0,1.0,1.0,False,2,1,0,False,no_branch,nan,nan,nan,False,nan,nan,nan,nan,0.9004202919895761,
Shell_C_1000km,0.47631578947368414,16.473684210526315,baseline,1.0,1.0,1.0,False,2,1,0,False,no_branch,nan,nan,nan,False,nan,nan,nan,nan,0.9014672079938464,
Shell_C_1000km,0.47631578947368414,19.05263157894737,baseline,1.0,1.0,1.0,False,2,1,0,False,no_branch,nan,nan,nan,False,nan,nan,nan,nan,0.8925647500436753,
Shell_C_1000km,0.47631578947368414,21.63157894736842,baseline,1.0,1.0,1.0,False,2,1,0,False,no_branch,nan,nan,nan,False,nan,nan,nan,nan,0.8904099999926984,
Shell_C_1000km,0.47631578947368414,24.210526315789473,baseline,1.0,1.0,1.0,False,2,1,0,False,no_branch,nan,nan,nan,False,nan,nan,nan,nan,0.9217019999632612,
Shell_C_1000km,0.47631578947368414,26.789473684210527,baseline,1.0,1.0,1.0,False,2,1,0,False,no_branch,nan,nan,nan,False,nan,nan,nan,nan,0.9094466660171747,
Shell_C_1000km,0.47631578947368414,29.36842105263158,baseline,1.0,1.0,1.0,False,2,1,0,False,no_branch,nan,nan,nan,False,nan,nan,nan,nan,0.9041704579722136,
Shell_C_1000km,0.47631578947368414,31.94736842105263,baseline,1.0,1.0,1.0,False,2,1,0,False,no_branch,nan,nan,nan,False,nan,nan,nan,nan,1.0110092909890227,
Shell_C_1000km,0.47631578947368414,34.526315789473685,baseline,1.0,1.0,1.0,False,2,1,0,False,no_branch,nan,nan,nan,False,nan,nan,nan,nan,0.9335420000134036,
Shell_C_1000km,0.47631578947368414,37.10526315789474,baseline,1.0,1.0,1.0,False,2,1,0,False,no_branch,nan,nan,nan,False,nan,nan,nan,nan,0.9222919580060989,
Shell_C_1000km,0.47631578947368414,39.68421052631579,baseline,1.0,1.0,1.0,False,2,1,0,False,no_branch,nan,nan,nan,False,nan,nan,nan,nan,0.9279207920189947,
Shell_C_1000km,0.47631578947368414,42.26315789473684,baseline,1.0,1.0,1.0,False,2,1,0,False,no_branch,nan,nan,nan,False,nan,nan,nan,nan,0.9134123749681748,
Shell_C_1000km,0.47631578947368414,44.8421052631579,baseline,1.0,1.0,1.0,False,2,1,0,False,no_branch,nan,nan,nan,False,nan,nan,nan,nan,0.9157557080034167,
Shell_C_1000km,0.47631578947368414,47.421052631578945,baseline,1.0,1.0,1.0,False,2,1,0,False,no_branch,nan,nan,nan,False,nan,nan,nan,nan,0.920438208966516,
Shell_C_1000km,0.47631578947368414,50.0,baseline,1.0,1.0,1.0,False,2,1,0,False,no_branch,nan,nan,nan,False,nan,nan,nan,nan,0.9429622499737889,
Shell_C_1000km,0.5236842105263158,1.0,baseline,1.0,1.0,1.0,True,2,7,1,False,complex_no_crossing,nan,nan,nan,True,32.82828282828282,-0.005558691087533085,-0.009000000000000001,-0.0009472846403980027,1.0607899579918012,
Shell_C_1000km,0.5236842105263158,3.5789473684210527,baseline,1.0,1.0,1.0,True,2,2,1,False,complex_no_crossing,nan,nan,nan,True,7.575757575757575,-0.006001781806003935,-0.009000000000000001,-0.001,0.9278705829638056,
Shell_C_1000km,0.5236842105263158,6.157894736842105,baseline,1.0,1.0,1.0,True,2,2,0,False,no_complex_eigenvalues,nan,nan,nan,True,7.575757575757575,nan,-0.009000000000000001,-0.001,0.9044257079949602,
Shell_C_1000km,0.5236842105263158,8.736842105263158,baseline,1.0,1.0,1.0,False,2,1,0,False,no_branch,nan,nan,nan,False,nan,nan,nan,nan,0.911902874999214,
Shell_C_1000km,0.5236842105263158,11.31578947368421,baseline,1.0,1.0,1.0,False,2,1,0,False,no_branch,nan,nan,nan,False,nan,nan,nan,nan,0.9094862079946324,
Shell_C_1000km,0.5236842105263158,13.894736842105264,baseline,1.0,1.0,1.0,False,2,1,0,False,no_branch,nan,nan,nan,False,nan,nan,nan,nan,0.8897442080196925,
Shell_C_1000km,0.5236842105263158,16.473684210526315,baseline,1.0,1.0,1.0,False,2,1,0,False,no_branch,nan,nan,nan,False,nan,nan,nan,nan,0.9191808329778723,
Shell_C_1000km,0.5236842105263158,19.05263157894737,baseline,1.0,1.0,1.0,False,2,1,0,False,no_branch,nan,nan,nan,False,nan,nan,nan,nan,0.9054788339999504,
Shell_C_1000km,0.5236842105263158,21.63157894736842,baseline,1.0,1.0,1.0,False,2,1,0,False,no_branch,nan,nan,nan,False,nan,nan,nan,nan,0.8957547500031069,
Shell_C_1000km,0.5236842105263158,24.210526315789473,baseline,1.0,1.0,1.0,False,2,1,0,False,no_branch,nan,nan,nan,False,nan,nan,nan,nan,0.9125994999776594,
Shell_C_1000km,0.5236842105263158,26.789473684210527,baseline,1.0,1.0,1.0,False,2,1,0,False,no_branch,nan,nan,nan,False,nan,nan,nan,nan,0.8978500409866683,
Shell_C_1000km,0.5236842105263158,29.36842105263158,baseline,1.0,1.0,1.0,False,2,1,0,False,no_branch,nan,nan,nan,False,nan,nan,nan,nan,0.9906165840220638,
Shell_C_1000km,0.5236842105263158,31.94736842105263,baseline,1.0,1.0,1.0,False,2,1,0,False,no_branch,nan,nan,nan,False,nan,nan,nan,nan,0.9258794590132311,
Shell_C_1000km,0.5236842105263158,34.526315789473685,baseline,1.0,1.0,1.0,False,2,1,0,False,no_branch,nan,nan,nan,False,nan,nan,nan,nan,0.9377789999707602,
Shell_C_1000km,0.5236842105263158,37.10526315789474,baseline,1.0,1.0,1.0,False,2,1,0,False,no_branch,nan,nan,nan,False,nan,nan,nan,nan,0.9107479999656789,
Shell_C_1000km,0.5236842105263158,39.68421052631579,baseline,1.0,1.0,1.0,False,2,1,0,False,no_branch,nan,nan,nan,False,nan,nan,nan,nan,0.9186871669953689,
Shell_C_1000km,0.5236842105263158,42.26315789473684,baseline,1.0,1.0,1.0,False,2,1,0,False,no_branch,nan,nan,nan,False,nan,nan,nan,nan,0.9076997080119327,
Shell_C_1000km,0.5236842105263158,44.8421052631579,baseline,1.0,1.0,1.0,False,2,1,0,False,no_branch,nan,nan,nan,False,nan,nan,nan,nan,0.9102465000469238,
Shell_C_1000km,0.5236842105263158,47.421052631578945,baseline,1.0,1.0,1.0,False,2,1,0,False,no_branch,nan,nan,nan,False,nan,nan,nan,nan,0.91541616700124,
Shell_C_1000km,0.5236842105263158,50.0,baseline,1.0,1.0,1.0,False,2,1,0,False,no_branch,nan,nan,nan,False,nan,nan,nan,nan,1.0661702090292238,
Shell_C_1000km,0.5710526315789474,1.0,baseline,1.0,1.0,1.0,True,2,7,1,False,complex_no_crossing,nan,nan,nan,True,32.82828282828282,-0.005593248698000916,-0.009000000000000001,-0.000942466912241497,1.085783583985176,
Shell_C_1000km,0.5710526315789474,3.5789473684210527,baseline,1.0,1.0,1.0,True,2,2,1,False,complex_no_crossing,nan,nan,nan,True,7.575757575757575,-0.006036400006920366,-0.009000000000000001,-0.001,0.9233274589641951,
Shell_C_1000km,0.5710526315789474,6.157894736842105,baseline,1.0,1.0,1.0,True,2,2,0,False,no_complex_eigenvalues,nan,nan,nan,True,7.575757575757575,nan,-0.009000000000000001,-0.0009814122187525053,0.908359874971211,
Shell_C_1000km,0.5710526315789474,8.736842105263158,baseline,1.0,1.0,1.0,False,2,1,0,False,no_branch,nan,nan,nan,False,nan,nan,nan,nan,0.9236419170047157,
Shell_C_1000km,0.5710526315789474,11.31578947368421,baseline,1.0,1.0,1.0,False,2,1,0,False,no_branch,nan,nan,nan,False,nan,nan,nan,nan,0.9010957079590298,
Shell_C_1000km,0.5710526315789474,13.894736842105264,baseline,1.0,1.0,1.0,False,2,1,0,False,no_branch,nan,nan,nan,False,nan,nan,nan,nan,0.9023142080404796,
Shell_C_1000km,0.5710526315789474,16.473684210526315,baseline,1.0,1.0,1.0,False,2,1,0,False,no_branch,nan,nan,nan,False,nan,nan,nan,nan,1.0123856669524685,
Shell_C_1000km,0.5710526315789474,19.05263157894737,baseline,1.0,1.0,1.0,False,2,1,0,False,no_branch,nan,nan,nan,False,nan,nan,nan,nan,0.9069782079895958,
Shell_C_1000km,0.5710526315789474,21.63157894736842,baseline,1.0,1.0,1.0,False,2,1,0,False,no_branch,nan,nan,nan,False,nan,nan,nan,nan,0.9521499160327949,
Shell_C_1000km,0.5710526315789474,24.210526315789473,baseline,1.0,1.0,1.0,False,2,1,0,False,no_branch,nan,nan,nan,False,nan,nan,nan,nan,1.0260011249920353,
Shell_C_1000km,0.5710526315789474,26.789473684210527,baseline,1.0,1.0,1.0,False,2,1,0,False,no_branch,nan,nan,nan,False,nan,nan,nan,nan,0.9144203329924494,
Shell_C_1000km,0.5710526315789474,29.36842105263158,baseline,1.0,1.0,1.0,False,2,1,0,False,no_branch,nan,nan,nan,False,nan,nan,nan,nan,0.9207740830024704,
Shell_C_1000km,0.5710526315789474,31.94736842105263,baseline,1.0,1.0,1.0,False,2,1,0,False,no_branch,nan,nan,nan,False,nan,nan,nan,nan,0.9288947500172071,
Shell_C_1000km,0.5710526315789474,34.526315789473685,baseline,1.0,1.0,1.0,False,2,1,0,False,no_branch,nan,nan,nan,False,nan,nan,nan,nan,0.9310632499982603,
Shell_C_1000km,0.5710526315789474,37.10526315789474,baseline,1.0,1.0,1.0,False,2,1,0,False,no_branch,nan,nan,nan,False,nan,nan,nan,nan,0.9251277919975109,
Shell_C_1000km,0.5710526315789474,39.68421052631579,baseline,1.0,1.0,1.0,False,2,1,0,False,no_branch,nan,nan,nan,False,nan,nan,nan,nan,0.9212330000009388,
Shell_C_1000km,0.5710526315789474,42.26315789473684,baseline,1.0,1.0,1.0,False,2,1,0,False,no_branch,nan,nan,nan,False,nan,nan,nan,nan,0.9094475419842638,
Shell_C_1000km,0.5710526315789474,44.8421052631579,baseline,1.0,1.0,1.0,False,2,1,0,False,no_branch,nan,nan,nan,False,nan,nan,nan,nan,0.9186656249803491,
Shell_C_1000km,0.5710526315789474,47.421052631578945,baseline,1.0,1.0,1.0,False,2,1,0,False,no_branch,nan,nan,nan,False,nan,nan,nan,nan,0.9200848329928704,
Shell_C_1000km,0.5710526315789474,50.0,baseline,1.0,1.0,1.0,False,2,1,0,False,no_branch,nan,nan,nan,False,nan,nan,nan,nan,0.9330265420139767,
Shell_C_1000km,0.618421052631579,1.0,baseline,1.0,1.0,1.0,True,2,7,1,False,complex_no_crossing,nan,nan,nan,True,32.82828282828282,-0.00562751172700834,-0.009000000000000001,-0.0009376202170804259,1.070890250033699,
Shell_C_1000km,0.618421052631579,3.5789473684210527,baseline,1.0,1.0,1.0,True,2,2,1,False,complex_no_crossing,nan,nan,nan,True,7.575757575757575,-0.006070756422396151,-0.009000000000000001,-0.001,0.9283529160311446,
Shell_C_1000km,0.618421052631579,6.157894736842105,baseline,1.0,1.0,1.0,True,2,2,0,False,no_complex_eigenvalues,nan,nan,nan,True,7.575757575757575,nan,-0.009000000000000001,-0.0009440117300987149,0.9052524999715388,
Shell_C_1000km,0.618421052631579,8.736842105263158,baseline,1.0,1.0,1.0,False,2,1,0,False,no_branch,nan,nan,nan,False,nan,nan,nan,nan,0.9144772909930907,
Shell_C_1000km,0.618421052631579,11.31578947368421,baseline,1.0,1.0,1.0,False,2,1,0,False,no_branch,nan,nan,nan,False,nan,nan,nan,nan,0.9135882920236327,
Shell_C_1000km,0.618421052631579,13.894736842105264,baseline,1.0,1.0,1.0,False,2,1,0,False,no_branch,nan,nan,nan,False,nan,nan,nan,nan,0.9050136659643613,
Shell_C_1000km,0.618421052631579,16.473684210526315,baseline,1.0,1.0,1.0,False,2,1,0,False,no_branch,nan,nan,nan,False,nan,nan,nan,nan,0.9043935830122791,
Shell_C_1000km,0.618421052631579,19.05263157894737,baseline,1.0,1.0,1.0,False,2,1,0,False,no_branch,nan,nan,nan,False,nan,nan,nan,nan,0.9123526670155115,
Shell_C_1000km,0.618421052631579,21.63157894736842,baseline,1.0,1.0,1.0,False,2,1,0,False,no_branch,nan,nan,nan,False,nan,nan,nan,nan,0.9751355420448817,
Shell_C_1000km,0.618421052631579,24.210526315789473,baseline,1.0,1.0,1.0,False,2,1,0,False,no_branch,nan,nan,nan,False,nan,nan,nan,nan,0.8996942499652505,
Shell_C_1000km,0.618421052631579,26.789473684210527,baseline,1.0,1.0,1.0,False,2,1,0,False,no_branch,nan,nan,nan,False,nan,nan,nan,nan,0.9202762090135366,
Shell_C_1000km,0.618421052631579,29.36842105263158,baseline,1.0,1.0,1.0,False,2,1,0,False,no_branch,nan,nan,nan,False,nan,nan,nan,nan,0.9410727079957724,
Shell_C_1000km,0.618421052631579,31.94736842105263,baseline,1.0,1.0,1.0,False,2,1,0,False,no_branch,nan,nan,nan,False,nan,nan,nan,nan,0.9138762499787845,
Shell_C_1000km,0.618421052631579,34.526315789473685,baseline,1.0,1.0,1.0,False,2,1,0,False,no_branch,nan,nan,nan,False,nan,nan,nan,nan,0.944537625007797,
Shell_C_1000km,0.618421052631579,37.10526315789474,baseline,1.0,1.0,1.0,False,2,1,0,False,no_branch,nan,nan,nan,False,nan,nan,nan,nan,0.9226157499942929,
Shell_C_1000km,0.618421052631579,39.68421052631579,baseline,1.0,1.0,1.0,False,2,1,0,False,no_branch,nan,nan,nan,False,nan,nan,nan,nan,0.9202942919800989,
Shell_C_1000km,0.618421052631579,42.26315789473684,baseline,1.0,1.0,1.0,False,2,1,0,False,no_branch,nan,nan,nan,False,nan,nan,nan,nan,0.9188014999963343,
Shell_C_1000km,0.618421052631579,44.8421052631579,baseline,1.0,1.0,1.0,False,2,1,0,False,no_branch,nan,nan,nan,False,nan,nan,nan,nan,0.9074908749898896,
Shell_C_1000km,0.618421052631579,47.421052631578945,baseline,1.0,1.0,1.0,False,2,1,0,False,no_branch,nan,nan,nan,False,nan,nan,nan,nan,0.9288119580014609,
Shell_C_1000km,0.618421052631579,50.0,baseline,1.0,1.0,1.0,False,2,1,0,False,no_branch,nan,nan,nan,False,nan,nan,nan,nan,0.9209471669746563,
Shell_C_1000km,0.6657894736842105,1.0,baseline,1.0,1.0,1.0,True,2,7,1,False,complex_no_crossing,nan,nan,nan,True,32.82828282828282,-0.005661486269290706,-0.009000000000000001,-0.0009327441491489374,1.0728544580051675,
Shell_C_1000km,0.6657894736842105,3.5789473684210527,baseline,1.0,1.0,1.0,True,2,2,1,False,complex_no_crossing,nan,nan,nan,True,7.575757575757575,-0.006104856372931512,-0.009000000000000001,-0.001,0.9278019999619573,
Shell_C_1000km,0.6657894736842105,6.157894736842105,baseline,1.0,1.0,1.0,True,2,2,0,False,no_complex_eigenvalues,nan,nan,nan,True,7.575757575757575,nan,-0.009000000000000001,-0.0009053927289064384,0.8987548330333084,
Shell_C_1000km,0.6657894736842105,8.736842105263158,baseline,1.0,1.0,1.0,False,2,1,0,False,no_branch,nan,nan,nan,False,nan,nan,nan,nan,0.9208201250294223,
Shell_C_1000km,0.6657894736842105,11.31578947368421,baseline,1.0,1.0,1.0,False,2,1,0,False,no_branch,nan,nan,nan,False,nan,nan,nan,nan,0.9143733750097454,
Shell_C_1000km,0.6657894736842105,13.894736842105264,baseline,1.0,1.0,1.0,False,2,1,0,False,no_branch,nan,nan,nan,False,nan,nan,nan,nan,0.9107118750107475,
Shell_C_1000km,0.6657894736842105,16.473684210526315,baseline,1.0,1.0,1.0,False,2,1,0,False,no_branch,nan,nan,nan,False,nan,nan,nan,nan,0.9076222910080105,
Shell_C_1000km,0.6657894736842105,19.05263157894737,baseline,1.0,1.0,1.0,False,2,1,0,False,no_branch,nan,nan,nan,False,nan,nan,nan,nan,0.9824962500133552,
Shell_C_1000km,0.6657894736842105,21.63157894736842,baseline,1.0,1.0,1.0,False,2,1,0,False,no_branch,nan,nan,nan,False,nan,nan,nan,nan,0.8941461249487475,
Shell_C_1000km,0.6657894736842105,24.210526315789473,baseline,1.0,1.0,1.0,False,2,1,0,False,no_branch,nan,nan,nan,False,nan,nan,nan,nan,0.9812772090081125,
Shell_C_1000km,0.6657894736842105,26.789473684210527,baseline,1.0,1.0,1.0,False,2,1,0,False,no_branch,nan,nan,nan,False,nan,nan,nan,nan,0.9399926660116762,
Shell_C_1000km,0.6657894736842105,29.36842105263158,baseline,1.0,1.0,1.0,False,2,1,0,False,no_branch,nan,nan,nan,False,nan,nan,nan,nan,0.9231000419822522,
Shell_C_1000km,0.6657894736842105,31.94736842105263,baseline,1.0,1.0,1.0,False,2,1,0,False,no_branch,nan,nan,nan,False,nan,nan,nan,nan,0.9386970000341535,
Shell_C_1000km,0.6657894736842105,34.526315789473685,baseline,1.0,1.0,1.0,False,2,1,0,False,no_branch,nan,nan,nan,False,nan,nan,nan,nan,0.9401512080221437,
Shell_C_1000km,0.6657894736842105,37.10526315789474,baseline,1.0,1.0,1.0,False,2,1,0,False,no_branch,nan,nan,nan,False,nan,nan,nan,nan,0.9346033329493366,
Shell_C_1000km,0.6657894736842105,39.68421052631579,baseline,1.0,1.0,1.0,False,2,1,0,False,no_branch,nan,nan,nan,False,nan,nan,nan,nan,0.93444737495156,
Shell_C_1000km,0.6657894736842105,42.26315789473684,baseline,1.0,1.0,1.0,False,2,1,0,False,no_branch,nan,nan,nan,False,nan,nan,nan,nan,0.9071769579895772,
Shell_C_1000km,0.6657894736842105,44.8421052631579,baseline,1.0,1.0,1.0,False,2,1,0,False,no_branch,nan,nan,nan,False,nan,nan,nan,nan,0.9254542500129901,
Shell_C_1000km,0.6657894736842105,47.421052631578945,baseline,1.0,1.0,1.0,False,2,1,0,False,no_branch,nan,nan,nan,False,nan,nan,nan,nan,1.1043544160202146,
Shell_C_1000km,0.6657894736842105,50.0,baseline,1.0,1.0,1.0,False,2,1,0,False,no_branch,nan,nan,nan,False,nan,nan,nan,nan,0.9231287500006147,
Shell_C_1000km,0.7131578947368421,1.0,baseline,1.0,1.0,1.0,True,2,7,1,False,complex_no_crossing,nan,nan,nan,True,32.82828282828282,-0.00569517822144241,-0.009000000000000001,-0.0009278382912292091,1.0753311659791507,
Shell_C_1000km,0.7131578947368421,3.5789473684210527,baseline,1.0,1.0,1.0,True,2,2,1,False,complex_no_crossing,nan,nan,nan,True,7.575757575757575,-0.006138705014465809,-0.009000000000000001,-0.001,0.9360007499926724,
Shell_C_1000km,0.7131578947368421,6.157894736842105,baseline,1.0,1.0,1.0,True,2,2,0,False,no_complex_eigenvalues,nan,nan,nan,True,7.575757575757575,nan,-0.009000000000000001,-0.0008653899442655016,0.9071217079763301,
Shell_C_1000km,0.7131578947368421,8.736842105263158,baseline,1.0,1.0,1.0,False,2,1,0,False,no_branch,nan,nan,nan,False,nan,nan,nan,nan,0.9158190829912201,
Shell_C_1000km,0.7131578947368421,11.31578947368421,baseline,1.0,1.0,1.0,False,2,1,0,False,no_branch,nan,nan,nan,False,nan,nan,nan,nan,0.9208985409932211,
Shell_C_1000km,0.7131578947368421,13.894736842105264,baseline,1.0,1.0,1.0,False,2,1,0,False,no_branch,nan,nan,nan,False,nan,nan,nan,nan,0.9644365420099348,
Shell_C_1000km,0.7131578947368421,16.473684210526315,baseline,1.0,1.0,1.0,False,2,1,0,False,no_branch,nan,nan,nan,False,nan,nan,nan,nan,0.9124090839759447,
Shell_C_1000km,0.7131578947368421,19.05263157894737,baseline,1.0,1.0,1.0,False,2,1,0,False,no_branch,nan,nan,nan,False,nan,nan,nan,nan,0.9165941249812022,
Shell_C_1000km,0.7131578947368421,21.63157894736842,baseline,1.0,1.0,1.0,False,2,1,0,False,no_branch,nan,nan,nan,False,nan,nan,nan,nan,0.9010145419742912,
Shell_C_1000km,0.7131578947368421,24.210526315789473,baseline,1.0,1.0,1.0,False,2,1,0,False,no_branch,nan,nan,nan,False,nan,nan,nan,nan,0.9224120000144467,
Shell_C_1000km,0.7131578947368421,26.789473684210527,baseline,1.0,1.0,1.0,False,2,1,0,False,no_branch,nan,nan,nan,False,nan,nan,nan,nan,0.9234126249793917,
Shell_C_1000km,0.7131578947368421,29.36842105263158,baseline,1.0,1.0,1.0,False,2,1,0,False,no_branch,nan,nan,nan,False,nan,nan,nan,nan,0.9843696670141071,
Shell_C_1000km,0.7131578947368421,31.94736842105263,baseline,1.0,1.0,1.0,False,2,1,0,False,no_branch,nan,nan,nan,False,nan,nan,nan,nan,0.9245959169929847,
Shell_C_1000km,0.7131578947368421,34.526315789473685,baseline,1.0,1.0,1.0,False,2,1,0,False,no_branch,nan,nan,nan,False,nan,nan,nan,nan,0.9371313329902478,
Shell_C_1000km,0.7131578947368421,37.10526315789474,baseline,1.0,1.0,1.0,False,2,1,0,False,no_branch,nan,nan,nan,False,nan,nan,nan,nan,0.9327711249934509,
Shell_C_1000km,0.7131578947368421,39.68421052631579,baseline,1.0,1.0,1.0,False,2,1,0,False,no_branch,nan,nan,nan,False,nan,nan,nan,nan,0.9206145839998499,
Shell_C_1000km,0.7131578947368421,42.26315789473684,baseline,1.0,1.0,1.0,False,2,1,0,False,no_branch,nan,nan,nan,False,nan,nan,nan,nan,0.9158374160178937,
Shell_C_1000km,0.7131578947368421,44.8421052631579,baseline,1.0,1.0,1.0,False,2,1,0,False,no_branch,nan,nan,nan,False,nan,nan,nan,nan,0.9327166670118459,
Shell_C_1000km,0.7131578947368421,47.421052631578945,baseline,1.0,1.0,1.0,False,2,1,0,False,no_branch,nan,nan,nan,False,nan,nan,nan,nan,0.9307734169997275,
Shell_C_1000km,0.7131578947368421,50.0,baseline,1.0,1.0,1.0,False,2,1,0,False,no_branch,nan,nan,nan,False,nan,nan,nan,nan,0.9259344169986434,
Shell_C_1000km,0.7605263157894736,1.0,baseline,1.0,1.0,1.0,True,2,7,1,False,complex_no_crossing,nan,nan,nan,True,32.82828282828282,-0.005728593290671539,-0.009000000000000001,-0.0009229022142200989,1.0818960829637945,
Shell_C_1000km,0.7605263157894736,3.5789473684210527,baseline,1.0,1.0,1.0,True,2,2,1,False,complex_no_crossing,nan,nan,nan,True,7.575757575757575,-0.006172307345310508,-0.009000000000000001,-0.001,0.9345780409639701,
Shell_C_1000km,0.7605263157894736,6.157894736842105,baseline,1.0,1.0,1.0,True,2,2,0,False,no_complex_eigenvalues,nan,nan,nan,True,7.575757575757575,nan,-0.009000000000000001,-0.000823800878533118,0.9172387080034241,
Shell_C_1000km,0.7605263157894736,8.736842105263158,baseline,1.0,1.0,1.0,False,2,1,0,False,no_branch,nan,nan,nan,False,nan,nan,nan,nan,1.0020960419788025,
Shell_C_1000km,0.7605263157894736,11.31578947368421,baseline,1.0,1.0,1.0,False,2,1,0,False,no_branch,nan,nan,nan,False,nan,nan,nan,nan,0.9128777919686399,
Shell_C_1000km,0.7605263157894736,13.894736842105264,baseline,1.0,1.0,1.0,False,2,1,0,False,no_branch,nan,nan,nan,False,nan,nan,nan,nan,0.9175088329939172,
Shell_C_1000km,0.7605263157894736,16.473684210526315,baseline,1.0,1.0,1.0,False,2,1,0,False,no_branch,nan,nan,nan,False,nan,nan,nan,nan,0.9090393329970539,
Shell_C_1000km,0.7605263157894736,19.05263157894737,baseline,1.0,1.0,1.0,False,2,1,0,False,no_branch,nan,nan,nan,False,nan,nan,nan,nan,0.92219833296258,
Shell_C_1000km,0.7605263157894736,21.63157894736842,baseline,1.0,1.0,1.0,False,2,1,0,False,no_branch,nan,nan,nan,False,nan,nan,nan,nan,0.9069132920121774,
Shell_C_1000km,0.7605263157894736,24.210526315789473,baseline,1.0,1.0,1.0,False,2,1,0,False,no_branch,nan,nan,nan,False,nan,nan,nan,nan,0.9125686250044964,
Shell_C_1000km,0.7605263157894736,26.789473684210527,baseline,1.0,1.0,1.0,False,2,1,0,False,no_branch,nan,nan,nan,False,nan,nan,nan,nan,0.9502692079986446,
Shell_C_1000km,0.7605263157894736,29.36842105263158,baseline,1.0,1.0,1.0,False,2,1,0,False,no_branch,nan,nan,nan,False,nan,nan,nan,nan,0.9381030420190655,
Shell_C_1000km,0.7605263157894736,31.94736842105263,baseline,1.0,1.0,1.0,False,2,1,0,False,no_branch,nan,nan,nan,False,nan,nan,nan,nan,0.9371187080396339,
Shell_C_1000km,0.7605263157894736,34.526315789473685,baseline,1.0,1.0,1.0,False,2,1,0,False,no_branch,nan,nan,nan,False,nan,nan,nan,nan,0.9542483750265092,
Shell_C_1000km,0.7605263157894736,37.10526315789474,baseline,1.0,1.0,1.0,False,2,1,0,False,no_branch,nan,nan,nan,False,nan,nan,nan,nan,0.9463633340201341,
Shell_C_1000km,0.7605263157894736,39.68421052631579,baseline,1.0,1.0,1.0,False,2,1,0,False,no_branch,nan,nan,nan,False,nan,nan,nan,nan,0.9389795830356888,
Shell_C_1000km,0.7605263157894736,42.26315789473684,baseline,1.0,1.0,1.0,False,2,1,0,False,no_branch,nan,nan,nan,False,nan,nan,nan,nan,0.9280332089983858,
Shell_C_1000km,0.7605263157894736,44.8421052631579,baseline,1.0,1.0,1.0,False,2,1,0,False,no_branch,nan,nan,nan,False,nan,nan,nan,nan,0.9350622079800814,
Shell_C_1000km,0.7605263157894736,47.421052631578945,baseline,1.0,1.0,1.0,False,2,1,0,False,no_branch,nan,nan,nan,False,nan,nan,nan,nan,0.9327180840191431,
Shell_C_1000km,0.7605263157894736,50.0,baseline,1.0,1.0,1.0,False,2,1,0,False,no_branch,nan,nan,nan,False,nan,nan,nan,nan,0.9420207500224933,
Shell_C_1000km,0.8078947368421052,1.0,baseline,1.0,1.0,1.0,True,2,7,1,False,complex_no_crossing,nan,nan,nan,True,32.82828282828282,-0.0057617370030685405,-0.009000000000000001,-0.0009179354766843377,1.0840645839925855,
Shell_C_1000km,0.8078947368421052,3.5789473684210527,baseline,1.0,1.0,1.0,True,2,2,1,False,complex_no_crossing,nan,nan,nan,True,7.575757575757575,-0.00620566821271458,-0.009000000000000001,-0.001,0.9437667499878444,
Shell_C_1000km,0.8078947368421052,6.157894736842105,baseline,1.0,1.0,1.0,True,2,2,0,False,no_complex_eigenvalues,nan,nan,nan,True,7.575757575757575,nan,-0.009000000000000001,-0.0007803725504948183,1.0089589590206742,
Shell_C_1000km,0.8078947368421052,8.736842105263158,baseline,1.0,1.0,1.0,False,2,1,0,False,no_branch,nan,nan,nan,False,nan,nan,nan,nan,0.9245235419948585,
Shell_C_1000km,0.8078947368421052,11.31578947368421,baseline,1.0,1.0,1.0,False,2,1,0,False,no_branch,nan,nan,nan,False,nan,nan,nan,nan,0.9269023750093766,
Shell_C_1000km,0.8078947368421052,13.894736842105264,baseline,1.0,1.0,1.0,False,2,1,0,False,no_branch,nan,nan,nan,False,nan,nan,nan,nan,0.9194739169906825,
Shell_C_1000km,0.8078947368421052,16.473684210526315,baseline,1.0,1.0,1.0,False,2,1,0,False,no_branch,nan,nan,nan,False,nan,nan,nan,nan,0.9232645000447519,
Shell_C_1000km,0.8078947368421052,19.05263157894737,baseline,1.0,1.0,1.0,False,2,1,0,False,no_branch,nan,nan,nan,False,nan,nan,nan,nan,0.9365235000150278,
Shell_C_1000km,0.8078947368421052,21.63157894736842,baseline,1.0,1.0,1.0,False,2,1,0,False,no_branch,nan,nan,nan,False,nan,nan,nan,nan,0.9096916659618728,
Shell_C_1000km,0.8078947368421052,24.210526315789473,baseline,1.0,1.0,1.0,False,2,1,0,False,no_branch,nan,nan,nan,False,nan,nan,nan,nan,0.9320149580016732,
Shell_C_1000km,0.8078947368421052,26.789473684210527,baseline,1.0,1.0,1.0,False,2,1,0,False,no_branch,nan,nan,nan,False,nan,nan,nan,nan,0.9493572500068694,
Shell_C_1000km,0.8078947368421052,29.36842105263158,baseline,1.0,1.0,1.0,False,2,1,0,False,no_branch,nan,nan,nan,False,nan,nan,nan,nan,0.9450509159942158,
Shell_C_1000km,0.8078947368421052,31.94736842105263,baseline,1.0,1.0,1.0,False,2,1,0,False,no_branch,nan,nan,nan,False,nan,nan,nan,nan,0.9523155420320109,
Shell_C_1000km,0.8078947368421052,34.526315789473685,baseline,1.0,1.0,1.0,False,2,1,0,False,no_branch,nan,nan,nan,False,nan,nan,nan,nan,0.9577359169488773,
Shell_C_1000km,0.8078947368421052,37.10526315789474,baseline,1.0,1.0,1.0,False,2,1,0,False,no_branch,nan,nan,nan,False,nan,nan,nan,nan,0.9605933339917101,
Shell_C_1000km,0.8078947368421052,39.68421052631579,baseline,1.0,1.0,1.0,False,2,1,0,False,no_branch,nan,nan,nan,False,nan,nan,nan,nan,0.9558925830060616,
Shell_C_1000km,0.8078947368421052,42.26315789473684,baseline,1.0,1.0,1.0,False,2,1,0,False,no_branch,nan,nan,nan,False,nan,nan,nan,nan,0.9597046669805422,
Shell_C_1000km,0.8078947368421052,44.8421052631579,baseline,1.0,1.0,1.0,False,2,1,0,False,no_branch,nan,nan,nan,False,nan,nan,nan,nan,0.9279321249923669,
Shell_C_1000km,0.8078947368421052,47.421052631578945,baseline,1.0,1.0,1.0,False,2,1,0,False,no_branch,nan,nan,nan,False,nan,nan,nan,nan,0.962654292001389,
Shell_C_1000km,0.8078947368421052,50.0,baseline,1.0,1.0,1.0,False,2,1,0,False,no_branch,nan,nan,nan,False,nan,nan,nan,nan,0.9639302500290796,
Shell_C_1000km,0.8552631578947368,1.0,baseline,1.0,1.0,1.0,True,2,7,1,False,complex_no_crossing,nan,nan,nan,True,32.82828282828282,-0.005794614711420938,-0.009000000000000001,-0.0009129376243730596,1.0982884579570964,
Shell_C_1000km,0.8552631578947368,3.5789473684210527,baseline,1.0,1.0,1.0,True,2,2,1,False,complex_no_crossing,nan,nan,nan,True,7.575757575757575,-0.006238792319085342,-0.009000000000000001,-0.001,1.032655999995768,
Shell_C_1000km,0.8552631578947368,6.157894736842105,baseline,1.0,1.0,1.0,True,2,2,0,False,no_complex_eigenvalues,nan,nan,nan,True,7.575757575757575,nan,-0.009000000000000001,-0.0007347815140940373,0.9286396249663085,
Shell_C_1000km,0.8552631578947368,8.736842105263158,baseline,1.0,1.0,1.0,False,2,1,0,False,no_branch,nan,nan,nan,False,nan,nan,nan,nan,0.9349955419893377,
Shell_C_1000km,0.8552631578947368,11.31578947368421,baseline,1.0,1.0,1.0,False,2,1,0,False,no_branch,nan,nan,nan,False,nan,nan,nan,nan,0.9311833750107326,
Shell_C_1000km,0.8552631578947368,13.894736842105264,baseline,1.0,1.0,1.0,False,2,1,0,False,no_branch,nan,nan,nan,False,nan,nan,nan,nan,0.937305458006449,
Shell_C_1000km,0.8552631578947368,16.473684210526315,baseline,1.0,1.0,1.0,False,2,1,0,False,no_branch,nan,nan,nan,False,nan,nan,nan,nan,0.9318020420032553,
Shell_C_1000km,0.8552631578947368,19.05263157894737,baseline,1.0,1.0,1.0,False,2,1,0,False,no_branch,nan,nan,nan,False,nan,nan,nan,nan,0.9319692499702796,
Shell_C_1000km,0.8552631578947368,21.63157894736842,baseline,1.0,1.0,1.0,False,2,1,0,False,no_branch,nan,nan,nan,False,nan,nan,nan,nan,0.9359624999924563,
Shell_C_1000km,0.8552631578947368,24.210526315789473,baseline,1.0,1.0,1.0,False,2,1,0,False,no_branch,nan,nan,nan,False,nan,nan,nan,nan,0.9408657079911791,
Shell_C_1000km,0.8552631578947368,26.789473684210527,baseline,1.0,1.0,1.0,False,2,1,0,False,no_branch,nan,nan,nan,False,nan,nan,nan,nan,0.9562469159718603,
Shell_C_1000km,0.8552631578947368,29.36842105263158,baseline,1.0,1.0,1.0,False,2,1,0,False,no_branch,nan,nan,nan,False,nan,nan,nan,nan,0.9615893750451505,
Shell_C_1000km,0.8552631578947368,31.94736842105263,baseline,1.0,1.0,1.0,False,2,1,0,False,no_branch,nan,nan,nan,False,nan,nan,nan,nan,0.9613362500094809,
Shell_C_1000km,0.8552631578947368,34.526315789473685,baseline,1.0,1.0,1.0,False,2,1,0,False,no_branch,nan,nan,nan,False,nan,nan,nan,nan,0.9573941660346463,
Shell_C_1000km,0.8552631578947368,37.10526315789474,baseline,1.0,1.0,1.0,False,2,1,0,False,no_branch,nan,nan,nan,False,nan,nan,nan,nan,0.9711785420076922,
Shell_C_1000km,0.8552631578947368,39.68421052631579,baseline,1.0,1.0,1.0,False,2,1,0,False,no_branch,nan,nan,nan,False,nan,nan,nan,nan,0.9736988340155222,
Shell_C_1000km,0.8552631578947368,42.26315789473684,baseline,1.0,1.0,1.0,False,2,1,0,False,no_branch,nan,nan,nan,False,nan,nan,nan,nan,0.9424451249651611,
Shell_C_1000km,0.8552631578947368,44.8421052631579,baseline,1.0,1.0,1.0,False,2,1,0,False,no_branch,nan,nan,nan,False,nan,nan,nan,nan,0.9443456250010058,
Shell_C_1000km,0.8552631578947368,47.421052631578945,baseline,1.0,1.0,1.0,False,2,1,0,False,no_branch,nan,nan,nan,False,nan,nan,nan,nan,0.9525603330112062,
Shell_C_1000km,0.8552631578947368,50.0,baseline,1.0,1.0,1.0,False,2,1,0,False,no_branch,nan,nan,nan,False,nan,nan,nan,nan,1.0359253749484196,
Shell_C_1000km,0.9026315789473683,1.0,baseline,1.0,1.0,1.0,True,2,7,1,False,complex_no_crossing,nan,nan,nan,True,32.82828282828282,-0.0058272316026041025,-0.009000000000000001,-0.0009079081897260736,1.10295120900264,
Shell_C_1000km,0.9026315789473683,3.5789473684210527,baseline,1.0,1.0,1.0,True,2,2,1,False,complex_no_crossing,nan,nan,nan,True,7.575757575757575,-0.006271684227886883,-0.009000000000000001,-0.001,0.9383038750384003,
Shell_C_1000km,0.9026315789473683,6.157894736842105,baseline,1.0,1.0,1.0,True,2,2,0,False,no_complex_eigenvalues,nan,nan,nan,True,7.575757575757575,nan,-0.009000000000000001,-0.0006866024409548457,0.934926500020083,
Shell_C_1000km,0.9026315789473683,8.736842105263158,baseline,1.0,1.0,1.0,False,2,1,0,False,no_branch,nan,nan,nan,False,nan,nan,nan,nan,0.9324892500299029,
Shell_C_1000km,0.9026315789473683,11.31578947368421,baseline,1.0,1.0,1.0,False,2,1,0,False,no_branch,nan,nan,nan,False,nan,nan,nan,nan,0.9275078750215471,
Shell_C_1000km,0.9026315789473683,13.894736842105264,baseline,1.0,1.0,1.0,False,2,1,0,False,no_branch,nan,nan,nan,False,nan,nan,nan,nan,0.9865041250013746,
Shell_C_1000km,0.9026315789473683,16.473684210526315,baseline,1.0,1.0,1.0,False,2,1,0,False,no_branch,nan,nan,nan,False,nan,nan,nan,nan,0.9341727500432171,
Shell_C_1000km,0.9026315789473683,19.05263157894737,baseline,1.0,1.0,1.0,False,2,1,0,False,no_branch,nan,nan,nan,False,nan,nan,nan,nan,0.9407800410408527,
Shell_C_1000km,0.9026315789473683,21.63157894736842,baseline,1.0,1.0,1.0,False,2,1,0,False,no_branch,nan,nan,nan,False,nan,nan,nan,nan,0.926953540998511,
Shell_C_1000km,0.9026315789473683,24.210526315789473,baseline,1.0,1.0,1.0,False,2,1,0,False,no_branch,nan,nan,nan,False,nan,nan,nan,nan,0.9426213330007158,
Shell_C_1000km,0.9026315789473683,26.789473684210527,baseline,1.0,1.0,1.0,False,2,1,0,False,no_branch,nan,nan,nan,False,nan,nan,nan,nan,0.9480168329901062,
Shell_C_1000km,0.9026315789473683,29.36842105263158,baseline,1.0,1.0,1.0,False,2,1,0,False,no_branch,nan,nan,nan,False,nan,nan,nan,nan,0.9690187079831958,
Shell_C_1000km,0.9026315789473683,31.94736842105263,baseline,1.0,1.0,1.0,False,2,1,0,False,no_branch,nan,nan,nan,False,nan,nan,nan,nan,0.9566239999840036,
Shell_C_1000km,0.9026315789473683,34.526315789473685,baseline,1.0,1.0,1.0,False,2,1,0,False,no_branch,nan,nan,nan,False,nan,nan,nan,nan,0.9563966249697842,
Shell_C_1000km,0.9026315789473683,37.10526315789474,baseline,1.0,1.0,1.0,False,2,1,0,False,no_branch,nan,nan,nan,False,nan,nan,nan,nan,0.9707264169701375,
Shell_C_1000km,0.9026315789473683,39.68421052631579,baseline,1.0,1.0,1.0,False,2,1,0,False,no_branch,nan,nan,nan,False,nan,nan,nan,nan,0.9588343749637716,
Shell_C_1000km,0.9026315789473683,42.26315789473684,baseline,1.0,1.0,1.0,False,2,1,0,False,no_branch,nan,nan,nan,False,nan,nan,nan,nan,0.9622605420299806,
Shell_C_1000km,0.9026315789473683,44.8421052631579,baseline,1.0,1.0,1.0,False,2,1,0,False,no_branch,nan,nan,nan,False,nan,nan,nan,nan,0.9505941250245087,
Shell_C_1000km,0.9026315789473683,47.421052631578945,baseline,1.0,1.0,1.0,False,2,1,0,False,no_branch,nan,nan,nan,False,nan,nan,nan,nan,1.004700458026491,
Shell_C_1000km,0.9026315789473683,50.0,baseline,1.0,1.0,1.0,False,2,1,0,False,no_branch,nan,nan,nan,False,nan,nan,nan,nan,0.9637506669969298,
Shell_C_1000km,0.95,1.0,baseline,1.0,1.0,1.0,True,2,7,1,False,complex_no_crossing,nan,nan,nan,True,32.82828282828282,-0.0058595927045756654,-0.009000000000000001,-0.0009028466913464454,1.0775032499805093,
Shell_C_1000km,0.95,3.5789473684210527,baseline,1.0,1.0,1.0,True,2,2,1,False,complex_no_crossing,nan,nan,nan,True,7.575757575757575,-0.006304348369235855,-0.009000000000000001,-0.001,0.9517588750459254,
Shell_C_1000km,0.95,6.157894736842105,baseline,1.0,1.0,1.0,True,2,2,0,False,no_complex_eigenvalues,nan,nan,nan,True,7.575757575757575,nan,-0.009000000000000001,-0.0006352560731677216,0.9328725829836912,
Shell_C_1000km,0.95,8.736842105263158,baseline,1.0,1.0,1.0,False,2,1,0,False,no_branch,nan,nan,nan,False,nan,nan,nan,nan,0.9387102500186302,
Shell_C_1000km,0.95,11.31578947368421,baseline,1.0,1.0,1.0,False,2,1,0,False,no_branch,nan,nan,nan,False,nan,nan,nan,nan,0.9192913749720901,
Shell_C_1000km,0.95,13.894736842105264,baseline,1.0,1.0,1.0,False,2,1,0,False,no_branch,nan,nan,nan,False,nan,nan,nan,nan,0.9310780839878134,
Shell_C_1000km,0.95,16.473684210526315,baseline,1.0,1.0,1.0,False,2,1,0,False,no_branch,nan,nan,nan,False,nan,nan,nan,nan,0.9376805830397643,
Shell_C_1000km,0.95,19.05263157894737,baseline,1.0,1.0,1.0,False,2,1,0,False,no_branch,nan,nan,nan,False,nan,nan,nan,nan,0.9477960409712978,
Shell_C_1000km,0.95,21.63157894736842,baseline,1.0,1.0,1.0,False,2,1,0,False,no_branch,nan,nan,nan,False,nan,nan,nan,nan,0.9287899169721641,
Shell_C_1000km,0.95,24.210526315789473,baseline,1.0,1.0,1.0,False,2,1,0,False,no_branch,nan,nan,nan,False,nan,nan,nan,nan,0.9289858750416897,
Shell_C_1000km,0.95,26.789473684210527,baseline,1.0,1.0,1.0,False,2,1,0,False,no_branch,nan,nan,nan,False,nan,nan,nan,nan,0.958088957995642,
Shell_C_1000km,0.95,29.36842105263158,baseline,1.0,1.0,1.0,False,2,1,0,False,no_branch,nan,nan,nan,False,nan,nan,nan,nan,0.9699888749746606,
Shell_C_1000km,0.95,31.94736842105263,baseline,1.0,1.0,1.0,False,2,1,0,False,no_branch,nan,nan,nan,False,nan,nan,nan,nan,0.9585553340148181,
Shell_C_1000km,0.95,34.526315789473685,baseline,1.0,1.0,1.0,False,2,1,0,False,no_branch,nan,nan,nan,False,nan,nan,nan,nan,0.9608102920465171,
Shell_C_1000km,0.95,37.10526315789474,baseline,1.0,1.0,1.0,False,2,1,0,False,no_branch,nan,nan,nan,False,nan,nan,nan,nan,0.9508245000033639,
Shell_C_1000km,0.95,39.68421052631579,baseline,1.0,1.0,1.0,False,2,1,0,False,no_branch,nan,nan,nan,False,nan,nan,nan,nan,0.9800852499902248,
Shell_C_1000km,0.95,42.26315789473684,baseline,1.0,1.0,1.0,False,2,1,0,False,no_branch,nan,nan,nan,False,nan,nan,nan,nan,1.026982749986928,
Shell_C_1000km,0.95,44.8421052631579,baseline,1.0,1.0,1.0,False,2,1,0,False,no_branch,nan,nan,nan,False,nan,nan,nan,nan,0.9612310000229627,
Shell_C_1000km,0.95,47.421052631578945,baseline,1.0,1.0,1.0,False,2,1,0,False,no_branch,nan,nan,nan,False,nan,nan,nan,nan,0.9469874589703977,
Shell_C_1000km,0.95,50.0,baseline,1.0,1.0,1.0,False,2,1,0,False,no_branch,nan,nan,nan,False,nan,nan,nan,nan,0.9648948750109412,
Shell_C_1000km,0.05,1.0,derelict_x2,1.0,2.0,5.0,False,3,1,0,False,no_branch,nan,nan,nan,False,nan,nan,nan,nan,1.2616470839711837,
Shell_C_1000km,0.05,3.5789473684210527,derelict_x2,1.0,2.0,5.0,False,3,1,0,False,no_branch,nan,nan,nan,False,nan,nan,nan,nan,1.0424984589917585,
Shell_C_1000km,0.05,6.157894736842105,derelict_x2,1.0,2.0,5.0,False,3,1,0,False,no_branch,nan,nan,nan,False,nan,nan,nan,nan,0.9297023750259541,
Shell_C_1000km,0.05,8.736842105263158,derelict_x2,1.0,2.0,5.0,False,2,1,0,False,no_branch,nan,nan,nan,False,nan,nan,nan,nan,0.8536085829837248,
Shell_C_1000km,0.05,11.31578947368421,derelict_x2,1.0,2.0,5.0,False,2,1,0,False,no_branch,nan,nan,nan,False,nan,nan,nan,nan,0.8261229580384679,
Shell_C_1000km,0.05,13.894736842105264,derelict_x2,1.0,2.0,5.0,False,2,1,0,False,no_branch,nan,nan,nan,False,nan,nan,nan,nan,0.7902536669862457,
Shell_C_1000km,0.05,16.473684210526315,derelict_x2,1.0,2.0,5.0,False,2,1,0,False,no_branch,nan,nan,nan,False,nan,nan,nan,nan,0.7767602499807253,
Shell_C_1000km,0.05,19.05263157894737,derelict_x2,1.0,2.0,5.0,False,2,1,0,False,no_branch,nan,nan,nan,False,nan,nan,nan,nan,0.7612751250271685,
Shell_C_1000km,0.05,21.63157894736842,derelict_x2,1.0,2.0,5.0,False,2,1,0,False,no_branch,nan,nan,nan,False,nan,nan,nan,nan,0.7449293329846114,
Shell_C_1000km,0.05,24.210526315789473,derelict_x2,1.0,2.0,5.0,False,2,1,0,False,no_branch,nan,nan,nan,False,nan,nan,nan,nan,0.7297431250335649,
Shell_C_1000km,0.05,26.789473684210527,derelict_x2,1.0,2.0,5.0,False,2,1,0,False,no_branch,nan,nan,nan,False,nan,nan,nan,nan,0.7340594159904867,
Shell_C_1000km,0.05,29.36842105263158,derelict_x2,1.0,2.0,5.0,False,2,1,0,False,no_branch,nan,nan,nan,False,nan,nan,nan,nan,0.7290433750022203,
Shell_C_1000km,0.05,31.94736842105263,derelict_x2,1.0,2.0,5.0,False,2,1,0,False,no_branch,nan,nan,nan,False,nan,nan,nan,nan,0.7116562499431893,
Shell_C_1000km,0.05,34.526315789473685,derelict_x2,1.0,2.0,5.0,False,2,1,0,False,no_branch,nan,nan,nan,False,nan,nan,nan,nan,0.7111293749767356,
Shell_C_1000km,0.05,37.10526315789474,derelict_x2,1.0,2.0,5.0,False,2,1,0,False,no_branch,nan,nan,nan,False,nan,nan,nan,nan,0.7103160420083441,
Shell_C_1000km,0.05,39.68421052631579,derelict_x2,1.0,2.0,5.0,False,2,1,0,False,no_branch,nan,nan,nan,False,nan,nan,nan,nan,0.7158982080291025,
Shell_C_1000km,0.05,42.26315789473684,derelict_x2,1.0,2.0,5.0,False,2,1,0,False,no_branch,nan,nan,nan,False,nan,nan,nan,nan,0.7149454999598674,
Shell_C_1000km,0.05,44.8421052631579,derelict_x2,1.0,2.0,5.0,False,2,1,0,False,no_branch,nan,nan,nan,False,nan,nan,nan,nan,0.7634246670058928,
Shell_C_1000km,0.05,47.421052631578945,derelict_x2,1.0,2.0,5.0,False,2,1,0,False,no_branch,nan,nan,nan,False,nan,nan,nan,nan,0.6872419160208665,
Shell_C_1000km,0.05,50.0,derelict_x2,1.0,2.0,5.0,False,2,1,0,False,no_branch,nan,nan,nan,False,nan,nan,nan,nan,0.6938332080026157,
Shell_C_1000km,0.09736842105263158,1.0,derelict_x2,1.0,2.0,5.0,False,3,1,0,False,no_branch,nan,nan,nan,False,nan,nan,nan,nan,1.315292082959786,
Shell_C_1000km,0.09736842105263158,3.5789473684210527,derelict_x2,1.0,2.0,5.0,False,3,1,0,False,no_branch,nan,nan,nan,False,nan,nan,nan,nan,1.0611615409725346,
Shell_C_1000km,0.09736842105263158,6.157894736842105,derelict_x2,1.0,2.0,5.0,False,3,1,0,False,no_branch,nan,nan,nan,False,nan,nan,nan,nan,0.9375957080046646,
Shell_C_1000km,0.09736842105263158,8.736842105263158,derelict_x2,1.0,2.0,5.0,False,2,1,0,False,no_branch,nan,nan,nan,False,nan,nan,nan,nan,0.8805365830194205,
Shell_C_1000km,0.09736842105263158,11.31578947368421,derelict_x2,1.0,2.0,5.0,False,2,1,0,False,no_branch,nan,nan,nan,False,nan,nan,nan,nan,0.8424667079816572,
Shell_C_1000km,0.09736842105263158,13.894736842105264,derelict_x2,1.0,2.0,5.0,False,2,1,0,False,no_branch,nan,nan,nan,False,nan,nan,nan,nan,0.8090367499971762,
Shell_C_1000km,0.09736842105263158,16.473684210526315,derelict_x2,1.0,2.0,5.0,False,2,1,0,False,no_branch,nan,nan,nan,False,nan,nan,nan,nan,0.7931700840126723,
Shell_C_1000km,0.09736842105263158,19.05263157894737,derelict_x2,1.0,2.0,5.0,False,2,1,0,False,no_branch,nan,nan,nan,False,nan,nan,nan,nan,0.7779214580077678,
Shell_C_1000km,0.09736842105263158,21.63157894736842,derelict_x2,1.0,2.0,5.0,False,2,1,0,False,no_branch,nan,nan,nan,False,nan,nan,nan,nan,0.7629755419911817,
Shell_C_1000km,0.09736842105263158,24.210526315789473,derelict_x2,1.0,2.0,5.0,False,2,1,0,False,no_branch,nan,nan,nan,False,nan,nan,nan,nan,0.7503615409950726,
Shell_C_1000km,0.09736842105263158,26.789473684210527,derelict_x2,1.0,2.0,5.0,False,2,1,0,False,no_branch,nan,nan,nan,False,nan,nan,nan,nan,0.7590499999932945,
Shell_C_1000km,0.09736842105263158,29.36842105263158,derelict_x2,1.0,2.0,5.0,False,2,1,0,False,no_branch,nan,nan,nan,False,nan,nan,nan,nan,0.7432448340114206,
Shell_C_1000km,0.09736842105263158,31.94736842105263,derelict_x2,1.0,2.0,5.0,False,2,1,0,False,no_branch,nan,nan,nan,False,nan,nan,nan,nan,0.7322662500082515,
Shell_C_1000km,0.09736842105263158,34.526315789473685,derelict_x2,1.0,2.0,5.0,False,2,1,0,False,no_branch,nan,nan,nan,False,nan,nan,nan,nan,0.7229405409889296,
Shell_C_1000km,0.09736842105263158,37.10526315789474,derelict_x2,1.0,2.0,5.0,False,2,1,0,False,no_branch,nan,nan,nan,False,nan,nan,nan,nan,0.7348706669872627,
Shell_C_1000km,0.09736842105263158,39.68421052631579,derelict_x2,1.0,2.0,5.0,False,2,1,0,False,no_branch,nan,nan,nan,False,nan,nan,nan,nan,0.741800207993947,
Shell_C_1000km,0.09736842105263158,42.26315789473684,derelict_x2,1.0,2.0,5.0,False,2,1,0,False,no_branch,nan,nan,nan,False,nan,nan,nan,nan,0.7106799589819275,
Shell_C_1000km,0.09736842105263158,44.8421052631579,derelict_x2,1.0,2.0,5.0,False,2,1,0,False,no_branch,nan,nan,nan,False,nan,nan,nan,nan,0.7216939579811879,
Shell_C_1000km,0.09736842105263158,47.421052631578945,derelict_x2,1.0,2.0,5.0,False,2,1,0,False,no_branch,nan,nan,nan,False,nan,nan,nan,nan,0.705475166963879,
Shell_C_1000km,0.09736842105263158,50.0,derelict_x2,1.0,2.0,5.0,False,2,1,0,False,no_branch,nan,nan,nan,False,nan,nan,nan,nan,0.7761831670068204,
Shell_C_1000km,0.14473684210526316,1.0,derelict_x2,1.0,2.0,5.0,False,3,1,0,False,no_branch,nan,nan,nan,False,nan,nan,nan,nan,1.2769275829778053,
Shell_C_1000km,0.14473684210526316,3.5789473684210527,derelict_x2,1.0,2.0,5.0,False,3,1,0,False,no_branch,nan,nan,nan,False,nan,nan,nan,nan,1.0557463330333121,
Shell_C_1000km,0.14473684210526316,6.157894736842105,derelict_x2,1.0,2.0,5.0,False,3,1,0,False,no_branch,nan,nan,nan,False,nan,nan,nan,nan,0.9593467499944381,
Shell_C_1000km,0.14473684210526316,8.736842105263158,derelict_x2,1.0,2.0,5.0,False,2,1,0,False,no_branch,nan,nan,nan,False,nan,nan,nan,nan,0.8987221660208888,
Shell_C_1000km,0.14473684210526316,11.31578947368421,derelict_x2,1.0,2.0,5.0,False,2,1,0,False,no_branch,nan,nan,nan,False,nan,nan,nan,nan,0.8508271250175312,
Shell_C_1000km,0.14473684210526316,13.894736842105264,derelict_x2,1.0,2.0,5.0,False,2,1,0,False,no_branch,nan,nan,nan,False,nan,nan,nan,nan,0.8099293340346776,
Shell_C_1000km,0.14473684210526316,16.473684210526315,derelict_x2,1.0,2.0,5.0,False,2,1,0,False,no_branch,nan,nan,nan,False,nan,nan,nan,nan,0.8018779170233756,
Shell_C_1000km,0.14473684210526316,19.05263157894737,derelict_x2,1.0,2.0,5.0,False,2,1,0,False,no_branch,nan,nan,nan,False,nan,nan,nan,nan,0.7883487090002745,
Shell_C_1000km,0.14473684210526316,21.63157894736842,derelict_x2,1.0,2.0,5.0,False,2,1,0,False,no_branch,nan,nan,nan,False,nan,nan,nan,nan,0.7750467919977382,
Shell_C_1000km,0.14473684210526316,24.210526315789473,derelict_x2,1.0,2.0,5.0,False,2,1,0,False,no_branch,nan,nan,nan,False,nan,nan,nan,nan,0.7641571249696426,
Shell_C_1000km,0.14473684210526316,26.789473684210527,derelict_x2,1.0,2.0,5.0,False,2,1,0,False,no_branch,nan,nan,nan,False,nan,nan,nan,nan,0.7425162919680588,
Shell_C_1000km,0.14473684210526316,29.36842105263158,derelict_x2,1.0,2.0,5.0,False,2,1,0,False,no_branch,nan,nan,nan,False,nan,nan,nan,nan,0.7534028750378639,
Shell_C_1000km,0.14473684210526316,31.94736842105263,derelict_x2,1.0,2.0,5.0,False,2,1,0,False,no_branch,nan,nan,nan,False,nan,nan,nan,nan,0.7368719169753604,
Shell_C_1000km,0.14473684210526316,34.526315789473685,derelict_x2,1.0,2.0,5.0,False,2,1,0,False,no_branch,nan,nan,nan,False,nan,nan,nan,nan,0.7357376670115627,
Shell_C_1000km,0.14473684210526316,37.10526315789474,derelict_x2,1.0,2.0,5.0,False,2,1,0,False,no_branch,nan,nan,nan,False,nan,nan,nan,nan,0.7385456250049174,
Shell_C_1000km,0.14473684210526316,39.68421052631579,derelict_x2,1.0,2.0,5.0,False,2,1,0,False,no_branch,nan,nan,nan,False,nan,nan,nan,nan,0.7334584589698352,
Shell_C_1000km,0.14473684210526316,42.26315789473684,derelict_x2,1.0,2.0,5.0,False,2,1,0,False,no_branch,nan,nan,nan,False,nan,nan,nan,nan,0.7254708329564892,
Shell_C_1000km,0.14473684210526316,44.8421052631579,derelict_x2,1.0,2.0,5.0,False,2,1,0,False,no_branch,nan,nan,nan,False,nan,nan,nan,nan,0.7746831250260584,
Shell_C_1000km,0.14473684210526316,47.421052631578945,derelict_x2,1.0,2.0,5.0,False,2,1,0,False,no_branch,nan,nan,nan,False,nan,nan,nan,nan,0.7130994169856422,
Shell_C_1000km,0.14473684210526316,50.0,derelict_x2,1.0,2.0,5.0,False,2,1,0,False,no_branch,nan,nan,nan,False,nan,nan,nan,nan,0.7196680000051856,
Shell_C_1000km,0.19210526315789472,1.0,derelict_x2,1.0,2.0,5.0,False,3,1,0,False,no_branch,nan,nan,nan,False,nan,nan,nan,nan,1.3724067499861121,
Shell_C_1000km,0.19210526315789472,3.5789473684210527,derelict_x2,1.0,2.0,5.0,False,3,1,0,False,no_branch,nan,nan,nan,False,nan,nan,nan,nan,1.1005599580239505,
Shell_C_1000km,0.19210526315789472,6.157894736842105,derelict_x2,1.0,2.0,5.0,False,3,1,0,False,no_branch,nan,nan,nan,False,nan,nan,nan,nan,0.9797080839634873,
Shell_C_1000km,0.19210526315789472,8.736842105263158,derelict_x2,1.0,2.0,5.0,False,2,1,0,False,no_branch,nan,nan,nan,False,nan,nan,nan,nan,0.9187306250096299,
Shell_C_1000km,0.19210526315789472,11.31578947368421,derelict_x2,1.0,2.0,5.0,False,2,1,0,False,no_branch,nan,nan,nan,False,nan,nan,nan,nan,0.8641126669826917,
Shell_C_1000km,0.19210526315789472,13.894736842105264,derelict_x2,1.0,2.0,5.0,False,2,1,0,False,no_branch,nan,nan,nan,False,nan,nan,nan,nan,0.8846114589832723,
Shell_C_1000km,0.19210526315789472,16.473684210526315,derelict_x2,1.0,2.0,5.0,False,2,1,0,False,no_branch,nan,nan,nan,False,nan,nan,nan,nan,0.8603377910330892,
Shell_C_1000km,0.19210526315789472,19.05263157894737,derelict_x2,1.0,2.0,5.0,False,2,1,0,False,no_branch,nan,nan,nan,False,nan,nan,nan,nan,0.9269042090163566,
Shell_C_1000km,0.19210526315789472,21.63157894736842,derelict_x2,1.0,2.0,5.0,False,2,1,0,False,no_branch,nan,nan,nan,False,nan,nan,nan,nan,0.8820168750244193,
Shell_C_1000km,0.19210526315789472,24.210526315789473,derelict_x2,1.0,2.0,5.0,False,2,1,0,False,no_branch,nan,nan,nan,False,nan,nan,nan,nan,0.7727531249984168,
Shell_C_1000km,0.19210526315789472,26.789473684210527,derelict_x2,1.0,2.0,5.0,False,2,1,0,False,no_branch,nan,nan,nan,False,nan,nan,nan,nan,0.7758382920292206,
Shell_C_1000km,0.19210526315789472,29.36842105263158,derelict_x2,1.0,2.0,5.0,False,2,1,0,False,no_branch,nan,nan,nan,False,nan,nan,nan,nan,0.7690798750263639,
Shell_C_1000km,0.19210526315789472,31.94736842105263,derelict_x2,1.0,2.0,5.0,False,2,1,0,False,no_branch,nan,nan,nan,False,nan,nan,nan,nan,0.7616591249825433,
Shell_C_1000km,0.19210526315789472,34.526315789473685,derelict_x2,1.0,2.0,5.0,False,2,1,0,False,no_branch,nan,nan,nan,False,nan,nan,nan,nan,0.7535782499471679,
Shell_C_1000km,0.19210526315789472,37.10526315789474,derelict_x2,1.0,2.0,5.0,False,2,1,0,False,no_branch,nan,nan,nan,False,nan,nan,nan,nan,0.7776425000047311,
Shell_C_1000km,0.19210526315789472,39.68421052631579,derelict_x2,1.0,2.0,5.0,False,2,1,0,False,no_branch,nan,nan,nan,False,nan,nan,nan,nan,0.7643432089826092,
Shell_C_1000km,0.19210526315789472,42.26315789473684,derelict_x2,1.0,2.0,5.0,False,2,1,0,False,no_branch,nan,nan,nan,False,nan,nan,nan,nan,0.7481366250431165,
Shell_C_1000km,0.19210526315789472,44.8421052631579,derelict_x2,1.0,2.0,5.0,False,2,1,0,False,no_branch,nan,nan,nan,False,nan,nan,nan,nan,0.7559848339878954,
Shell_C_1000km,0.19210526315789472,47.421052631578945,derelict_x2,1.0,2.0,5.0,False,2,1,0,False,no_branch,nan,nan,nan,False,nan,nan,nan,nan,0.7327575829694979,
Shell_C_1000km,0.19210526315789472,50.0,derelict_x2,1.0,2.0,5.0,False,2,1,0,False,no_branch,nan,nan,nan,False,nan,nan,nan,nan,0.7468384169624187,
Shell_C_1000km,0.23947368421052628,1.0,derelict_x2,1.0,2.0,5.0,False,3,1,0,False,no_branch,nan,nan,nan,False,nan,nan,nan,nan,1.3249048329889774,
Shell_C_1000km,0.23947368421052628,3.5789473684210527,derelict_x2,1.0,2.0,5.0,False,3,1,0,False,no_branch,nan,nan,nan,False,nan,nan,nan,nan,1.2822352499933913,
Shell_C_1000km,0.23947368421052628,6.157894736842105,derelict_x2,1.0,2.0,5.0,False,3,1,0,False,no_branch,nan,nan,nan,False,nan,nan,nan,nan,1.0059840410249308,
Shell_C_1000km,0.23947368421052628,8.736842105263158,derelict_x2,1.0,2.0,5.0,False,2,1,0,False,no_branch,nan,nan,nan,False,nan,nan,nan,nan,0.9245357079780661,
Shell_C_1000km,0.23947368421052628,11.31578947368421,derelict_x2,1.0,2.0,5.0,False,2,1,0,False,no_branch,nan,nan,nan,False,nan,nan,nan,nan,0.8982465420267545,
Shell_C_1000km,0.23947368421052628,13.894736842105264,derelict_x2,1.0,2.0,5.0,False,2,1,0,False,no_branch,nan,nan,nan,False,nan,nan,nan,nan,0.9099937920109369,
Shell_C_1000km,0.23947368421052628,16.473684210526315,derelict_x2,1.0,2.0,5.0,False,2,1,0,False,no_branch,nan,nan,nan,False,nan,nan,nan,nan,0.8545854999683797,
Shell_C_1000km,0.23947368421052628,19.05263157894737,derelict_x2,1.0,2.0,5.0,False,2,1,0,False,no_branch,nan,nan,nan,False,nan,nan,nan,nan,0.8237630420480855,
Shell_C_1000km,0.23947368421052628,21.63157894736842,derelict_x2,1.0,2.0,5.0,False,2,1,0,False,no_branch,nan,nan,nan,False,nan,nan,nan,nan,0.8255113330087624,
Shell_C_1000km,0.23947368421052628,24.210526315789473,derelict_x2,1.0,2.0,5.0,False,2,1,0,False,no_branch,nan,nan,nan,False,nan,nan,nan,nan,0.7974819169612601,
Shell_C_1000km,0.23947368421052628,26.789473684210527,derelict_x2,1.0,2.0,5.0,False,2,1,0,False,no_branch,nan,nan,nan,False,nan,nan,nan,nan,0.7915384999942034,
Shell_C_1000km,0.23947368421052628,29.36842105263158,derelict_x2,1.0,2.0,5.0,False,2,1,0,False,no_branch,nan,nan,nan,False,nan,nan,nan,nan,0.7937483330024406,
Shell_C_1000km,0.23947368421052628,31.94736842105263,derelict_x2,1.0,2.0,5.0,False,2,1,0,False,no_branch,nan,nan,nan,False,nan,nan,nan,nan,0.8269075829884969,
Shell_C_1000km,0.23947368421052628,34.526315789473685,derelict_x2,1.0,2.0,5.0,False,2,1,0,False,no_branch,nan,nan,nan,False,nan,nan,nan,nan,0.7956357920193113,
Shell_C_1000km,0.23947368421052628,37.10526315789474,derelict_x2,1.0,2.0,5.0,False,2,1,0,False,no_branch,nan,nan,nan,False,nan,nan,nan,nan,0.7850999169750139,
Shell_C_1000km,0.23947368421052628,39.68421052631579,derelict_x2,1.0,2.0,5.0,False,2,1,0,False,no_branch,nan,nan,nan,False,nan,nan,nan,nan,0.7815916669787839,
Shell_C_1000km,0.23947368421052628,42.26315789473684,derelict_x2,1.0,2.0,5.0,False,2,1,0,False,no_branch,nan,nan,nan,False,nan,nan,nan,nan,0.7790539999841712,
Shell_C_1000km,0.23947368421052628,44.8421052631579,derelict_x2,1.0,2.0,5.0,False,2,1,0,False,no_branch,nan,nan,nan,False,nan,nan,nan,nan,0.7485244999988936,
Shell_C_1000km,0.23947368421052628,47.421052631578945,derelict_x2,1.0,2.0,5.0,False,2,1,0,False,no_branch,nan,nan,nan,False,nan,nan,nan,nan,0.7614095840253867,
Shell_C_1000km,0.23947368421052628,50.0,derelict_x2,1.0,2.0,5.0,False,2,1,0,False,no_branch,nan,nan,nan,False,nan,nan,nan,nan,0.7550909999990836,
Shell_C_1000km,0.28684210526315784,1.0,derelict_x2,1.0,2.0,5.0,False,3,1,0,False,no_branch,nan,nan,nan,False,nan,nan,nan,nan,1.3784588330308907,
Shell_C_1000km,0.28684210526315784,3.5789473684210527,derelict_x2,1.0,2.0,5.0,False,3,1,0,False,no_branch,nan,nan,nan,False,nan,nan,nan,nan,1.1255489999894053,
Shell_C_1000km,0.28684210526315784,6.157894736842105,derelict_x2,1.0,2.0,5.0,False,2,1,0,False,no_branch,nan,nan,nan,False,nan,nan,nan,nan,1.0093828749959357,
Shell_C_1000km,0.28684210526315784,8.736842105263158,derelict_x2,1.0,2.0,5.0,False,2,1,0,False,no_branch,nan,nan,nan,False,nan,nan,nan,nan,1.0000977920135483,
Shell_C_1000km,0.28684210526315784,11.31578947368421,derelict_x2,1.0,2.0,5.0,False,2,1,0,False,no_branch,nan,nan,nan,False,nan,nan,nan,nan,0.9042685420135967,
Shell_C_1000km,0.28684210526315784,13.894736842105264,derelict_x2,1.0,2.0,5.0,False,2,1,0,False,no_branch,nan,nan,nan,False,nan,nan,nan,nan,0.8729494999861345,
Shell_C_1000km,0.28684210526315784,16.473684210526315,derelict_x2,1.0,2.0,5.0,False,2,1,0,False,no_branch,nan,nan,nan,False,nan,nan,nan,nan,0.8287774589844048,
Shell_C_1000km,0.28684210526315784,19.05263157894737,derelict_x2,1.0,2.0,5.0,False,2,1,0,False,no_branch,nan,nan,nan,False,nan,nan,nan,nan,0.8401199170039035,
Shell_C_1000km,0.28684210526315784,21.63157894736842,derelict_x2,1.0,2.0,5.0,False,2,1,0,False,no_branch,nan,nan,nan,False,nan,nan,nan,nan,0.8193259579711594,
Shell_C_1000km,0.28684210526315784,24.210526315789473,derelict_x2,1.0,2.0,5.0,False,2,1,0,False,no_branch,nan,nan,nan,False,nan,nan,nan,nan,0.8029626249917783,
Shell_C_1000km,0.28684210526315784,26.789473684210527,derelict_x2,1.0,2.0,5.0,False,2,1,0,False,no_branch,nan,nan,nan,False,nan,nan,nan,nan,0.795804749999661,
Shell_C_1000km,0.28684210526315784,29.36842105263158,derelict_x2,1.0,2.0,5.0,False,2,1,0,False,no_branch,nan,nan,nan,False,nan,nan,nan,nan,0.7933175000362098,
Shell_C_1000km,0.28684210526315784,31.94736842105263,derelict_x2,1.0,2.0,5.0,False,2,1,0,False,no_branch,nan,nan,nan,False,nan,nan,nan,nan,0.7882721670321189,
Shell_C_1000km,0.28684210526315784,34.526315789473685,derelict_x2,1.0,2.0,5.0,False,2,1,0,False,no_branch,nan,nan,nan,False,nan,nan,nan,nan,0.7766971249948256,
Shell_C_1000km,0.28684210526315784,37.10526315789474,derelict_x2,1.0,2.0,5.0,False,2,1,0,False,no_branch,nan,nan,nan,False,nan,nan,nan,nan,0.7782906249631196,
Shell_C_1000km,0.28684210526315784,39.68421052631579,derelict_x2,1.0,2.0,5.0,False,2,1,0,False,no_branch,nan,nan,nan,False,nan,nan,nan,nan,0.7859719170373864,
Shell_C_1000km,0.28684210526315784,42.26315789473684,derelict_x2,1.0,2.0,5.0,False,2,1,0,False,no_branch,nan,nan,nan,False,nan,nan,nan,nan,0.7690701249521226,
Shell_C_1000km,0.28684210526315784,44.8421052631579,derelict_x2,1.0,2.0,5.0,False,2,1,0,False,no_branch,nan,nan,nan,False,nan,nan,nan,nan,0.7701272920239717,
Shell_C_1000km,0.28684210526315784,47.421052631578945,derelict_x2,1.0,2.0,5.0,False,2,1,0,False,no_branch,nan,nan,nan,False,nan,nan,nan,nan,0.755016750015784,
Shell_C_1000km,0.28684210526315784,50.0,derelict_x2,1.0,2.0,5.0,False,2,1,0,False,no_branch,nan,nan,nan,False,nan,nan,nan,nan,0.7625448749749921,
Shell_C_1000km,0.33421052631578946,1.0,derelict_x2,1.0,2.0,5.0,True,2,7,1,False,complex_no_crossing,nan,nan,nan,True,32.82828282828282,-0.006019572802225788,-0.009000000000000001,-0.0008210689757891433,1.3570439159520902,
Shell_C_1000km,0.33421052631578946,3.5789473684210527,derelict_x2,1.0,2.0,5.0,True,2,2,1,False,complex_no_crossing,nan,nan,nan,True,7.575757575757575,-0.006544730487243692,-0.009000000000000001,-0.001,1.1158965830109082,
Shell_C_1000km,0.33421052631578946,6.157894736842105,derelict_x2,1.0,2.0,5.0,False,2,1,0,False,no_branch,nan,nan,nan,False,nan,nan,nan,nan,1.0137846669531427,
Shell_C_1000km,0.33421052631578946,8.736842105263158,derelict_x2,1.0,2.0,5.0,False,2,1,0,False,no_branch,nan,nan,nan,False,nan,nan,nan,nan,0.9561597920255736,
Shell_C_1000km,0.33421052631578946,11.31578947368421,derelict_x2,1.0,2.0,5.0,False,2,1,0,False,no_branch,nan,nan,nan,False,nan,nan,nan,nan,0.9106437090085819,
Shell_C_1000km,0.33421052631578946,13.894736842105264,derelict_x2,1.0,2.0,5.0,False,2,1,0,False,no_branch,nan,nan,nan,False,nan,nan,nan,nan,0.8606414999812841,
Shell_C_1000km,0.33421052631578946,16.473684210526315,derelict_x2,1.0,2.0,5.0,False,2,1,0,False,no_branch,nan,nan,nan,False,nan,nan,nan,nan,0.84648104198277,
Shell_C_1000km,0.33421052631578946,19.05263157894737,derelict_x2,1.0,2.0,5.0,False,2,1,0,False,no_branch,nan,nan,nan,False,nan,nan,nan,nan,0.8293182500055991,
Shell_C_1000km,0.33421052631578946,21.63157894736842,derelict_x2,1.0,2.0,5.0,False,2,1,0,False,no_branch,nan,nan,nan,False,nan,nan,nan,nan,0.8212581250118092,
Shell_C_1000km,0.33421052631578946,24.210526315789473,derelict_x2,1.0,2.0,5.0,False,2,1,0,False,no_branch,nan,nan,nan,False,nan,nan,nan,nan,0.814037291042041,
Shell_C_1000km,0.33421052631578946,26.789473684210527,derelict_x2,1.0,2.0,5.0,False,2,1,0,False,no_branch,nan,nan,nan,False,nan,nan,nan,nan,0.7913155410205945,
Shell_C_1000km,0.33421052631578946,29.36842105263158,derelict_x2,1.0,2.0,5.0,False,2,1,0,False,no_branch,nan,nan,nan,False,nan,nan,nan,nan,0.8024170830030926,
Shell_C_1000km,0.33421052631578946,31.94736842105263,derelict_x2,1.0,2.0,5.0,False,2,1,0,False,no_branch,nan,nan,nan,False,nan,nan,nan,nan,0.7891222090111114,
Shell_C_1000km,0.33421052631578946,34.526315789473685,derelict_x2,1.0,2.0,5.0,False,2,1,0,False,no_branch,nan,nan,nan,False,nan,nan,nan,nan,0.7810166249983013,
Shell_C_1000km,0.33421052631578946,37.10526315789474,derelict_x2,1.0,2.0,5.0,False,2,1,0,False,no_branch,nan,nan,nan,False,nan,nan,nan,nan,0.7809600839973427,
Shell_C_1000km,0.33421052631578946,39.68421052631579,derelict_x2,1.0,2.0,5.0,False,2,1,0,False,no_branch,nan,nan,nan,False,nan,nan,nan,nan,0.7905235000071116,
Shell_C_1000km,0.33421052631578946,42.26315789473684,derelict_x2,1.0,2.0,5.0,False,2,1,0,False,no_branch,nan,nan,nan,False,nan,nan,nan,nan,0.7735250419937074,
Shell_C_1000km,0.33421052631578946,44.8421052631579,derelict_x2,1.0,2.0,5.0,False,2,1,0,False,no_branch,nan,nan,nan,False,nan,nan,nan,nan,0.7761889579705894,
Shell_C_1000km,0.33421052631578946,47.421052631578945,derelict_x2,1.0,2.0,5.0,False,2,1,0,False,no_branch,nan,nan,nan,False,nan,nan,nan,nan,0.7719972500344738,
Shell_C_1000km,0.33421052631578946,50.0,derelict_x2,1.0,2.0,5.0,False,2,1,0,False,no_branch,nan,nan,nan,False,nan,nan,nan,nan,0.7538052499876358,
Shell_C_1000km,0.381578947368421,1.0,derelict_x2,1.0,2.0,5.0,True,2,7,1,False,complex_no_crossing,nan,nan,nan,True,32.82828282828282,-0.006128173533320267,-0.009000000000000001,-0.0007922219867980796,1.3263446670025587,
Shell_C_1000km,0.381578947368421,3.5789473684210527,derelict_x2,1.0,2.0,5.0,True,2,2,1,False,complex_no_crossing,nan,nan,nan,True,7.575757575757575,-0.0066659888869977785,-0.009000000000000001,-0.001,1.2506369169568643,
Shell_C_1000km,0.381578947368421,6.157894736842105,derelict_x2,1.0,2.0,5.0,False,2,1,0,False,no_branch,nan,nan,nan,False,nan,nan,nan,nan,1.034223333990667,
Shell_C_1000km,0.381578947368421,8.736842105263158,derelict_x2,1.0,2.0,5.0,False,2,1,0,False,no_branch,nan,nan,nan,False,nan,nan,nan,nan,0.9748180420137942,
Shell_C_1000km,0.381578947368421,11.31578947368421,derelict_x2,1.0,2.0,5.0,False,2,1,0,False,no_branch,nan,nan,nan,False,nan,nan,nan,nan,0.915799040987622,
Shell_C_1000km,0.381578947368421,13.894736842105264,derelict_x2,1.0,2.0,5.0,False,2,1,0,False,no_branch,nan,nan,nan,False,nan,nan,nan,nan,0.8885746669839136,
Shell_C_1000km,0.381578947368421,16.473684210526315,derelict_x2,1.0,2.0,5.0,False,2,1,0,False,no_branch,nan,nan,nan,False,nan,nan,nan,nan,0.851650291995611,
Shell_C_1000km,0.381578947368421,19.05263157894737,derelict_x2,1.0,2.0,5.0,False,2,1,0,False,no_branch,nan,nan,nan,False,nan,nan,nan,nan,0.8422879999852739,
Shell_C_1000km,0.381578947368421,21.63157894736842,derelict_x2,1.0,2.0,5.0,False,2,1,0,False,no_branch,nan,nan,nan,False,nan,nan,nan,nan,0.8301083749975078,
Shell_C_1000km,0.381578947368421,24.210526315789473,derelict_x2,1.0,2.0,5.0,False,2,1,0,False,no_branch,nan,nan,nan,False,nan,nan,nan,nan,0.8206588749890216,
Shell_C_1000km,0.381578947368421,26.789473684210527,derelict_x2,1.0,2.0,5.0,False,2,1,0,False,no_branch,nan,nan,nan,False,nan,nan,nan,nan,0.8085212080040947,
Shell_C_1000km,0.381578947368421,29.36842105263158,derelict_x2,1.0,2.0,5.0,False,2,1,0,False,no_branch,nan,nan,nan,False,nan,nan,nan,nan,0.8118346669944003,
Shell_C_1000km,0.381578947368421,31.94736842105263,derelict_x2,1.0,2.0,5.0,False,2,1,0,False,no_branch,nan,nan,nan,False,nan,nan,nan,nan,0.8020335420151241,
Shell_C_1000km,0.381578947368421,34.526315789473685,derelict_x2,1.0,2.0,5.0,False,2,1,0,False,no_branch,nan,nan,nan,False,nan,nan,nan,nan,0.784054541029036,
Shell_C_1000km,0.381578947368421,37.10526315789474,derelict_x2,1.0,2.0,5.0,False,2,1,0,False,no_branch,nan,nan,nan,False,nan,nan,nan,nan,0.7934263750212267,
Shell_C_1000km,0.381578947368421,39.68421052631579,derelict_x2,1.0,2.0,5.0,False,2,1,0,False,no_branch,nan,nan,nan,False,nan,nan,nan,nan,0.7987194590386935,
Shell_C_1000km,0.381578947368421,42.26315789473684,derelict_x2,1.0,2.0,5.0,False,2,1,0,False,no_branch,nan,nan,nan,False,nan,nan,nan,nan,0.7841823329799809,
Shell_C_1000km,0.381578947368421,44.8421052631579,derelict_x2,1.0,2.0,5.0,False,2,1,0,False,no_branch,nan,nan,nan,False,nan,nan,nan,nan,0.7867951249936596,
Shell_C_1000km,0.381578947368421,47.421052631578945,derelict_x2,1.0,2.0,5.0,False,2,1,0,False,no_branch,nan,nan,nan,False,nan,nan,nan,nan,0.7703580829547718,
Shell_C_1000km,0.381578947368421,50.0,derelict_x2,1.0,2.0,5.0,False,2,1,0,False,no_branch,nan,nan,nan,False,nan,nan,nan,nan,0.7762377500184812,
Shell_C_1000km,0.4289473684210526,1.0,derelict_x2,1.0,2.0,5.0,True,2,7,1,False,complex_no_crossing,nan,nan,nan,True,32.82828282828282,-0.006234028659220262,-0.009000000000000001,-0.000762188293966407,1.3972765829530545,
Shell_C_1000km,0.4289473684210526,3.5789473684210527,derelict_x2,1.0,2.0,5.0,True,2,2,0,False,no_complex_eigenvalues,nan,nan,nan,True,7.575757575757575,nan,-0.009000000000000001,-0.001,1.1414807920227759,
Shell_C_1000km,0.4289473684210526,6.157894736842105,derelict_x2,1.0,2.0,5.0,False,2,1,0,False,no_branch,nan,nan,nan,False,nan,nan,nan,nan,1.0433567499858327,
Shell_C_1000km,0.4289473684210526,8.736842105263158,derelict_x2,1.0,2.0,5.0,False,2,1,0,False,no_branch,nan,nan,nan,False,nan,nan,nan,nan,0.9892890000483021,
Shell_C_1000km,0.4289473684210526,11.31578947368421,derelict_x2,1.0,2.0,5.0,False,2,1,0,False,no_branch,nan,nan,nan,False,nan,nan,nan,nan,0.9405144579941407,
Shell_C_1000km,0.4289473684210526,13.894736842105264,derelict_x2,1.0,2.0,5.0,False,2,1,0,False,no_branch,nan,nan,nan,False,nan,nan,nan,nan,0.8991218330338597,
Shell_C_1000km,0.4289473684210526,16.473684210526315,derelict_x2,1.0,2.0,5.0,False,2,1,0,False,no_branch,nan,nan,nan,False,nan,nan,nan,nan,0.8765495420084335,
Shell_C_1000km,0.4289473684210526,19.05263157894737,derelict_x2,1.0,2.0,5.0,False,2,1,0,False,no_branch,nan,nan,nan,False,nan,nan,nan,nan,0.8547708749538288,
Shell_C_1000km,0.4289473684210526,21.63157894736842,derelict_x2,1.0,2.0,5.0,False,2,1,0,False,no_branch,nan,nan,nan,False,nan,nan,nan,nan,0.8599880840047263,
Shell_C_1000km,0.4289473684210526,24.210526315789473,derelict_x2,1.0,2.0,5.0,False,2,1,0,False,no_branch,nan,nan,nan,False,nan,nan,nan,nan,0.8329887079889886,
Shell_C_1000km,0.4289473684210526,26.789473684210527,derelict_x2,1.0,2.0,5.0,False,2,1,0,False,no_branch,nan,nan,nan,False,nan,nan,nan,nan,0.8302071249927394,
Shell_C_1000km,0.4289473684210526,29.36842105263158,derelict_x2,1.0,2.0,5.0,False,2,1,0,False,no_branch,nan,nan,nan,False,nan,nan,nan,nan,0.8357298329938203,
Shell_C_1000km,0.4289473684210526,31.94736842105263,derelict_x2,1.0,2.0,5.0,False,2,1,0,False,no_branch,nan,nan,nan,False,nan,nan,nan,nan,0.8118904580478556,
Shell_C_1000km,0.4289473684210526,34.526315789473685,derelict_x2,1.0,2.0,5.0,False,2,1,0,False,no_branch,nan,nan,nan,False,nan,nan,nan,nan,0.8143418339896016,
Shell_C_1000km,0.4289473684210526,37.10526315789474,derelict_x2,1.0,2.0,5.0,False,2,1,0,False,no_branch,nan,nan,nan,False,nan,nan,nan,nan,0.8172996250214055,
Shell_C_1000km,0.4289473684210526,39.68421052631579,derelict_x2,1.0,2.0,5.0,False,2,1,0,False,no_branch,nan,nan,nan,False,nan,nan,nan,nan,0.817506332998164,
Shell_C_1000km,0.4289473684210526,42.26315789473684,derelict_x2,1.0,2.0,5.0,False,2,1,0,False,no_branch,nan,nan,nan,False,nan,nan,nan,nan,0.8043054169975221,
Shell_C_1000km,0.4289473684210526,44.8421052631579,derelict_x2,1.0,2.0,5.0,False,2,1,0,False,no_branch,nan,nan,nan,False,nan,nan,nan,nan,0.7932014159741811,
Shell_C_1000km,0.4289473684210526,47.421052631578945,derelict_x2,1.0,2.0,5.0,False,2,1,0,False,no_branch,nan,nan,nan,False,nan,nan,nan,nan,0.8030099580064416,
Shell_C_1000km,0.4289473684210526,50.0,derelict_x2,1.0,2.0,5.0,False,2,1,0,False,no_branch,nan,nan,nan,False,nan,nan,nan,nan,0.7943651670357212,
Shell_C_1000km,0.47631578947368414,1.0,derelict_x2,1.0,2.0,5.0,True,2,7,1,False,complex_no_crossing,nan,nan,nan,True,32.82828282828282,-0.006337314262709002,-0.009000000000000001,-0.0007308288213618769,1.4181510409689508,
Shell_C_1000km,0.47631578947368414,3.5789473684210527,derelict_x2,1.0,2.0,5.0,True,2,2,0,False,no_complex_eigenvalues,nan,nan,nan,True,7.575757575757575,nan,-0.009000000000000001,-0.001,1.1512566659948789,
Shell_C_1000km,0.47631578947368414,6.157894736842105,derelict_x2,1.0,2.0,5.0,False,2,1,0,False,no_branch,nan,nan,nan,False,nan,nan,nan,nan,1.0784628330147825,
Shell_C_1000km,0.47631578947368414,8.736842105263158,derelict_x2,1.0,2.0,5.0,False,2,1,0,False,no_branch,nan,nan,nan,False,nan,nan,nan,nan,1.006174583977554,
Shell_C_1000km,0.47631578947368414,11.31578947368421,derelict_x2,1.0,2.0,5.0,False,2,1,0,False,no_branch,nan,nan,nan,False,nan,nan,nan,nan,0.96922737499699,
Shell_C_1000km,0.47631578947368414,13.894736842105264,derelict_x2,1.0,2.0,5.0,False,2,1,0,False,no_branch,nan,nan,nan,False,nan,nan,nan,nan,0.935335667047184,
Shell_C_1000km,0.47631578947368414,16.473684210526315,derelict_x2,1.0,2.0,5.0,False,2,1,0,False,no_branch,nan,nan,nan,False,nan,nan,nan,nan,0.8822047910070978,
Shell_C_1000km,0.47631578947368414,19.05263157894737,derelict_x2,1.0,2.0,5.0,False,2,1,0,False,no_branch,nan,nan,nan,False,nan,nan,nan,nan,0.886308207991533,
Shell_C_1000km,0.47631578947368414,21.63157894736842,derelict_x2,1.0,2.0,5.0,False,2,1,0,False,no_branch,nan,nan,nan,False,nan,nan,nan,nan,0.8739635000238195,
Shell_C_1000km,0.47631578947368414,24.210526315789473,derelict_x2,1.0,2.0,5.0,False,2,1,0,False,no_branch,nan,nan,nan,False,nan,nan,nan,nan,0.8626001669908874,
Shell_C_1000km,0.47631578947368414,26.789473684210527,derelict_x2,1.0,2.0,5.0,False,2,1,0,False,no_branch,nan,nan,nan,False,nan,nan,nan,nan,0.8568553749937564,
Shell_C_1000km,0.47631578947368414,29.36842105263158,derelict_x2,1.0,2.0,5.0,False,2,1,0,False,no_branch,nan,nan,nan,False,nan,nan,nan,nan,0.8437339580268599,
Shell_C_1000km,0.47631578947368414,31.94736842105263,derelict_x2,1.0,2.0,5.0,False,2,1,0,False,no_branch,nan,nan,nan,False,nan,nan,nan,nan,0.8524837089935318,
Shell_C_1000km,0.47631578947368414,34.526315789473685,derelict_x2,1.0,2.0,5.0,False,2,1,0,False,no_branch,nan,nan,nan,False,nan,nan,nan,nan,0.8337174169719219,
Shell_C_1000km,0.47631578947368414,37.10526315789474,derelict_x2,1.0,2.0,5.0,False,2,1,0,False,no_branch,nan,nan,nan,False,nan,nan,nan,nan,0.840736833983101,
Shell_C_1000km,0.47631578947368414,39.68421052631579,derelict_x2,1.0,2.0,5.0,False,2,1,0,False,no_branch,nan,nan,nan,False,nan,nan,nan,nan,0.8422159579931758,
Shell_C_1000km,0.47631578947368414,42.26315789473684,derelict_x2,1.0,2.0,5.0,False,2,1,0,False,no_branch,nan,nan,nan,False,nan,nan,nan,nan,0.8357749169808812,
Shell_C_1000km,0.47631578947368414,44.8421052631579,derelict_x2,1.0,2.0,5.0,False,2,1,0,False,no_branch,nan,nan,nan,False,nan,nan,nan,nan,0.8252309579984285,
Shell_C_1000km,0.47631578947368414,47.421052631578945,derelict_x2,1.0,2.0,5.0,False,2,1,0,False,no_branch,nan,nan,nan,False,nan,nan,nan,nan,0.8195349589805119,
Shell_C_1000km,0.47631578947368414,50.0,derelict_x2,1.0,2.0,5.0,False,2,1,0,False,no_branch,nan,nan,nan,False,nan,nan,nan,nan,0.8280886249849573,
Shell_C_1000km,0.5236842105263158,1.0,derelict_x2,1.0,2.0,5.0,True,2,7,1,False,complex_no_crossing,nan,nan,nan,True,32.82828282828282,-0.006438189404562302,-0.009000000000000001,-0.000697972522951248,1.4358489580336027,
Shell_C_1000km,0.5236842105263158,3.5789473684210527,derelict_x2,1.0,2.0,5.0,True,2,2,0,False,no_complex_eigenvalues,nan,nan,nan,True,7.575757575757575,nan,-0.009000000000000001,-0.001,1.1832004159805365,
Shell_C_1000km,0.5236842105263158,6.157894736842105,derelict_x2,1.0,2.0,5.0,False,2,1,0,False,no_branch,nan,nan,nan,False,nan,nan,nan,nan,1.093840542016551,
Shell_C_1000km,0.5236842105263158,8.736842105263158,derelict_x2,1.0,2.0,5.0,False,2,1,0,False,no_branch,nan,nan,nan,False,nan,nan,nan,nan,1.036059541045688,
Shell_C_1000km,0.5236842105263158,11.31578947368421,derelict_x2,1.0,2.0,5.0,False,2,1,0,False,no_branch,nan,nan,nan,False,nan,nan,nan,nan,0.9953337499755435,
Shell_C_1000km,0.5236842105263158,13.894736842105264,derelict_x2,1.0,2.0,5.0,False,2,1,0,False,no_branch,nan,nan,nan,False,nan,nan,nan,nan,0.9426827080314979,
Shell_C_1000km,0.5236842105263158,16.473684210526315,derelict_x2,1.0,2.0,5.0,False,2,1,0,False,no_branch,nan,nan,nan,False,nan,nan,nan,nan,0.9152137499768287,
Shell_C_1000km,0.5236842105263158,19.05263157894737,derelict_x2,1.0,2.0,5.0,False,2,1,0,False,no_branch,nan,nan,nan,False,nan,nan,nan,nan,0.9052575409878045,
Shell_C_1000km,0.5236842105263158,21.63157894736842,derelict_x2,1.0,2.0,5.0,False,2,1,0,False,no_branch,nan,nan,nan,False,nan,nan,nan,nan,0.9534747919533402,
Shell_C_1000km,0.5236842105263158,24.210526315789473,derelict_x2,1.0,2.0,5.0,False,2,1,0,False,no_branch,nan,nan,nan,False,nan,nan,nan,nan,0.8860857079853304,
Shell_C_1000km,0.5236842105263158,26.789473684210527,derelict_x2,1.0,2.0,5.0,False,2,1,0,False,no_branch,nan,nan,nan,False,nan,nan,nan,nan,0.8712437079520896,
Shell_C_1000km,0.5236842105263158,29.36842105263158,derelict_x2,1.0,2.0,5.0,False,2,1,0,False,no_branch,nan,nan,nan,False,nan,nan,nan,nan,0.8708430000115186,
Shell_C_1000km,0.5236842105263158,31.94736842105263,derelict_x2,1.0,2.0,5.0,False,2,1,0,False,no_branch,nan,nan,nan,False,nan,nan,nan,nan,0.8628531669965014,
Shell_C_1000km,0.5236842105263158,34.526315789473685,derelict_x2,1.0,2.0,5.0,False,2,1,0,False,no_branch,nan,nan,nan,False,nan,nan,nan,nan,0.8581349999876693,
Shell_C_1000km,0.5236842105263158,37.10526315789474,derelict_x2,1.0,2.0,5.0,False,2,1,0,False,no_branch,nan,nan,nan,False,nan,nan,nan,nan,0.8487123340019025,
Shell_C_1000km,0.5236842105263158,39.68421052631579,derelict_x2,1.0,2.0,5.0,False,2,1,0,False,no_branch,nan,nan,nan,False,nan,nan,nan,nan,0.8595625419984572,
Shell_C_1000km,0.5236842105263158,42.26315789473684,derelict_x2,1.0,2.0,5.0,False,2,1,0,False,no_branch,nan,nan,nan,False,nan,nan,nan,nan,0.8502663330291398,
Shell_C_1000km,0.5236842105263158,44.8421052631579,derelict_x2,1.0,2.0,5.0,False,2,1,0,False,no_branch,nan,nan,nan,False,nan,nan,nan,nan,0.9076235839747824,
Shell_C_1000km,0.5236842105263158,47.421052631578945,derelict_x2,1.0,2.0,5.0,False,2,1,0,False,no_branch,nan,nan,nan,False,nan,nan,nan,nan,0.8444372080266476,
Shell_C_1000km,0.5236842105263158,50.0,derelict_x2,1.0,2.0,5.0,False,2,1,0,False,no_branch,nan,nan,nan,False,nan,nan,nan,nan,0.8343732500215992,
Shell_C_1000km,0.5710526315789474,1.0,derelict_x2,1.0,2.0,5.0,True,2,7,1,False,complex_no_crossing,nan,nan,nan,True,32.82828282828282,-0.0065367982828525625,-0.009000000000000001,-0.000663405210679531,1.3676149169914424,
Shell_C_1000km,0.5710526315789474,3.5789473684210527,derelict_x2,1.0,2.0,5.0,True,2,2,0,False,no_complex_eigenvalues,nan,nan,nan,True,7.575757575757575,nan,-0.009000000000000001,-0.001,1.1995485419756733,
Shell_C_1000km,0.5710526315789474,6.157894736842105,derelict_x2,1.0,2.0,5.0,False,2,1,0,False,no_branch,nan,nan,nan,False,nan,nan,nan,nan,1.11583475000225,
Shell_C_1000km,0.5710526315789474,8.736842105263158,derelict_x2,1.0,2.0,5.0,False,2,1,0,False,no_branch,nan,nan,nan,False,nan,nan,nan,nan,1.0486336249741726,
Shell_C_1000km,0.5710526315789474,11.31578947368421,derelict_x2,1.0,2.0,5.0,False,2,1,0,False,no_branch,nan,nan,nan,False,nan,nan,nan,nan,1.0165787079604343,
Shell_C_1000km,0.5710526315789474,13.894736842105264,derelict_x2,1.0,2.0,5.0,False,2,1,0,False,no_branch,nan,nan,nan,False,nan,nan,nan,nan,0.9742662910139188,
Shell_C_1000km,0.5710526315789474,16.473684210526315,derelict_x2,1.0,2.0,5.0,False,2,1,0,False,no_branch,nan,nan,nan,False,nan,nan,nan,nan,0.9383622920140624,
Shell_C_1000km,0.5710526315789474,19.05263157894737,derelict_x2,1.0,2.0,5.0,False,2,1,0,False,no_branch,nan,nan,nan,False,nan,nan,nan,nan,0.9242766249808483,
Shell_C_1000km,0.5710526315789474,21.63157894736842,derelict_x2,1.0,2.0,5.0,False,2,1,0,False,no_branch,nan,nan,nan,False,nan,nan,nan,nan,0.9040538330445997,
Shell_C_1000km,0.5710526315789474,24.210526315789473,derelict_x2,1.0,2.0,5.0,False,2,1,0,False,no_branch,nan,nan,nan,False,nan,nan,nan,nan,0.9076344160130247,
Shell_C_1000km,0.5710526315789474,26.789473684210527,derelict_x2,1.0,2.0,5.0,False,2,1,0,False,no_branch,nan,nan,nan,False,nan,nan,nan,nan,0.8855005410150625,
Shell_C_1000km,0.5710526315789474,29.36842105263158,derelict_x2,1.0,2.0,5.0,False,2,1,0,False,no_branch,nan,nan,nan,False,nan,nan,nan,nan,0.8890310419956222,
Shell_C_1000km,0.5710526315789474,31.94736842105263,derelict_x2,1.0,2.0,5.0,False,2,1,0,False,no_branch,nan,nan,nan,False,nan,nan,nan,nan,0.8917831250000745,
Shell_C_1000km,0.5710526315789474,34.526315789473685,derelict_x2,1.0,2.0,5.0,False,2,1,0,False,no_branch,nan,nan,nan,False,nan,nan,nan,nan,0.8639975829864852,
Shell_C_1000km,0.5710526315789474,37.10526315789474,derelict_x2,1.0,2.0,5.0,False,2,1,0,False,no_branch,nan,nan,nan,False,nan,nan,nan,nan,0.8728372500045225,
Shell_C_1000km,0.5710526315789474,39.68421052631579,derelict_x2,1.0,2.0,5.0,False,2,1,0,False,no_branch,nan,nan,nan,False,nan,nan,nan,nan,0.9004428330226801,
Shell_C_1000km,0.5710526315789474,42.26315789473684,derelict_x2,1.0,2.0,5.0,False,2,1,0,False,no_branch,nan,nan,nan,False,nan,nan,nan,nan,0.8982174159609713,
Shell_C_1000km,0.5710526315789474,44.8421052631579,derelict_x2,1.0,2.0,5.0,False,2,1,0,False,no_branch,nan,nan,nan,False,nan,nan,nan,nan,0.8655989170074463,
Shell_C_1000km,0.5710526315789474,47.421052631578945,derelict_x2,1.0,2.0,5.0,False,2,1,0,False,no_branch,nan,nan,nan,False,nan,nan,nan,nan,0.8553104170132428,
Shell_C_1000km,0.5710526315789474,50.0,derelict_x2,1.0,2.0,5.0,False,2,1,0,False,no_branch,nan,nan,nan,False,nan,nan,nan,nan,0.8632527500158176,
Shell_C_1000km,0.618421052631579,1.0,derelict_x2,1.0,2.0,5.0,True,2,7,1,False,complex_no_crossing,nan,nan,nan,True,32.82828282828282,-0.0066332720565328036,-0.009000000000000001,-0.0006268527833258587,1.3916612500324845,
Shell_C_1000km,0.618421052631579,3.5789473684210527,derelict_x2,1.0,2.0,5.0,True,2,2,0,False,no_complex_eigenvalues,nan,nan,nan,True,7.575757575757575,nan,-0.009000000000000001,-0.001,1.2388169579789974,
Shell_C_1000km,0.618421052631579,6.157894736842105,derelict_x2,1.0,2.0,5.0,False,2,1,0,False,no_branch,nan,nan,nan,False,nan,nan,nan,nan,1.145391667028889,
Shell_C_1000km,0.618421052631579,8.736842105263158,derelict_x2,1.0,2.0,5.0,False,2,1,0,False,no_branch,nan,nan,nan,False,nan,nan,nan,nan,1.0923379579908215,
Shell_C_1000km,0.618421052631579,11.31578947368421,derelict_x2,1.0,2.0,5.0,False,2,1,0,False,no_branch,nan,nan,nan,False,nan,nan,nan,nan,1.043778833001852,
Shell_C_1000km,0.618421052631579,13.894736842105264,derelict_x2,1.0,2.0,5.0,False,2,1,0,False,no_branch,nan,nan,nan,False,nan,nan,nan,nan,1.0155830000294372,
Shell_C_1000km,0.618421052631579,16.473684210526315,derelict_x2,1.0,2.0,5.0,False,2,1,0,False,no_branch,nan,nan,nan,False,nan,nan,nan,nan,0.9863321249722503,
Shell_C_1000km,0.618421052631579,19.05263157894737,derelict_x2,1.0,2.0,5.0,False,2,1,0,False,no_branch,nan,nan,nan,False,nan,nan,nan,nan,0.9488951250095852,
Shell_C_1000km,0.618421052631579,21.63157894736842,derelict_x2,1.0,2.0,5.0,False,2,1,0,False,no_branch,nan,nan,nan,False,nan,nan,nan,nan,0.9468776249559596,
Shell_C_1000km,0.618421052631579,24.210526315789473,derelict_x2,1.0,2.0,5.0,False,2,1,0,False,no_branch,nan,nan,nan,False,nan,nan,nan,nan,0.9370106250280514,
Shell_C_1000km,0.618421052631579,26.789473684210527,derelict_x2,1.0,2.0,5.0,False,2,1,0,False,no_branch,nan,nan,nan,False,nan,nan,nan,nan,0.919848749996163,
Shell_C_1000km,0.618421052631579,29.36842105263158,derelict_x2,1.0,2.0,5.0,False,2,1,0,False,no_branch,nan,nan,nan,False,nan,nan,nan,nan,0.9271577500039712,
Shell_C_1000km,0.618421052631579,31.94736842105263,derelict_x2,1.0,2.0,5.0,False,2,1,0,False,no_branch,nan,nan,nan,False,nan,nan,nan,nan,0.9125348329544067,
Shell_C_1000km,0.618421052631579,34.526315789473685,derelict_x2,1.0,2.0,5.0,False,2,1,0,False,no_branch,nan,nan,nan,False,nan,nan,nan,nan,0.9843873750069179,
Shell_C_1000km,0.618421052631579,37.10526315789474,derelict_x2,1.0,2.0,5.0,False,2,1,0,False,no_branch,nan,nan,nan,False,nan,nan,nan,nan,0.9005286250030622,
Shell_C_1000km,0.618421052631579,39.68421052631579,derelict_x2,1.0,2.0,5.0,False,2,1,0,False,no_branch,nan,nan,nan,False,nan,nan,nan,nan,0.9099487499915995,
Shell_C_1000km,0.618421052631579,42.26315789473684,derelict_x2,1.0,2.0,5.0,False,2,1,0,False,no_branch,nan,nan,nan,False,nan,nan,nan,nan,0.8994601659942418,
Shell_C_1000km,0.618421052631579,44.8421052631579,derelict_x2,1.0,2.0,5.0,False,2,1,0,False,no_branch,nan,nan,nan,False,nan,nan,nan,nan,0.9038358750403859,
Shell_C_1000km,0.618421052631579,47.421052631578945,derelict_x2,1.0,2.0,5.0,False,2,1,0,False,no_branch,nan,nan,nan,False,nan,nan,nan,nan,0.8956630000029691,
Shell_C_1000km,0.618421052631579,50.0,derelict_x2,1.0,2.0,5.0,False,2,1,0,False,no_branch,nan,nan,nan,False,nan,nan,nan,nan,0.8936349999858066,
Shell_C_1000km,0.6657894736842105,1.0,derelict_x2,1.0,2.0,5.0,True,2,7,1,False,complex_no_crossing,nan,nan,nan,True,32.82828282828282,-0.006727730394662552,-0.009000000000000001,-0.000587954989213214,1.4242420829832554,
Shell_C_1000km,0.6657894736842105,3.5789473684210527,derelict_x2,1.0,2.0,5.0,True,2,2,0,False,no_complex_eigenvalues,nan,nan,nan,True,7.575757575757575,nan,-0.009000000000000001,-0.001,1.2455566249554977,
Shell_C_1000km,0.6657894736842105,6.157894736842105,derelict_x2,1.0,2.0,5.0,False,2,1,0,False,no_branch,nan,nan,nan,False,nan,nan,nan,nan,1.177884417003952,
Shell_C_1000km,0.6657894736842105,8.736842105263158,derelict_x2,1.0,2.0,5.0,False,2,1,0,False,no_branch,nan,nan,nan,False,nan,nan,nan,nan,1.120560250012204,
Shell_C_1000km,0.6657894736842105,11.31578947368421,derelict_x2,1.0,2.0,5.0,False,2,1,0,False,no_branch,nan,nan,nan,False,nan,nan,nan,nan,1.0852606249973178,
Shell_C_1000km,0.6657894736842105,13.894736842105264,derelict_x2,1.0,2.0,5.0,False,2,1,0,False,no_branch,nan,nan,nan,False,nan,nan,nan,nan,1.0615899590193294,
Shell_C_1000km,0.6657894736842105,16.473684210526315,derelict_x2,1.0,2.0,5.0,False,2,1,0,False,no_branch,nan,nan,nan,False,nan,nan,nan,nan,1.0049462500028312,
Shell_C_1000km,0.6657894736842105,19.05263157894737,derelict_x2,1.0,2.0,5.0,False,2,1,0,False,no_branch,nan,nan,nan,False,nan,nan,nan,nan,0.9989404170191847,
Shell_C_1000km,0.6657894736842105,21.63157894736842,derelict_x2,1.0,2.0,5.0,False,2,1,0,False,no_branch,nan,nan,nan,False,nan,nan,nan,nan,0.9668916249647737,
Shell_C_1000km,0.6657894736842105,24.210526315789473,derelict_x2,1.0,2.0,5.0,False,2,1,0,False,no_branch,nan,nan,nan,False,nan,nan,nan,nan,1.0183258340111934,
Shell_C_1000km,0.6657894736842105,26.789473684210527,derelict_x2,1.0,2.0,5.0,False,2,1,0,False,no_branch,nan,nan,nan,False,nan,nan,nan,nan,1.0246172500192188,
Shell_C_1000km,0.6657894736842105,29.36842105263158,derelict_x2,1.0,2.0,5.0,False,2,1,0,False,no_branch,nan,nan,nan,False,nan,nan,nan,nan,0.9643363330396824,
Shell_C_1000km,0.6657894736842105,31.94736842105263,derelict_x2,1.0,2.0,5.0,False,2,1,0,False,no_branch,nan,nan,nan,False,nan,nan,nan,nan,0.9469486669986509,
Shell_C_1000km,0.6657894736842105,34.526315789473685,derelict_x2,1.0,2.0,5.0,False,2,1,0,False,no_branch,nan,nan,nan,False,nan,nan,nan,nan,0.9383467920124531,
Shell_C_1000km,0.6657894736842105,37.10526315789474,derelict_x2,1.0,2.0,5.0,False,2,1,0,False,no_branch,nan,nan,nan,False,nan,nan,nan,nan,0.9383603750029579,
Shell_C_1000km,0.6657894736842105,39.68421052631579,derelict_x2,1.0,2.0,5.0,False,2,1,0,False,no_branch,nan,nan,nan,False,nan,nan,nan,nan,0.9241327499621548,
Shell_C_1000km,0.6657894736842105,42.26315789473684,derelict_x2,1.0,2.0,5.0,False,2,1,0,False,no_branch,nan,nan,nan,False,nan,nan,nan,nan,0.9416080829687417,
Shell_C_1000km,0.6657894736842105,44.8421052631579,derelict_x2,1.0,2.0,5.0,False,2,1,0,False,no_branch,nan,nan,nan,False,nan,nan,nan,nan,0.9302320000133477,
Shell_C_1000km,0.6657894736842105,47.421052631578945,derelict_x2,1.0,2.0,5.0,False,2,1,0,False,no_branch,nan,nan,nan,False,nan,nan,nan,nan,0.924233666039072,
Shell_C_1000km,0.6657894736842105,50.0,derelict_x2,1.0,2.0,5.0,False,2,1,0,False,no_branch,nan,nan,nan,False,nan,nan,nan,nan,0.9290801250026561,
Shell_C_1000km,0.7131578947368421,1.0,derelict_x2,1.0,2.0,5.0,True,2,7,1,False,complex_no_crossing,nan,nan,nan,True,32.82828282828282,-0.006820282799826081,-0.009000000000000001,-0.0005462222368369578,1.4189744159812108,
Shell_C_1000km,0.7131578947368421,3.5789473684210527,derelict_x2,1.0,2.0,5.0,True,2,2,0,False,no_complex_eigenvalues,nan,nan,nan,True,7.575757575757575,nan,-0.009000000000000001,-0.001,1.289707541000098,
Shell_C_1000km,0.7131578947368421,6.157894736842105,derelict_x2,1.0,2.0,5.0,False,2,1,0,False,no_branch,nan,nan,nan,False,nan,nan,nan,nan,1.2134308750391938,
Shell_C_1000km,0.7131578947368421,8.736842105263158,derelict_x2,1.0,2.0,5.0,False,2,1,0,False,no_branch,nan,nan,nan,False,nan,nan,nan,nan,1.1786877499544062,
Shell_C_1000km,0.7131578947368421,11.31578947368421,derelict_x2,1.0,2.0,5.0,False,2,1,0,False,no_branch,nan,nan,nan,False,nan,nan,nan,nan,1.1171724590240046,
Shell_C_1000km,0.7131578947368421,13.894736842105264,derelict_x2,1.0,2.0,5.0,False,2,1,0,False,no_branch,nan,nan,nan,False,nan,nan,nan,nan,1.0978543750243261,
Shell_C_1000km,0.7131578947368421,16.473684210526315,derelict_x2,1.0,2.0,5.0,False,2,1,0,False,no_branch,nan,nan,nan,False,nan,nan,nan,nan,1.0433151659672149,
Shell_C_1000km,0.7131578947368421,19.05263157894737,derelict_x2,1.0,2.0,5.0,False,2,1,0,False,no_branch,nan,nan,nan,False,nan,nan,nan,nan,1.10662129096454,
Shell_C_1000km,0.7131578947368421,21.63157894736842,derelict_x2,1.0,2.0,5.0,False,2,1,0,False,no_branch,nan,nan,nan,False,nan,nan,nan,nan,1.020141415996477,
Shell_C_1000km,0.7131578947368421,24.210526315789473,derelict_x2,1.0,2.0,5.0,False,2,1,0,False,no_branch,nan,nan,nan,False,nan,nan,nan,nan,0.9933785840403289,
Shell_C_1000km,0.7131578947368421,26.789473684210527,derelict_x2,1.0,2.0,5.0,False,2,1,0,False,no_branch,nan,nan,nan,False,nan,nan,nan,nan,0.9956560420105234,
Shell_C_1000km,0.7131578947368421,29.36842105263158,derelict_x2,1.0,2.0,5.0,False,2,1,0,False,no_branch,nan,nan,nan,False,nan,nan,nan,nan,0.9817095409962349,
Shell_C_1000km,0.7131578947368421,31.94736842105263,derelict_x2,1.0,2.0,5.0,False,2,1,0,False,no_branch,nan,nan,nan,False,nan,nan,nan,nan,0.9823091669823043,
Shell_C_1000km,0.7131578947368421,34.526315789473685,derelict_x2,1.0,2.0,5.0,False,2,1,0,False,no_branch,nan,nan,nan,False,nan,nan,nan,nan,0.980006166966632,
Shell_C_1000km,0.7131578947368421,37.10526315789474,derelict_x2,1.0,2.0,5.0,False,2,1,0,False,no_branch,nan,nan,nan,False,nan,nan,nan,nan,0.9561112080118619,
Shell_C_1000km,0.7131578947368421,39.68421052631579,derelict_x2,1.0,2.0,5.0,False,2,1,0,False,no_branch,nan,nan,nan,False,nan,nan,nan,nan,0.9787890409934334,
Shell_C_1000km,0.7131578947368421,42.26315789473684,derelict_x2,1.0,2.0,5.0,False,2,1,0,False,no_branch,nan,nan,nan,False,nan,nan,nan,nan,0.9658040410140529,
Shell_C_1000km,0.7131578947368421,44.8421052631579,derelict_x2,1.0,2.0,5.0,False,2,1,0,False,no_branch,nan,nan,nan,False,nan,nan,nan,nan,0.9603538750088774,
Shell_C_1000km,0.7131578947368421,47.421052631578945,derelict_x2,1.0,2.0,5.0,False,2,1,0,False,no_branch,nan,nan,nan,False,nan,nan,nan,nan,0.9530172920203768,
Shell_C_1000km,0.7131578947368421,50.0,derelict_x2,1.0,2.0,5.0,False,2,1,0,False,no_branch,nan,nan,nan,False,nan,nan,nan,nan,0.9403972500003874,
Shell_C_1000km,0.7605263157894736,1.0,derelict_x2,1.0,2.0,5.0,True,2,7,1,False,complex_no_crossing,nan,nan,nan,True,32.82828282828282,-0.006911029744472441,-0.009000000000000001,-0.0005009597669882275,1.4666217499761842,
Shell_C_1000km,0.7605263157894736,3.5789473684210527,derelict_x2,1.0,2.0,5.0,True,2,2,0,False,no_complex_eigenvalues,nan,nan,nan,True,7.575757575757575,nan,-0.009000000000000001,-0.001,1.3230073329759762,
Shell_C_1000km,0.7605263157894736,6.157894736842105,derelict_x2,1.0,2.0,5.0,False,2,1,0,False,no_branch,nan,nan,nan,False,nan,nan,nan,nan,1.2624955420033075,
Shell_C_1000km,0.7605263157894736,8.736842105263158,derelict_x2,1.0,2.0,5.0,False,2,1,0,False,no_branch,nan,nan,nan,False,nan,nan,nan,nan,1.203011165955104,
Shell_C_1000km,0.7605263157894736,11.31578947368421,derelict_x2,1.0,2.0,5.0,False,2,1,0,False,no_branch,nan,nan,nan,False,nan,nan,nan,nan,1.2484348330181092,
Shell_C_1000km,0.7605263157894736,13.894736842105264,derelict_x2,1.0,2.0,5.0,False,2,1,0,False,no_branch,nan,nan,nan,False,nan,nan,nan,nan,1.1434589590062387,
Shell_C_1000km,0.7605263157894736,16.473684210526315,derelict_x2,1.0,2.0,5.0,False,2,1,0,False,no_branch,nan,nan,nan,False,nan,nan,nan,nan,1.1044979579746723,
Shell_C_1000km,0.7605263157894736,19.05263157894737,derelict_x2,1.0,2.0,5.0,False,2,1,0,False,no_branch,nan,nan,nan,False,nan,nan,nan,nan,1.0882703330134973,
Shell_C_1000km,0.7605263157894736,21.63157894736842,derelict_x2,1.0,2.0,5.0,False,2,1,0,False,no_branch,nan,nan,nan,False,nan,nan,nan,nan,1.0562579170218669,
Shell_C_1000km,0.7605263157894736,24.210526315789473,derelict_x2,1.0,2.0,5.0,False,2,1,0,False,no_branch,nan,nan,nan,False,nan,nan,nan,nan,1.0590452500036918,
Shell_C_1000km,0.7605263157894736,26.789473684210527,derelict_x2,1.0,2.0,5.0,False,2,1,0,False,no_branch,nan,nan,nan,False,nan,nan,nan,nan,1.0375469169812277,
Shell_C_1000km,0.7605263157894736,29.36842105263158,derelict_x2,1.0,2.0,5.0,False,2,1,0,False,no_branch,nan,nan,nan,False,nan,nan,nan,nan,1.0242567909881473,
Shell_C_1000km,0.7605263157894736,31.94736842105263,derelict_x2,1.0,2.0,5.0,False,2,1,0,False,no_branch,nan,nan,nan,False,nan,nan,nan,nan,1.033185125037562,
Shell_C_1000km,0.7605263157894736,34.526315789473685,derelict_x2,1.0,2.0,5.0,False,2,1,0,False,no_branch,nan,nan,nan,False,nan,nan,nan,nan,1.0114465419901535,
Shell_C_1000km,0.7605263157894736,37.10526315789474,derelict_x2,1.0,2.0,5.0,False,2,1,0,False,no_branch,nan,nan,nan,False,nan,nan,nan,nan,1.0198198749567382,
Shell_C_1000km,0.7605263157894736,39.68421052631579,derelict_x2,1.0,2.0,5.0,False,2,1,0,False,no_branch,nan,nan,nan,False,nan,nan,nan,nan,1.0131127500208095,
Shell_C_1000km,0.7605263157894736,42.26315789473684,derelict_x2,1.0,2.0,5.0,False,2,1,0,False,no_branch,nan,nan,nan,False,nan,nan,nan,nan,1.0115270829992369,
Shell_C_1000km,0.7605263157894736,44.8421052631579,derelict_x2,1.0,2.0,5.0,False,2,1,0,False,no_branch,nan,nan,nan,False,nan,nan,nan,nan,1.003250041976571,
Shell_C_1000km,0.7605263157894736,47.421052631578945,derelict_x2,1.0,2.0,5.0,False,2,1,0,False,no_branch,nan,nan,nan,False,nan,nan,nan,nan,1.000233541999478,
Shell_C_1000km,0.7605263157894736,50.0,derelict_x2,1.0,2.0,5.0,False,2,1,0,False,no_branch,nan,nan,nan,False,nan,nan,nan,nan,0.9916480830288492,
Shell_C_1000km,0.8078947368421052,1.0,derelict_x2,1.0,2.0,5.0,True,2,7,1,False,complex_no_crossing,nan,nan,nan,True,32.82828282828282,-0.007000063651310279,-0.009000000000000001,-0.0004511227703355365,1.546756500029005,
Shell_C_1000km,0.8078947368421052,3.5789473684210527,derelict_x2,1.0,2.0,5.0,True,2,2,0,False,no_complex_eigenvalues,nan,nan,nan,True,7.575757575757575,nan,-0.009000000000000001,-0.001,1.3767800829955377,
Shell_C_1000km,0.8078947368421052,6.157894736842105,derelict_x2,1.0,2.0,5.0,False,2,1,0,False,no_branch,nan,nan,nan,False,nan,nan,nan,nan,1.2854104589787312,
Shell_C_1000km,0.8078947368421052,8.736842105263158,derelict_x2,1.0,2.0,5.0,False,2,1,0,False,no_branch,nan,nan,nan,False,nan,nan,nan,nan,1.2576690840069205,
Shell_C_1000km,0.8078947368421052,11.31578947368421,derelict_x2,1.0,2.0,5.0,False,2,1,0,False,no_branch,nan,nan,nan,False,nan,nan,nan,nan,1.242870791000314,
Shell_C_1000km,0.8078947368421052,13.894736842105264,derelict_x2,1.0,2.0,5.0,False,2,1,0,False,no_branch,nan,nan,nan,False,nan,nan,nan,nan,1.2346852910122834,
Shell_C_1000km,0.8078947368421052,16.473684210526315,derelict_x2,1.0,2.0,5.0,False,2,1,0,False,no_branch,nan,nan,nan,False,nan,nan,nan,nan,1.1720543749979697,
Shell_C_1000km,0.8078947368421052,19.05263157894737,derelict_x2,1.0,2.0,5.0,False,2,1,0,False,no_branch,nan,nan,nan,False,nan,nan,nan,nan,1.1227100839605555,
Shell_C_1000km,0.8078947368421052,21.63157894736842,derelict_x2,1.0,2.0,5.0,False,2,1,0,False,no_branch,nan,nan,nan,False,nan,nan,nan,nan,1.130314374982845,
Shell_C_1000km,0.8078947368421052,24.210526315789473,derelict_x2,1.0,2.0,5.0,False,2,1,0,False,no_branch,nan,nan,nan,False,nan,nan,nan,nan,1.112391334027052,
Shell_C_1000km,0.8078947368421052,26.789473684210527,derelict_x2,1.0,2.0,5.0,False,2,1,0,False,no_branch,nan,nan,nan,False,nan,nan,nan,nan,1.0951532080071047,
Shell_C_1000km,0.8078947368421052,29.36842105263158,derelict_x2,1.0,2.0,5.0,False,2,1,0,False,no_branch,nan,nan,nan,False,nan,nan,nan,nan,1.0882491660304368,
Shell_C_1000km,0.8078947368421052,31.94736842105263,derelict_x2,1.0,2.0,5.0,False,2,1,0,False,no_branch,nan,nan,nan,False,nan,nan,nan,nan,1.0873722090036608,
Shell_C_1000km,0.8078947368421052,34.526315789473685,derelict_x2,1.0,2.0,5.0,False,2,1,0,False,no_branch,nan,nan,nan,False,nan,nan,nan,nan,1.0802996249985881,
Shell_C_1000km,0.8078947368421052,37.10526315789474,derelict_x2,1.0,2.0,5.0,False,2,1,0,False,no_branch,nan,nan,nan,False,nan,nan,nan,nan,1.068622500053607,
Shell_C_1000km,0.8078947368421052,39.68421052631579,derelict_x2,1.0,2.0,5.0,False,2,1,0,False,no_branch,nan,nan,nan,False,nan,nan,nan,nan,1.1438896670006216,
Shell_C_1000km,0.8078947368421052,42.26315789473684,derelict_x2,1.0,2.0,5.0,False,2,1,0,False,no_branch,nan,nan,nan,False,nan,nan,nan,nan,1.1508797500282526,
Shell_C_1000km,0.8078947368421052,44.8421052631579,derelict_x2,1.0,2.0,5.0,False,2,1,0,False,no_branch,nan,nan,nan,False,nan,nan,nan,nan,1.2359095410211012,
Shell_C_1000km,0.8078947368421052,47.421052631578945,derelict_x2,1.0,2.0,5.0,False,2,1,0,False,no_branch,nan,nan,nan,False,nan,nan,nan,nan,1.0375284159672447,
Shell_C_1000km,0.8078947368421052,50.0,derelict_x2,1.0,2.0,5.0,False,2,1,0,False,no_branch,nan,nan,nan,False,nan,nan,nan,nan,1.03328545804834,
Shell_C_1000km,0.8552631578947368,1.0,derelict_x2,1.0,2.0,5.0,True,2,7,1,False,complex_no_crossing,nan,nan,nan,True,32.82828282828282,-0.007087469742960801,-0.009000000000000001,-0.00039500531760166624,1.4775999579578638,
Shell_C_1000km,0.8552631578947368,3.5789473684210527,derelict_x2,1.0,2.0,5.0,True,2,2,0,False,no_complex_eigenvalues,nan,nan,nan,True,7.575757575757575,nan,-0.009000000000000001,-0.001,1.3482231249799952,
Shell_C_1000km,0.8552631578947368,6.157894736842105,derelict_x2,1.0,2.0,5.0,False,2,1,0,False,no_branch,nan,nan,nan,False,nan,nan,nan,nan,1.3215022909571417,
Shell_C_1000km,0.8552631578947368,8.736842105263158,derelict_x2,1.0,2.0,5.0,False,2,1,0,False,no_branch,nan,nan,nan,False,nan,nan,nan,nan,1.2983893330092542,
Shell_C_1000km,0.8552631578947368,11.31578947368421,derelict_x2,1.0,2.0,5.0,False,2,1,0,False,no_branch,nan,nan,nan,False,nan,nan,nan,nan,1.265868042013608,
Shell_C_1000km,0.8552631578947368,13.894736842105264,derelict_x2,1.0,2.0,5.0,False,2,1,0,False,no_branch,nan,nan,nan,False,nan,nan,nan,nan,1.2391125420108438,
Shell_C_1000km,0.8552631578947368,16.473684210526315,derelict_x2,1.0,2.0,5.0,False,2,1,0,False,no_branch,nan,nan,nan,False,nan,nan,nan,nan,1.2053590000141412,
Shell_C_1000km,0.8552631578947368,19.05263157894737,derelict_x2,1.0,2.0,5.0,False,2,1,0,False,no_branch,nan,nan,nan,False,nan,nan,nan,nan,1.1852114999783225,
Shell_C_1000km,0.8552631578947368,21.63157894736842,derelict_x2,1.0,2.0,5.0,False,2,1,0,False,no_branch,nan,nan,nan,False,nan,nan,nan,nan,1.1716528329998255,
Shell_C_1000km,0.8552631578947368,24.210526315789473,derelict_x2,1.0,2.0,5.0,False,2,1,0,False,no_branch,nan,nan,nan,False,nan,nan,nan,nan,1.1754732079571113,
Shell_C_1000km,0.8552631578947368,26.789473684210527,derelict_x2,1.0,2.0,5.0,False,2,1,0,False,no_branch,nan,nan,nan,False,nan,nan,nan,nan,1.1389439999475144,
Shell_C_1000km,0.8552631578947368,29.36842105263158,derelict_x2,1.0,2.0,5.0,False,2,1,0,False,no_branch,nan,nan,nan,False,nan,nan,nan,nan,1.1406331249745563,
Shell_C_1000km,0.8552631578947368,31.94736842105263,derelict_x2,1.0,2.0,5.0,False,2,1,0,False,no_branch,nan,nan,nan,False,nan,nan,nan,nan,1.130052375025116,
Shell_C_1000km,0.8552631578947368,34.526315789473685,derelict_x2,1.0,2.0,5.0,False,2,1,0,False,no_branch,nan,nan,nan,False,nan,nan,nan,nan,1.1366693750023842,
Shell_C_1000km,0.8552631578947368,37.10526315789474,derelict_x2,1.0,2.0,5.0,False,2,1,0,False,no_branch,nan,nan,nan,False,nan,nan,nan,nan,1.158161209023092,
Shell_C_1000km,0.8552631578947368,39.68421052631579,derelict_x2,1.0,2.0,5.0,False,2,1,0,False,no_branch,nan,nan,nan,False,nan,nan,nan,nan,1.1153882920043543,
Shell_C_1000km,0.8552631578947368,42.26315789473684,derelict_x2,1.0,2.0,5.0,False,2,1,0,False,no_branch,nan,nan,nan,False,nan,nan,nan,nan,1.1104406660306267,
Shell_C_1000km,0.8552631578947368,44.8421052631579,derelict_x2,1.0,2.0,5.0,False,2,1,0,False,no_branch,nan,nan,nan,False,nan,nan,nan,nan,1.114013625017833,
Shell_C_1000km,0.8552631578947368,47.421052631578945,derelict_x2,1.0,2.0,5.0,False,2,1,0,False,no_branch,nan,nan,nan,False,nan,nan,nan,nan,1.1072562910267152,
Shell_C_1000km,0.8552631578947368,50.0,derelict_x2,1.0,2.0,5.0,False,2,1,0,False,no_branch,nan,nan,nan,False,nan,nan,nan,nan,1.1073403749614954,
Shell_C_1000km,0.9026315789473683,1.0,derelict_x2,1.0,2.0,5.0,True,2,7,1,False,complex_no_crossing,nan,nan,nan,True,32.82828282828282,-0.00717332678141047,-0.009000000000000001,-0.00032944592546720026,1.4772435000049882,
Shell_C_1000km,0.9026315789473683,3.5789473684210527,derelict_x2,1.0,2.0,5.0,True,2,2,0,False,no_complex_eigenvalues,nan,nan,nan,True,7.575757575757575,nan,-0.009000000000000001,-0.001,1.381781417003367,
Shell_C_1000km,0.9026315789473683,6.157894736842105,derelict_x2,1.0,2.0,5.0,False,2,1,0,False,no_branch,nan,nan,nan,False,nan,nan,nan,nan,1.3637563330121338,
Shell_C_1000km,0.9026315789473683,8.736842105263158,derelict_x2,1.0,2.0,5.0,False,2,1,0,False,no_branch,nan,nan,nan,False,nan,nan,nan,nan,1.3576498749898747,
Shell_C_1000km,0.9026315789473683,11.31578947368421,derelict_x2,1.0,2.0,5.0,False,2,1,0,False,no_branch,nan,nan,nan,False,nan,nan,nan,nan,1.305659374978859,
Shell_C_1000km,0.9026315789473683,13.894736842105264,derelict_x2,1.0,2.0,5.0,False,2,1,0,False,no_branch,nan,nan,nan,False,nan,nan,nan,nan,1.3077215420198627,
Shell_C_1000km,0.9026315789473683,16.473684210526315,derelict_x2,1.0,2.0,5.0,False,2,1,0,False,no_branch,nan,nan,nan,False,nan,nan,nan,nan,1.2832172500202432,
Shell_C_1000km,0.9026315789473683,19.05263157894737,derelict_x2,1.0,2.0,5.0,False,2,1,0,False,no_branch,nan,nan,nan,False,nan,nan,nan,nan,1.276259166013915,
Shell_C_1000km,0.9026315789473683,21.63157894736842,derelict_x2,1.0,2.0,5.0,False,2,1,0,False,no_branch,nan,nan,nan,False,nan,nan,nan,nan,1.2615427920245565,
Shell_C_1000km,0.9026315789473683,24.210526315789473,derelict_x2,1.0,2.0,5.0,False,2,1,0,False,no_branch,nan,nan,nan,False,nan,nan,nan,nan,1.3084318339824677,
Shell_C_1000km,0.9026315789473683,26.789473684210527,derelict_x2,1.0,2.0,5.0,False,2,1,0,False,no_branch,nan,nan,nan,False,nan,nan,nan,nan,1.2345174580113962,
Shell_C_1000km,0.9026315789473683,29.36842105263158,derelict_x2,1.0,2.0,5.0,False,2,1,0,False,no_branch,nan,nan,nan,False,nan,nan,nan,nan,1.2260558750131167,
Shell_C_1000km,0.9026315789473683,31.94736842105263,derelict_x2,1.0,2.0,5.0,False,2,1,0,False,no_branch,nan,nan,nan,False,nan,nan,nan,nan,1.2154592919978313,
Shell_C_1000km,0.9026315789473683,34.526315789473685,derelict_x2,1.0,2.0,5.0,False,2,1,0,False,no_branch,nan,nan,nan,False,nan,nan,nan,nan,1.2180931249749847,
Shell_C_1000km,0.9026315789473683,37.10526315789474,derelict_x2,1.0,2.0,5.0,False,2,1,0,False,no_branch,nan,nan,nan,False,nan,nan,nan,nan,1.1990154579980299,
Shell_C_1000km,0.9026315789473683,39.68421052631579,derelict_x2,1.0,2.0,5.0,False,2,1,0,False,no_branch,nan,nan,nan,False,nan,nan,nan,nan,1.2192449159920216,
Shell_C_1000km,0.9026315789473683,42.26315789473684,derelict_x2,1.0,2.0,5.0,False,2,1,0,False,no_branch,nan,nan,nan,False,nan,nan,nan,nan,1.1949091670103371,
Shell_C_1000km,0.9026315789473683,44.8421052631579,derelict_x2,1.0,2.0,5.0,False,2,1,0,False,no_branch,nan,nan,nan,False,nan,nan,nan,nan,1.2148605000111274,
Shell_C_1000km,0.9026315789473683,47.421052631578945,derelict_x2,1.0,2.0,5.0,False,2,1,0,False,no_branch,nan,nan,nan,False,nan,nan,nan,nan,1.1825024579884484,
Shell_C_1000km,0.9026315789473683,50.0,derelict_x2,1.0,2.0,5.0,False,2,1,0,False,no_branch,nan,nan,nan,False,nan,nan,nan,nan,1.1895024579716846,
Shell_C_1000km,0.95,1.0,derelict_x2,1.0,2.0,5.0,True,2,7,1,False,complex_no_crossing,nan,nan,nan,True,32.82828282828282,-0.007257707714107904,-0.009000000000000001,-0.0002471002511010315,1.4994049170054495,
Shell_C_1000km,0.95,3.5789473684210527,derelict_x2,1.0,2.0,5.0,True,2,2,0,False,no_complex_eigenvalues,nan,nan,nan,True,7.575757575757575,nan,-0.009000000000000001,-0.001,1.422100625000894,
Shell_C_1000km,0.95,6.157894736842105,derelict_x2,1.0,2.0,5.0,False,2,1,0,False,no_branch,nan,nan,nan,False,nan,nan,nan,nan,1.4073080419912003,
Shell_C_1000km,0.95,8.736842105263158,derelict_x2,1.0,2.0,5.0,False,2,1,0,False,no_branch,nan,nan,nan,False,nan,nan,nan,nan,1.3831425000098534,
Shell_C_1000km,0.95,11.31578947368421,derelict_x2,1.0,2.0,5.0,False,2,1,0,False,no_branch,nan,nan,nan,False,nan,nan,nan,nan,1.3753613330191001,
Shell_C_1000km,0.95,13.894736842105264,derelict_x2,1.0,2.0,5.0,False,2,1,0,False,no_branch,nan,nan,nan,False,nan,nan,nan,nan,1.3575394169893116,
Shell_C_1000km,0.95,16.473684210526315,derelict_x2,1.0,2.0,5.0,False,2,1,0,False,no_branch,nan,nan,nan,False,nan,nan,nan,nan,1.349281584029086,
Shell_C_1000km,0.95,19.05263157894737,derelict_x2,1.0,2.0,5.0,False,2,1,0,False,no_branch,nan,nan,nan,False,nan,nan,nan,nan,1.347273125022184,
Shell_C_1000km,0.95,21.63157894736842,derelict_x2,1.0,2.0,5.0,False,2,1,0,False,no_branch,nan,nan,nan,False,nan,nan,nan,nan,1.3145248329965398,
Shell_C_1000km,0.95,24.210526315789473,derelict_x2,1.0,2.0,5.0,False,2,1,0,False,no_branch,nan,nan,nan,False,nan,nan,nan,nan,1.3236369999940507,
Shell_C_1000km,0.95,26.789473684210527,derelict_x2,1.0,2.0,5.0,False,2,1,0,False,no_branch,nan,nan,nan,False,nan,nan,nan,nan,1.314867208013311,
Shell_C_1000km,0.95,29.36842105263158,derelict_x2,1.0,2.0,5.0,False,2,1,0,False,no_branch,nan,nan,nan,False,nan,nan,nan,nan,1.3179859170340933,
Shell_C_1000km,0.95,31.94736842105263,derelict_x2,1.0,2.0,5.0,False,2,1,0,False,no_branch,nan,nan,nan,False,nan,nan,nan,nan,1.2988993339822628,
Shell_C_1000km,0.95,34.526315789473685,derelict_x2,1.0,2.0,5.0,False,2,1,0,False,no_branch,nan,nan,nan,False,nan,nan,nan,nan,1.3074245000025257,
Shell_C_1000km,0.95,37.10526315789474,derelict_x2,1.0,2.0,5.0,False,2,1,0,False,no_branch,nan,nan,nan,False,nan,nan,nan,nan,1.2891736250021495,
Shell_C_1000km,0.95,39.68421052631579,derelict_x2,1.0,2.0,5.0,False,2,1,0,False,no_branch,nan,nan,nan,False,nan,nan,nan,nan,1.2883895420236513,
Shell_C_1000km,0.95,42.26315789473684,derelict_x2,1.0,2.0,5.0,False,2,1,0,False,no_branch,nan,nan,nan,False,nan,nan,nan,nan,1.289641625015065,
Shell_C_1000km,0.95,44.8421052631579,derelict_x2,1.0,2.0,5.0,False,2,1,0,False,no_branch,nan,nan,nan,False,nan,nan,nan,nan,1.2731725409976207,
Shell_C_1000km,0.95,47.421052631578945,derelict_x2,1.0,2.0,5.0,False,2,1,0,False,no_branch,nan,nan,nan,False,nan,nan,nan,nan,1.27981041604653,
Shell_C_1000km,0.95,50.0,derelict_x2,1.0,2.0,5.0,False,2,1,0,False,no_branch,nan,nan,nan,False,nan,nan,nan,nan,1.2671994590200484,
Shell_C_1000km,0.05,1.0,derelict_x3,1.0,3.0,10.0,False,3,1,0,False,no_branch,nan,nan,nan,False,nan,nan,nan,nan,1.383613750047516,
Shell_C_1000km,0.05,3.5789473684210527,derelict_x3,1.0,3.0,10.0,False,3,1,0,False,no_branch,nan,nan,nan,False,nan,nan,nan,nan,1.1559862499707378,
Shell_C_1000km,0.05,6.157894736842105,derelict_x3,1.0,3.0,10.0,False,3,1,0,False,no_branch,nan,nan,nan,False,nan,nan,nan,nan,1.041810541995801,
Shell_C_1000km,0.05,8.736842105263158,derelict_x3,1.0,3.0,10.0,False,2,1,0,False,no_branch,nan,nan,nan,False,nan,nan,nan,nan,0.9929628339596093,
Shell_C_1000km,0.05,11.31578947368421,derelict_x3,1.0,3.0,10.0,False,2,1,0,False,no_branch,nan,nan,nan,False,nan,nan,nan,nan,0.9404135830118321,
Shell_C_1000km,0.05,13.894736842105264,derelict_x3,1.0,3.0,10.0,False,2,1,0,False,no_branch,nan,nan,nan,False,nan,nan,nan,nan,0.9003129579941742,
Shell_C_1000km,0.05,16.473684210526315,derelict_x3,1.0,3.0,10.0,False,2,1,0,False,no_branch,nan,nan,nan,False,nan,nan,nan,nan,0.8563973340205848,
Shell_C_1000km,0.05,19.05263157894737,derelict_x3,1.0,3.0,10.0,False,2,1,0,False,no_branch,nan,nan,nan,False,nan,nan,nan,nan,0.8410914999549277,
Shell_C_1000km,0.05,21.63157894736842,derelict_x3,1.0,3.0,10.0,False,2,1,0,False,no_branch,nan,nan,nan,False,nan,nan,nan,nan,0.817270333005581,
Shell_C_1000km,0.05,24.210526315789473,derelict_x3,1.0,3.0,10.0,False,2,1,0,False,no_branch,nan,nan,nan,False,nan,nan,nan,nan,0.7964501249953173,
Shell_C_1000km,0.05,26.789473684210527,derelict_x3,1.0,3.0,10.0,False,2,1,0,False,no_branch,nan,nan,nan,False,nan,nan,nan,nan,0.8047148750047199,
Shell_C_1000km,0.05,29.36842105263158,derelict_x3,1.0,3.0,10.0,False,2,1,0,False,no_branch,nan,nan,nan,False,nan,nan,nan,nan,0.7605352500104345,
Shell_C_1000km,0.05,31.94736842105263,derelict_x3,1.0,3.0,10.0,False,2,1,0,False,no_branch,nan,nan,nan,False,nan,nan,nan,nan,0.77298933401471,
Shell_C_1000km,0.05,34.526315789473685,derelict_x3,1.0,3.0,10.0,False,2,1,0,False,no_branch,nan,nan,nan,False,nan,nan,nan,nan,0.7651080419891514,
Shell_C_1000km,0.05,37.10526315789474,derelict_x3,1.0,3.0,10.0,False,2,1,0,False,no_branch,nan,nan,nan,False,nan,nan,nan,nan,0.7600730420090258,
Shell_C_1000km,0.05,39.68421052631579,derelict_x3,1.0,3.0,10.0,False,2,1,0,False,no_branch,nan,nan,nan,False,nan,nan,nan,nan,0.7607779999962077,
Shell_C_1000km,0.05,42.26315789473684,derelict_x3,1.0,3.0,10.0,False,2,1,0,False,no_branch,nan,nan,nan,False,nan,nan,nan,nan,1.0201076660305262,
Shell_C_1000km,0.05,44.8421052631579,derelict_x3,1.0,3.0,10.0,False,2,1,0,False,no_branch,nan,nan,nan,False,nan,nan,nan,nan,0.793218250037171,
Shell_C_1000km,0.05,47.421052631578945,derelict_x3,1.0,3.0,10.0,False,2,1,0,False,no_branch,nan,nan,nan,False,nan,nan,nan,nan,0.7841725000180304,
Shell_C_1000km,0.05,50.0,derelict_x3,1.0,3.0,10.0,False,2,1,0,False,no_branch,nan,nan,nan,False,nan,nan,nan,nan,0.9079936659545638,
Shell_C_1000km,0.09736842105263158,1.0,derelict_x3,1.0,3.0,10.0,False,3,1,0,False,no_branch,nan,nan,nan,False,nan,nan,nan,nan,1.5223882920108736,
Shell_C_1000km,0.09736842105263158,3.5789473684210527,derelict_x3,1.0,3.0,10.0,False,3,1,0,False,no_branch,nan,nan,nan,False,nan,nan,nan,nan,1.2517552910139784,
Shell_C_1000km,0.09736842105263158,6.157894736842105,derelict_x3,1.0,3.0,10.0,False,3,1,0,False,no_branch,nan,nan,nan,False,nan,nan,nan,nan,1.1178395840106532,
Shell_C_1000km,0.09736842105263158,8.736842105263158,derelict_x3,1.0,3.0,10.0,False,2,1,0,False,no_branch,nan,nan,nan,False,nan,nan,nan,nan,1.0612224169890396,
Shell_C_1000km,0.09736842105263158,11.31578947368421,derelict_x3,1.0,3.0,10.0,False,2,1,0,False,no_branch,nan,nan,nan,False,nan,nan,nan,nan,1.0014382909866981,
Shell_C_1000km,0.09736842105263158,13.894736842105264,derelict_x3,1.0,3.0,10.0,False,2,1,0,False,no_branch,nan,nan,nan,False,nan,nan,nan,nan,0.94268820801517,
Shell_C_1000km,0.09736842105263158,16.473684210526315,derelict_x3,1.0,3.0,10.0,False,2,1,0,False,no_branch,nan,nan,nan,False,nan,nan,nan,nan,0.9178013329510577,
Shell_C_1000km,0.09736842105263158,19.05263157894737,derelict_x3,1.0,3.0,10.0,False,2,1,0,False,no_branch,nan,nan,nan,False,nan,nan,nan,nan,0.893638750014361,
Shell_C_1000km,0.09736842105263158,21.63157894736842,derelict_x3,1.0,3.0,10.0,False,2,1,0,False,no_branch,nan,nan,nan,False,nan,nan,nan,nan,0.8653026670217514,
Shell_C_1000km,0.09736842105263158,24.210526315789473,derelict_x3,1.0,3.0,10.0,False,2,1,0,False,no_branch,nan,nan,nan,False,nan,nan,nan,nan,0.8596764160320163,
Shell_C_1000km,0.09736842105263158,26.789473684210527,derelict_x3,1.0,3.0,10.0,False,2,1,0,False,no_branch,nan,nan,nan,False,nan,nan,nan,nan,1.0157471669954248,
Shell_C_1000km,0.09736842105263158,29.36842105263158,derelict_x3,1.0,3.0,10.0,False,2,1,0,False,no_branch,nan,nan,nan,False,nan,nan,nan,nan,0.8359869160340168,
Shell_C_1000km,0.09736842105263158,31.94736842105263,derelict_x3,1.0,3.0,10.0,False,2,1,0,False,no_branch,nan,nan,nan,False,nan,nan,nan,nan,0.8147177919745445,
Shell_C_1000km,0.09736842105263158,34.526315789473685,derelict_x3,1.0,3.0,10.0,False,2,1,0,False,no_branch,nan,nan,nan,False,nan,nan,nan,nan,0.8107201249804348,
Shell_C_1000km,0.09736842105263158,37.10526315789474,derelict_x3,1.0,3.0,10.0,False,2,1,0,False,no_branch,nan,nan,nan,False,nan,nan,nan,nan,0.8062362500349991,
Shell_C_1000km,0.09736842105263158,39.68421052631579,derelict_x3,1.0,3.0,10.0,False,2,1,0,False,no_branch,nan,nan,nan,False,nan,nan,nan,nan,0.7913245409727097,
Shell_C_1000km,0.09736842105263158,42.26315789473684,derelict_x3,1.0,3.0,10.0,False,2,1,0,False,no_branch,nan,nan,nan,False,nan,nan,nan,nan,0.8015680410317145,
Shell_C_1000km,0.09736842105263158,44.8421052631579,derelict_x3,1.0,3.0,10.0,False,2,1,0,False,no_branch,nan,nan,nan,False,nan,nan,nan,nan,0.7817864579847082,
Shell_C_1000km,0.09736842105263158,47.421052631578945,derelict_x3,1.0,3.0,10.0,False,2,1,0,False,no_branch,nan,nan,nan,False,nan,nan,nan,nan,0.7787595830159262,
Shell_C_1000km,0.09736842105263158,50.0,derelict_x3,1.0,3.0,10.0,False,2,1,0,False,no_branch,nan,nan,nan,False,nan,nan,nan,nan,0.7666360000148416,
Shell_C_1000km,0.14473684210526316,1.0,derelict_x3,1.0,3.0,10.0,True,2,7,1,False,complex_no_crossing,nan,nan,nan,True,32.82828282828282,-0.005875159141690414,-0.009000000000000001,-0.000847329369386592,1.4633615839993581,
Shell_C_1000km,0.14473684210526316,3.5789473684210527,derelict_x3,1.0,3.0,10.0,True,2,2,1,False,complex_no_crossing,nan,nan,nan,True,7.575757575757575,-0.006397776325437566,-0.009000000000000001,-0.001,1.244313416944351,
Shell_C_1000km,0.14473684210526316,6.157894736842105,derelict_x3,1.0,3.0,10.0,False,2,1,0,False,no_branch,nan,nan,nan,False,nan,nan,nan,nan,1.157863583008293,
Shell_C_1000km,0.14473684210526316,8.736842105263158,derelict_x3,1.0,3.0,10.0,False,2,1,0,False,no_branch,nan,nan,nan,False,nan,nan,nan,nan,1.089353666990064,
Shell_C_1000km,0.14473684210526316,11.31578947368421,derelict_x3,1.0,3.0,10.0,False,2,1,0,False,no_branch,nan,nan,nan,False,nan,nan,nan,nan,1.0178493750281632,
Shell_C_1000km,0.14473684210526316,13.894736842105264,derelict_x3,1.0,3.0,10.0,False,2,1,0,False,no_branch,nan,nan,nan,False,nan,nan,nan,nan,1.0720169590204023,
Shell_C_1000km,0.14473684210526316,16.473684210526315,derelict_x3,1.0,3.0,10.0,False,2,1,0,False,no_branch,nan,nan,nan,False,nan,nan,nan,nan,0.9826363750034943,
Shell_C_1000km,0.14473684210526316,19.05263157894737,derelict_x3,1.0,3.0,10.0,False,2,1,0,False,no_branch,nan,nan,nan,False,nan,nan,nan,nan,1.000138750008773,
Shell_C_1000km,0.14473684210526316,21.63157894736842,derelict_x3,1.0,3.0,10.0,False,2,1,0,False,no_branch,nan,nan,nan,False,nan,nan,nan,nan,0.998848374991212,
Shell_C_1000km,0.14473684210526316,24.210526315789473,derelict_x3,1.0,3.0,10.0,False,2,1,0,False,no_branch,nan,nan,nan,False,nan,nan,nan,nan,0.8920684999902733,
Shell_C_1000km,0.14473684210526316,26.789473684210527,derelict_x3,1.0,3.0,10.0,False,2,1,0,False,no_branch,nan,nan,nan,False,nan,nan,nan,nan,0.8914503750274889,
Shell_C_1000km,0.14473684210526316,29.36842105263158,derelict_x3,1.0,3.0,10.0,False,2,1,0,False,no_branch,nan,nan,nan,False,nan,nan,nan,nan,0.8644602500135079,
Shell_C_1000km,0.14473684210526316,31.94736842105263,derelict_x3,1.0,3.0,10.0,False,2,1,0,False,no_branch,nan,nan,nan,False,nan,nan,nan,nan,0.8514578330214135,
Shell_C_1000km,0.14473684210526316,34.526315789473685,derelict_x3,1.0,3.0,10.0,False,2,1,0,False,no_branch,nan,nan,nan,False,nan,nan,nan,nan,0.8471451249788515,
Shell_C_1000km,0.14473684210526316,37.10526315789474,derelict_x3,1.0,3.0,10.0,False,2,1,0,False,no_branch,nan,nan,nan,False,nan,nan,nan,nan,0.9908784160506912,
Shell_C_1000km,0.14473684210526316,39.68421052631579,derelict_x3,1.0,3.0,10.0,False,2,1,0,False,no_branch,nan,nan,nan,False,nan,nan,nan,nan,0.8386846670182422,
Shell_C_1000km,0.14473684210526316,42.26315789473684,derelict_x3,1.0,3.0,10.0,False,2,1,0,False,no_branch,nan,nan,nan,False,nan,nan,nan,nan,0.8139035829808563,
Shell_C_1000km,0.14473684210526316,44.8421052631579,derelict_x3,1.0,3.0,10.0,False,2,1,0,False,no_branch,nan,nan,nan,False,nan,nan,nan,nan,0.8158359999652021,
Shell_C_1000km,0.14473684210526316,47.421052631578945,derelict_x3,1.0,3.0,10.0,False,2,1,0,False,no_branch,nan,nan,nan,False,nan,nan,nan,nan,0.8014461669954471,
Shell_C_1000km,0.14473684210526316,50.0,derelict_x3,1.0,3.0,10.0,False,2,1,0,False,no_branch,nan,nan,nan,False,nan,nan,nan,nan,0.8904342919704504,
Shell_C_1000km,0.19210526315789472,1.0,derelict_x3,1.0,3.0,10.0,True,2,7,1,False,complex_no_crossing,nan,nan,nan,True,32.82828282828282,-0.006085435596796576,-0.009000000000000001,-0.000790587125622002,1.6850509999785572,
Shell_C_1000km,0.19210526315789472,3.5789473684210527,derelict_x3,1.0,3.0,10.0,True,2,2,1,False,complex_no_crossing,nan,nan,nan,True,7.575757575757575,-0.0066355999130077985,-0.009000000000000001,-0.001,1.3305700839846395,
Shell_C_1000km,0.19210526315789472,6.157894736842105,derelict_x3,1.0,3.0,10.0,False,2,1,0,False,no_branch,nan,nan,nan,False,nan,nan,nan,nan,1.340263792022597,
Shell_C_1000km,0.19210526315789472,8.736842105263158,derelict_x3,1.0,3.0,10.0,False,2,1,0,False,no_branch,nan,nan,nan,False,nan,nan,nan,nan,1.1310184159665368,
Shell_C_1000km,0.19210526315789472,11.31578947368421,derelict_x3,1.0,3.0,10.0,False,2,1,0,False,no_branch,nan,nan,nan,False,nan,nan,nan,nan,1.071294916968327,
Shell_C_1000km,0.19210526315789472,13.894736842105264,derelict_x3,1.0,3.0,10.0,False,2,1,0,False,no_branch,nan,nan,nan,False,nan,nan,nan,nan,1.037497290992178,
Shell_C_1000km,0.19210526315789472,16.473684210526315,derelict_x3,1.0,3.0,10.0,False,2,1,0,False,no_branch,nan,nan,nan,False,nan,nan,nan,nan,1.012994249991607,
Shell_C_1000km,0.19210526315789472,19.05263157894737,derelict_x3,1.0,3.0,10.0,False,2,1,0,False,no_branch,nan,nan,nan,False,nan,nan,nan,nan,1.0268634589738213,
Shell_C_1000km,0.19210526315789472,21.63157894736842,derelict_x3,1.0,3.0,10.0,False,2,1,0,False,no_branch,nan,nan,nan,False,nan,nan,nan,nan,0.9523223750293255,
Shell_C_1000km,0.19210526315789472,24.210526315789473,derelict_x3,1.0,3.0,10.0,False,2,1,0,False,no_branch,nan,nan,nan,False,nan,nan,nan,nan,0.9354185419506393,
Shell_C_1000km,0.19210526315789472,26.789473684210527,derelict_x3,1.0,3.0,10.0,False,2,1,0,False,no_branch,nan,nan,nan,False,nan,nan,nan,nan,0.9216554160229862,
Shell_C_1000km,0.19210526315789472,29.36842105263158,derelict_x3,1.0,3.0,10.0,False,2,1,0,False,no_branch,nan,nan,nan,False,nan,nan,nan,nan,0.91118108300725,
Shell_C_1000km,0.19210526315789472,31.94736842105263,derelict_x3,1.0,3.0,10.0,False,2,1,0,False,no_branch,nan,nan,nan,False,nan,nan,nan,nan,0.8718363749794662,
Shell_C_1000km,0.19210526315789472,34.526315789473685,derelict_x3,1.0,3.0,10.0,False,2,1,0,False,no_branch,nan,nan,nan,False,nan,nan,nan,nan,0.8803419159958139,
Shell_C_1000km,0.19210526315789472,37.10526315789474,derelict_x3,1.0,3.0,10.0,False,2,1,0,False,no_branch,nan,nan,nan,False,nan,nan,nan,nan,0.8765547090442851,
Shell_C_1000km,0.19210526315789472,39.68421052631579,derelict_x3,1.0,3.0,10.0,False,2,1,0,False,no_branch,nan,nan,nan,False,nan,nan,nan,nan,0.8888137500034645,
Shell_C_1000km,0.19210526315789472,42.26315789473684,derelict_x3,1.0,3.0,10.0,False,2,1,0,False,no_branch,nan,nan,nan,False,nan,nan,nan,nan,0.9320139170158654,
Shell_C_1000km,0.19210526315789472,44.8421052631579,derelict_x3,1.0,3.0,10.0,False,2,1,0,False,no_branch,nan,nan,nan,False,nan,nan,nan,nan,0.9804956250009127,
Shell_C_1000km,0.19210526315789472,47.421052631578945,derelict_x3,1.0,3.0,10.0,False,2,1,0,False,no_branch,nan,nan,nan,False,nan,nan,nan,nan,0.8501603750046343,
Shell_C_1000km,0.19210526315789472,50.0,derelict_x3,1.0,3.0,10.0,False,2,1,0,False,no_branch,nan,nan,nan,False,nan,nan,nan,nan,0.850233166012913,
Shell_C_1000km,0.23947368421052628,1.0,derelict_x3,1.0,3.0,10.0,True,2,7,1,False,complex_no_crossing,nan,nan,nan,True,32.82828282828282,-0.006285839850893817,-0.009000000000000001,-0.000729044334405867,1.4790104170097038,
Shell_C_1000km,0.23947368421052628,3.5789473684210527,derelict_x3,1.0,3.0,10.0,True,2,2,0,False,no_complex_eigenvalues,nan,nan,nan,True,7.575757575757575,nan,-0.009000000000000001,-0.001,1.2977111249929294,
Shell_C_1000km,0.23947368421052628,6.157894736842105,derelict_x3,1.0,3.0,10.0,False,2,1,0,False,no_branch,nan,nan,nan,False,nan,nan,nan,nan,1.2355687079834752,
Shell_C_1000km,0.23947368421052628,8.736842105263158,derelict_x3,1.0,3.0,10.0,False,2,1,0,False,no_branch,nan,nan,nan,False,nan,nan,nan,nan,1.1785815840121359,
Shell_C_1000km,0.23947368421052628,11.31578947368421,derelict_x3,1.0,3.0,10.0,False,2,1,0,False,no_branch,nan,nan,nan,False,nan,nan,nan,nan,1.1188374169869348,
Shell_C_1000km,0.23947368421052628,13.894736842105264,derelict_x3,1.0,3.0,10.0,False,2,1,0,False,no_branch,nan,nan,nan,False,nan,nan,nan,nan,1.0921091249911115,
Shell_C_1000km,0.23947368421052628,16.473684210526315,derelict_x3,1.0,3.0,10.0,False,2,1,0,False,no_branch,nan,nan,nan,False,nan,nan,nan,nan,1.049325957952533,
Shell_C_1000km,0.23947368421052628,19.05263157894737,derelict_x3,1.0,3.0,10.0,False,2,1,0,False,no_branch,nan,nan,nan,False,nan,nan,nan,nan,1.0301007920061238,
Shell_C_1000km,0.23947368421052628,21.63157894736842,derelict_x3,1.0,3.0,10.0,False,2,1,0,False,no_branch,nan,nan,nan,False,nan,nan,nan,nan,0.9976177909993567,
Shell_C_1000km,0.23947368421052628,24.210526315789473,derelict_x3,1.0,3.0,10.0,False,2,1,0,False,no_branch,nan,nan,nan,False,nan,nan,nan,nan,0.9736204170039855,
Shell_C_1000km,0.23947368421052628,26.789473684210527,derelict_x3,1.0,3.0,10.0,False,2,1,0,False,no_branch,nan,nan,nan,False,nan,nan,nan,nan,0.9786200000089593,
Shell_C_1000km,0.23947368421052628,29.36842105263158,derelict_x3,1.0,3.0,10.0,False,2,1,0,False,no_branch,nan,nan,nan,False,nan,nan,nan,nan,0.9465885420213453,
Shell_C_1000km,0.23947368421052628,31.94736842105263,derelict_x3,1.0,3.0,10.0,False,2,1,0,False,no_branch,nan,nan,nan,False,nan,nan,nan,nan,0.938442875049077,
Shell_C_1000km,0.23947368421052628,34.526315789473685,derelict_x3,1.0,3.0,10.0,False,2,1,0,False,no_branch,nan,nan,nan,False,nan,nan,nan,nan,1.0234323749900796,
Shell_C_1000km,0.23947368421052628,37.10526315789474,derelict_x3,1.0,3.0,10.0,False,2,1,0,False,no_branch,nan,nan,nan,False,nan,nan,nan,nan,0.9256264590076171,
Shell_C_1000km,0.23947368421052628,39.68421052631579,derelict_x3,1.0,3.0,10.0,False,2,1,0,False,no_branch,nan,nan,nan,False,nan,nan,nan,nan,0.9200683750095777,
Shell_C_1000km,0.23947368421052628,42.26315789473684,derelict_x3,1.0,3.0,10.0,False,2,1,0,False,no_branch,nan,nan,nan,False,nan,nan,nan,nan,0.8945305409724824,
Shell_C_1000km,0.23947368421052628,44.8421052631579,derelict_x3,1.0,3.0,10.0,False,2,1,0,False,no_branch,nan,nan,nan,False,nan,nan,nan,nan,0.9019995839917101,
Shell_C_1000km,0.23947368421052628,47.421052631578945,derelict_x3,1.0,3.0,10.0,False,2,1,0,False,no_branch,nan,nan,nan,False,nan,nan,nan,nan,0.8913305000169203,
Shell_C_1000km,0.23947368421052628,50.0,derelict_x3,1.0,3.0,10.0,False,2,1,0,False,no_branch,nan,nan,nan,False,nan,nan,nan,nan,0.9008998749777675,
Shell_C_1000km,0.28684210526315784,1.0,derelict_x3,1.0,3.0,10.0,True,2,7,1,False,complex_no_crossing,nan,nan,nan,True,32.82828282828282,-0.006477515876256345,-0.009000000000000001,-0.0006614264255980202,1.4820397090516053,
Shell_C_1000km,0.28684210526315784,3.5789473684210527,derelict_x3,1.0,3.0,10.0,True,2,2,0,False,no_complex_eigenvalues,nan,nan,nan,True,7.575757575757575,nan,-0.009000000000000001,-0.001,1.3321364580187947,
Shell_C_1000km,0.28684210526315784,6.157894736842105,derelict_x3,1.0,3.0,10.0,False,2,1,0,False,no_branch,nan,nan,nan,False,nan,nan,nan,nan,1.2642796249710955,
Shell_C_1000km,0.28684210526315784,8.736842105263158,derelict_x3,1.0,3.0,10.0,False,2,1,0,False,no_branch,nan,nan,nan,False,nan,nan,nan,nan,1.2156032909988426,
Shell_C_1000km,0.28684210526315784,11.31578947368421,derelict_x3,1.0,3.0,10.0,False,2,1,0,False,no_branch,nan,nan,nan,False,nan,nan,nan,nan,1.164765499997884,
Shell_C_1000km,0.28684210526315784,13.894736842105264,derelict_x3,1.0,3.0,10.0,False,2,1,0,False,no_branch,nan,nan,nan,False,nan,nan,nan,nan,1.1305096250143833,
Shell_C_1000km,0.28684210526315784,16.473684210526315,derelict_x3,1.0,3.0,10.0,False,2,1,0,False,no_branch,nan,nan,nan,False,nan,nan,nan,nan,1.115573916991707,
Shell_C_1000km,0.28684210526315784,19.05263157894737,derelict_x3,1.0,3.0,10.0,False,2,1,0,False,no_branch,nan,nan,nan,False,nan,nan,nan,nan,1.071914291009307,
Shell_C_1000km,0.28684210526315784,21.63157894736842,derelict_x3,1.0,3.0,10.0,False,2,1,0,False,no_branch,nan,nan,nan,False,nan,nan,nan,nan,1.0542727499851026,
Shell_C_1000km,0.28684210526315784,24.210526315789473,derelict_x3,1.0,3.0,10.0,False,2,1,0,False,no_branch,nan,nan,nan,False,nan,nan,nan,nan,1.105787042004522,
Shell_C_1000km,0.28684210526315784,26.789473684210527,derelict_x3,1.0,3.0,10.0,False,2,1,0,False,no_branch,nan,nan,nan,False,nan,nan,nan,nan,1.013126583013218,
Shell_C_1000km,0.28684210526315784,29.36842105263158,derelict_x3,1.0,3.0,10.0,False,2,1,0,False,no_branch,nan,nan,nan,False,nan,nan,nan,nan,1.0041097500361502,
Shell_C_1000km,0.28684210526315784,31.94736842105263,derelict_x3,1.0,3.0,10.0,False,2,1,0,False,no_branch,nan,nan,nan,False,nan,nan,nan,nan,0.986183000029996,
Shell_C_1000km,0.28684210526315784,34.526315789473685,derelict_x3,1.0,3.0,10.0,False,2,1,0,False,no_branch,nan,nan,nan,False,nan,nan,nan,nan,0.9858093329821713,
Shell_C_1000km,0.28684210526315784,37.10526315789474,derelict_x3,1.0,3.0,10.0,False,2,1,0,False,no_branch,nan,nan,nan,False,nan,nan,nan,nan,0.9689304589992389,
Shell_C_1000km,0.28684210526315784,39.68421052631579,derelict_x3,1.0,3.0,10.0,False,2,1,0,False,no_branch,nan,nan,nan,False,nan,nan,nan,nan,0.9646267080097459,
Shell_C_1000km,0.28684210526315784,42.26315789473684,derelict_x3,1.0,3.0,10.0,False,2,1,0,False,no_branch,nan,nan,nan,False,nan,nan,nan,nan,0.9542380000348203,
Shell_C_1000km,0.28684210526315784,44.8421052631579,derelict_x3,1.0,3.0,10.0,False,2,1,0,False,no_branch,nan,nan,nan,False,nan,nan,nan,nan,0.9280092080007307,
Shell_C_1000km,0.28684210526315784,47.421052631578945,derelict_x3,1.0,3.0,10.0,False,2,1,0,False,no_branch,nan,nan,nan,False,nan,nan,nan,nan,0.9407003330416046,
Shell_C_1000km,0.28684210526315784,50.0,derelict_x3,1.0,3.0,10.0,False,2,1,0,False,no_branch,nan,nan,nan,False,nan,nan,nan,nan,0.9377016249927692,
Shell_C_1000km,0.33421052631578946,1.0,derelict_x3,1.0,3.0,10.0,True,2,7,1,False,complex_no_crossing,nan,nan,nan,True,32.82828282828282,-0.006661414098230075,-0.009000000000000001,-0.0005857083071144711,1.5207207499770448,
Shell_C_1000km,0.33421052631578946,3.5789473684210527,derelict_x3,1.0,3.0,10.0,True,2,2,0,False,no_complex_eigenvalues,nan,nan,nan,True,7.575757575757575,nan,-0.009000000000000001,-0.001,1.3586862499942072,
Shell_C_1000km,0.33421052631578946,6.157894736842105,derelict_x3,1.0,3.0,10.0,False,2,1,0,False,no_branch,nan,nan,nan,False,nan,nan,nan,nan,1.3237931249896064,
Shell_C_1000km,0.33421052631578946,8.736842105263158,derelict_x3,1.0,3.0,10.0,False,2,1,0,False,no_branch,nan,nan,nan,False,nan,nan,nan,nan,1.278948167047929,
Shell_C_1000km,0.33421052631578946,11.31578947368421,derelict_x3,1.0,3.0,10.0,False,2,1,0,False,no_branch,nan,nan,nan,False,nan,nan,nan,nan,1.2269112500362098,
Shell_C_1000km,0.33421052631578946,13.894736842105264,derelict_x3,1.0,3.0,10.0,False,2,1,0,False,no_branch,nan,nan,nan,False,nan,nan,nan,nan,1.2136279999976978,
Shell_C_1000km,0.33421052631578946,16.473684210526315,derelict_x3,1.0,3.0,10.0,False,2,1,0,False,no_branch,nan,nan,nan,False,nan,nan,nan,nan,1.2656658749911003,
Shell_C_1000km,0.33421052631578946,19.05263157894737,derelict_x3,1.0,3.0,10.0,False,2,1,0,False,no_branch,nan,nan,nan,False,nan,nan,nan,nan,1.158225457998924,
Shell_C_1000km,0.33421052631578946,21.63157894736842,derelict_x3,1.0,3.0,10.0,False,2,1,0,False,no_branch,nan,nan,nan,False,nan,nan,nan,nan,1.137031416001264,
Shell_C_1000km,0.33421052631578946,24.210526315789473,derelict_x3,1.0,3.0,10.0,False,2,1,0,False,no_branch,nan,nan,nan,False,nan,nan,nan,nan,1.117306041996926,
Shell_C_1000km,0.33421052631578946,26.789473684210527,derelict_x3,1.0,3.0,10.0,False,2,1,0,False,no_branch,nan,nan,nan,False,nan,nan,nan,nan,1.1030067920219153,
Shell_C_1000km,0.33421052631578946,29.36842105263158,derelict_x3,1.0,3.0,10.0,False,2,1,0,False,no_branch,nan,nan,nan,False,nan,nan,nan,nan,1.0800968340481631,
Shell_C_1000km,0.33421052631578946,31.94736842105263,derelict_x3,1.0,3.0,10.0,False,2,1,0,False,no_branch,nan,nan,nan,False,nan,nan,nan,nan,1.123868000053335,
Shell_C_1000km,0.33421052631578946,34.526315789473685,derelict_x3,1.0,3.0,10.0,False,2,1,0,False,no_branch,nan,nan,nan,False,nan,nan,nan,nan,1.0526798749924637,
Shell_C_1000km,0.33421052631578946,37.10526315789474,derelict_x3,1.0,3.0,10.0,False,2,1,0,False,no_branch,nan,nan,nan,False,nan,nan,nan,nan,1.0539473329554312,
Shell_C_1000km,0.33421052631578946,39.68421052631579,derelict_x3,1.0,3.0,10.0,False,2,1,0,False,no_branch,nan,nan,nan,False,nan,nan,nan,nan,1.0382962920120917,
Shell_C_1000km,0.33421052631578946,42.26315789473684,derelict_x3,1.0,3.0,10.0,False,2,1,0,False,no_branch,nan,nan,nan,False,nan,nan,nan,nan,1.0276527079986408,
Shell_C_1000km,0.33421052631578946,44.8421052631579,derelict_x3,1.0,3.0,10.0,False,2,1,0,False,no_branch,nan,nan,nan,False,nan,nan,nan,nan,1.0250108750187792,
Shell_C_1000km,0.33421052631578946,47.421052631578945,derelict_x3,1.0,3.0,10.0,False,2,1,0,False,no_branch,nan,nan,nan,False,nan,nan,nan,nan,1.0064382500131615,
Shell_C_1000km,0.33421052631578946,50.0,derelict_x3,1.0,3.0,10.0,False,2,1,0,False,no_branch,nan,nan,nan,False,nan,nan,nan,nan,1.01815295801498,
Shell_C_1000km,0.381578947368421,1.0,derelict_x3,1.0,3.0,10.0,True,2,7,1,False,complex_no_crossing,nan,nan,nan,True,32.82828282828282,-0.006838333101227922,-0.009000000000000001,-0.0004983071670980705,1.5607385839684866,
Shell_C_1000km,0.381578947368421,3.5789473684210527,derelict_x3,1.0,3.0,10.0,True,2,2,0,False,no_complex_eigenvalues,nan,nan,nan,True,7.575757575757575,nan,-0.009000000000000001,-0.001,1.5008930840413086,
Shell_C_1000km,0.381578947368421,6.157894736842105,derelict_x3,1.0,3.0,10.0,False,2,1,0,False,no_branch,nan,nan,nan,False,nan,nan,nan,nan,1.3799105000216514,
Shell_C_1000km,0.381578947368421,8.736842105263158,derelict_x3,1.0,3.0,10.0,False,2,1,0,False,no_branch,nan,nan,nan,False,nan,nan,nan,nan,1.349213375011459,
Shell_C_1000km,0.381578947368421,11.31578947368421,derelict_x3,1.0,3.0,10.0,False,2,1,0,False,no_branch,nan,nan,nan,False,nan,nan,nan,nan,1.3239225420402363,
Shell_C_1000km,0.381578947368421,13.894736842105264,derelict_x3,1.0,3.0,10.0,False,2,1,0,False,no_branch,nan,nan,nan,False,nan,nan,nan,nan,1.299584667023737,
Shell_C_1000km,0.381578947368421,16.473684210526315,derelict_x3,1.0,3.0,10.0,False,2,1,0,False,no_branch,nan,nan,nan,False,nan,nan,nan,nan,1.2850542499800213,
Shell_C_1000km,0.381578947368421,19.05263157894737,derelict_x3,1.0,3.0,10.0,False,2,1,0,False,no_branch,nan,nan,nan,False,nan,nan,nan,nan,1.2549780829576775,
Shell_C_1000km,0.381578947368421,21.63157894736842,derelict_x3,1.0,3.0,10.0,False,2,1,0,False,no_branch,nan,nan,nan,False,nan,nan,nan,nan,1.2353020000155084,
Shell_C_1000km,0.381578947368421,24.210526315789473,derelict_x3,1.0,3.0,10.0,False,2,1,0,False,no_branch,nan,nan,nan,False,nan,nan,nan,nan,1.2097972920164466,
Shell_C_1000km,0.381578947368421,26.789473684210527,derelict_x3,1.0,3.0,10.0,False,2,1,0,False,no_branch,nan,nan,nan,False,nan,nan,nan,nan,1.2140924999839626,
Shell_C_1000km,0.381578947368421,29.36842105263158,derelict_x3,1.0,3.0,10.0,False,2,1,0,False,no_branch,nan,nan,nan,False,nan,nan,nan,nan,1.1926064579747617,
Shell_C_1000km,0.381578947368421,31.94736842105263,derelict_x3,1.0,3.0,10.0,False,2,1,0,False,no_branch,nan,nan,nan,False,nan,nan,nan,nan,1.1454912499757484,
Shell_C_1000km,0.381578947368421,34.526315789473685,derelict_x3,1.0,3.0,10.0,False,2,1,0,False,no_branch,nan,nan,nan,False,nan,nan,nan,nan,1.1772812909912318,
Shell_C_1000km,0.381578947368421,37.10526315789474,derelict_x3,1.0,3.0,10.0,False,2,1,0,False,no_branch,nan,nan,nan,False,nan,nan,nan,nan,1.1697803340503015,
Shell_C_1000km,0.381578947368421,39.68421052631579,derelict_x3,1.0,3.0,10.0,False,2,1,0,False,no_branch,nan,nan,nan,False,nan,nan,nan,nan,1.238507042056881,
Shell_C_1000km,0.381578947368421,42.26315789473684,derelict_x3,1.0,3.0,10.0,False,2,1,0,False,no_branch,nan,nan,nan,False,nan,nan,nan,nan,1.1316371669527143,
Shell_C_1000km,0.381578947368421,44.8421052631579,derelict_x3,1.0,3.0,10.0,False,2,1,0,False,no_branch,nan,nan,nan,False,nan,nan,nan,nan,1.1144258750136942,
Shell_C_1000km,0.381578947368421,47.421052631578945,derelict_x3,1.0,3.0,10.0,False,2,1,0,False,no_branch,nan,nan,nan,False,nan,nan,nan,nan,1.1255403340328485,
Shell_C_1000km,0.381578947368421,50.0,derelict_x3,1.0,3.0,10.0,False,2,1,0,False,no_branch,nan,nan,nan,False,nan,nan,nan,nan,1.1169076670194045,
Shell_C_1000km,0.4289473684210526,1.0,derelict_x3,1.0,3.0,10.0,True,2,7,1,False,complex_no_crossing,nan,nan,nan,True,32.82828282828282,-0.0070089506120475445,-0.009000000000000001,-0.00039162105405190774,1.6215732090058737,
Shell_C_1000km,0.4289473684210526,3.5789473684210527,derelict_x3,1.0,3.0,10.0,True,2,2,0,False,no_complex_eigenvalues,nan,nan,nan,True,7.575757575757575,nan,-0.009000000000000001,-0.001,1.4789029160165228,
Shell_C_1000km,0.4289473684210526,6.157894736842105,derelict_x3,1.0,3.0,10.0,False,2,1,0,False,no_branch,nan,nan,nan,False,nan,nan,nan,nan,1.4637975000077859,
Shell_C_1000km,0.4289473684210526,8.736842105263158,derelict_x3,1.0,3.0,10.0,False,2,1,0,False,no_branch,nan,nan,nan,False,nan,nan,nan,nan,1.4582647089846432,
Shell_C_1000km,0.4289473684210526,11.31578947368421,derelict_x3,1.0,3.0,10.0,False,2,1,0,False,no_branch,nan,nan,nan,False,nan,nan,nan,nan,1.4361534579657018,
Shell_C_1000km,0.4289473684210526,13.894736842105264,derelict_x3,1.0,3.0,10.0,False,2,1,0,False,no_branch,nan,nan,nan,False,nan,nan,nan,nan,1.430007083050441,
Shell_C_1000km,0.4289473684210526,16.473684210526315,derelict_x3,1.0,3.0,10.0,False,2,1,0,False,no_branch,nan,nan,nan,False,nan,nan,nan,nan,1.4084767089807428,
Shell_C_1000km,0.4289473684210526,19.05263157894737,derelict_x3,1.0,3.0,10.0,False,2,1,0,False,no_branch,nan,nan,nan,False,nan,nan,nan,nan,1.4214301250176504,
Shell_C_1000km,0.4289473684210526,21.63157894736842,derelict_x3,1.0,3.0,10.0,False,2,1,0,False,no_branch,nan,nan,nan,False,nan,nan,nan,nan,1.4834447500179522,
Shell_C_1000km,0.4289473684210526,24.210526315789473,derelict_x3,1.0,3.0,10.0,False,2,1,0,False,no_branch,nan,nan,nan,False,nan,nan,nan,nan,1.3855342920287512,
Shell_C_1000km,0.4289473684210526,26.789473684210527,derelict_x3,1.0,3.0,10.0,False,2,1,0,False,no_branch,nan,nan,nan,False,nan,nan,nan,nan,1.3720532500301488,
Shell_C_1000km,0.4289473684210526,29.36842105263158,derelict_x3,1.0,3.0,10.0,False,2,1,0,False,no_branch,nan,nan,nan,False,nan,nan,nan,nan,1.3532747909775935,
Shell_C_1000km,0.4289473684210526,31.94736842105263,derelict_x3,1.0,3.0,10.0,False,2,1,0,False,no_branch,nan,nan,nan,False,nan,nan,nan,nan,1.3518747920170426,
Shell_C_1000km,0.4289473684210526,34.526315789473685,derelict_x3,1.0,3.0,10.0,False,2,1,0,False,no_branch,nan,nan,nan,False,nan,nan,nan,nan,1.3477166670490988,
Shell_C_1000km,0.4289473684210526,37.10526315789474,derelict_x3,1.0,3.0,10.0,False,2,1,0,False,no_branch,nan,nan,nan,False,nan,nan,nan,nan,1.3405927499989048,
Shell_C_1000km,0.4289473684210526,39.68421052631579,derelict_x3,1.0,3.0,10.0,False,2,1,0,False,no_branch,nan,nan,nan,False,nan,nan,nan,nan,1.3401890830136836,
Shell_C_1000km,0.4289473684210526,42.26315789473684,derelict_x3,1.0,3.0,10.0,False,2,1,0,False,no_branch,nan,nan,nan,False,nan,nan,nan,nan,1.321786374959629,
Shell_C_1000km,0.4289473684210526,44.8421052631579,derelict_x3,1.0,3.0,10.0,False,2,1,0,False,no_branch,nan,nan,nan,False,nan,nan,nan,nan,1.3049968749983236,
Shell_C_1000km,0.4289473684210526,47.421052631578945,derelict_x3,1.0,3.0,10.0,False,2,1,0,False,no_branch,nan,nan,nan,False,nan,nan,nan,nan,1.307513207953889,
Shell_C_1000km,0.4289473684210526,50.0,derelict_x3,1.0,3.0,10.0,False,2,1,0,False,no_branch,nan,nan,nan,False,nan,nan,nan,nan,1.311904374975711,
Shell_C_1000km,0.47631578947368414,1.0,derelict_x3,1.0,3.0,10.0,True,2,7,1,False,complex_no_crossing,nan,nan,nan,True,32.82828282828282,-0.007173846925610411,-0.009000000000000001,-0.00024163978698540418,1.6875092090340331,
Shell_C_1000km,0.47631578947368414,3.5789473684210527,derelict_x3,1.0,3.0,10.0,True,2,2,0,False,no_complex_eigenvalues,nan,nan,nan,True,7.575757575757575,nan,-0.009000000000000001,-0.001,1.6406824170262553,
Shell_C_1000km,0.47631578947368414,6.157894736842105,derelict_x3,1.0,3.0,10.0,False,2,1,0,False,no_branch,nan,nan,nan,False,nan,nan,nan,nan,1.5577692910446785,
Shell_C_1000km,0.47631578947368414,8.736842105263158,derelict_x3,1.0,3.0,10.0,False,2,1,0,False,no_branch,nan,nan,nan,False,nan,nan,nan,nan,1.563865292002447,
Shell_C_1000km,0.47631578947368414,11.31578947368421,derelict_x3,1.0,3.0,10.0,False,2,1,0,False,no_branch,nan,nan,nan,False,nan,nan,nan,nan,1.56342758302344,
Shell_C_1000km,0.47631578947368414,13.894736842105264,derelict_x3,1.0,3.0,10.0,False,2,1,0,False,no_branch,nan,nan,nan,False,nan,nan,nan,nan,1.558551708003506,
Shell_C_1000km,0.47631578947368414,16.473684210526315,derelict_x3,1.0,3.0,10.0,False,2,1,0,False,no_branch,nan,nan,nan,False,nan,nan,nan,nan,1.581788334005978,
Shell_C_1000km,0.47631578947368414,19.05263157894737,derelict_x3,1.0,3.0,10.0,False,2,1,0,False,no_branch,nan,nan,nan,False,nan,nan,nan,nan,1.565350542019587,
Shell_C_1000km,0.47631578947368414,21.63157894736842,derelict_x3,1.0,3.0,10.0,False,2,1,0,False,no_branch,nan,nan,nan,False,nan,nan,nan,nan,1.5858987910323776,
Shell_C_1000km,0.47631578947368414,24.210526315789473,derelict_x3,1.0,3.0,10.0,False,2,1,0,False,no_branch,nan,nan,nan,False,nan,nan,nan,nan,1.594414124963805,
Shell_C_1000km,0.47631578947368414,26.789473684210527,derelict_x3,1.0,3.0,10.0,False,2,1,0,False,no_branch,nan,nan,nan,False,nan,nan,nan,nan,1.5602369590196759,
Shell_C_1000km,0.47631578947368414,29.36842105263158,derelict_x3,1.0,3.0,10.0,False,2,1,0,False,no_branch,nan,nan,nan,False,nan,nan,nan,nan,1.5617785420035943,
Shell_C_1000km,0.47631578947368414,31.94736842105263,derelict_x3,1.0,3.0,10.0,False,2,1,0,False,no_branch,nan,nan,nan,False,nan,nan,nan,nan,1.644825583032798,
Shell_C_1000km,0.47631578947368414,34.526315789473685,derelict_x3,1.0,3.0,10.0,False,2,1,0,False,no_branch,nan,nan,nan,False,nan,nan,nan,nan,1.5650769170024432,
Shell_C_1000km,0.47631578947368414,37.10526315789474,derelict_x3,1.0,3.0,10.0,False,2,1,0,False,no_branch,nan,nan,nan,False,nan,nan,nan,nan,1.5387043749797158,
Shell_C_1000km,0.47631578947368414,39.68421052631579,derelict_x3,1.0,3.0,10.0,False,2,1,0,False,no_branch,nan,nan,nan,False,nan,nan,nan,nan,1.5625474590342492,
Shell_C_1000km,0.47631578947368414,42.26315789473684,derelict_x3,1.0,3.0,10.0,False,2,1,0,False,no_branch,nan,nan,nan,False,nan,nan,nan,nan,1.5445942920050584,
Shell_C_1000km,0.47631578947368414,44.8421052631579,derelict_x3,1.0,3.0,10.0,False,2,1,0,False,no_branch,nan,nan,nan,False,nan,nan,nan,nan,1.544106749992352,
Shell_C_1000km,0.47631578947368414,47.421052631578945,derelict_x3,1.0,3.0,10.0,False,2,1,0,False,no_branch,nan,nan,nan,False,nan,nan,nan,nan,1.5557256250176579,
Shell_C_1000km,0.47631578947368414,50.0,derelict_x3,1.0,3.0,10.0,False,2,1,0,False,no_branch,nan,nan,nan,False,nan,nan,nan,nan,1.5154534170287661,
Shell_C_1000km,0.5236842105263158,1.0,derelict_x3,1.0,3.0,10.0,True,2,6,1,False,complex_no_crossing,nan,nan,nan,True,27.77777777777778,-0.00733352289276725,-0.009000000000000001,-0.001,1.8092187500442378,
Shell_C_1000km,0.5236842105263158,3.5789473684210527,derelict_x3,1.0,3.0,10.0,True,2,2,0,False,no_complex_eigenvalues,nan,nan,nan,True,7.575757575757575,nan,-0.009000000000000001,-0.001,1.6552342089707963,
Shell_C_1000km,0.5236842105263158,6.157894736842105,derelict_x3,1.0,3.0,10.0,False,2,1,0,False,no_branch,nan,nan,nan,False,nan,nan,nan,nan,1.6472134999930859,
Shell_C_1000km,0.5236842105263158,8.736842105263158,derelict_x3,1.0,3.0,10.0,False,2,1,0,False,no_branch,nan,nan,nan,False,nan,nan,nan,nan,1.7180002919631079,
Shell_C_1000km,0.5236842105263158,11.31578947368421,derelict_x3,1.0,3.0,10.0,False,2,1,0,False,no_branch,nan,nan,nan,False,nan,nan,nan,nan,1.6899461669963785,
Shell_C_1000km,0.5236842105263158,13.894736842105264,derelict_x3,1.0,3.0,10.0,False,2,1,0,False,no_branch,nan,nan,nan,False,nan,nan,nan,nan,1.6413894169963896,
Shell_C_1000km,0.5236842105263158,16.473684210526315,derelict_x3,1.0,3.0,10.0,False,2,1,0,False,no_branch,nan,nan,nan,False,nan,nan,nan,nan,1.649803000036627,
Shell_C_1000km,0.5236842105263158,19.05263157894737,derelict_x3,1.0,3.0,10.0,False,2,1,0,False,no_branch,nan,nan,nan,False,nan,nan,nan,nan,1.657501208013855,
Shell_C_1000km,0.5236842105263158,21.63157894736842,derelict_x3,1.0,3.0,10.0,False,2,1,0,False,no_branch,nan,nan,nan,False,nan,nan,nan,nan,1.6444034589803778,
Shell_C_1000km,0.5236842105263158,24.210526315789473,derelict_x3,1.0,3.0,10.0,False,2,1,0,False,no_branch,nan,nan,nan,False,nan,nan,nan,nan,1.6545622500125319,
Shell_C_1000km,0.5236842105263158,26.789473684210527,derelict_x3,1.0,3.0,10.0,False,2,1,0,False,no_branch,nan,nan,nan,False,nan,nan,nan,nan,1.6307054169592448,
Shell_C_1000km,0.5236842105263158,29.36842105263158,derelict_x3,1.0,3.0,10.0,False,2,1,0,False,no_branch,nan,nan,nan,False,nan,nan,nan,nan,1.6404550420120358,
Shell_C_1000km,0.5236842105263158,31.94736842105263,derelict_x3,1.0,3.0,10.0,False,2,1,0,False,no_branch,nan,nan,nan,False,nan,nan,nan,nan,1.6404518749914132,
Shell_C_1000km,0.5236842105263158,34.526315789473685,derelict_x3,1.0,3.0,10.0,False,2,1,0,False,no_branch,nan,nan,nan,False,nan,nan,nan,nan,1.616956666985061,
Shell_C_1000km,0.5236842105263158,37.10526315789474,derelict_x3,1.0,3.0,10.0,False,2,1,0,False,no_branch,nan,nan,nan,False,nan,nan,nan,nan,1.6972036249935627,
Shell_C_1000km,0.5236842105263158,39.68421052631579,derelict_x3,1.0,3.0,10.0,False,2,1,0,False,no_branch,nan,nan,nan,False,nan,nan,nan,nan,1.6357677910127677,
Shell_C_1000km,0.5236842105263158,42.26315789473684,derelict_x3,1.0,3.0,10.0,False,2,1,0,False,no_branch,nan,nan,nan,False,nan,nan,nan,nan,1.6189870000234805,
Shell_C_1000km,0.5236842105263158,44.8421052631579,derelict_x3,1.0,3.0,10.0,False,2,1,0,False,no_branch,nan,nan,nan,False,nan,nan,nan,nan,1.608946583000943,
Shell_C_1000km,0.5236842105263158,47.421052631578945,derelict_x3,1.0,3.0,10.0,False,2,1,0,False,no_branch,nan,nan,nan,False,nan,nan,nan,nan,1.6003045420511626,
Shell_C_1000km,0.5236842105263158,50.0,derelict_x3,1.0,3.0,10.0,False,2,1,0,False,no_branch,nan,nan,nan,False,nan,nan,nan,nan,1.5742805839981884,
Shell_C_1000km,0.5710526315789474,1.0,derelict_x3,1.0,3.0,10.0,True,2,6,1,False,complex_no_crossing,nan,nan,nan,True,27.77777777777778,-0.0074884139236768375,-0.009000000000000001,-0.001,1.7890956670162268,
Shell_C_1000km,0.5710526315789474,3.5789473684210527,derelict_x3,1.0,3.0,10.0,True,2,2,0,False,no_complex_eigenvalues,nan,nan,nan,True,7.575757575757575,nan,-0.009000000000000001,-0.001,1.6422870829701424,
Shell_C_1000km,0.5710526315789474,6.157894736842105,derelict_x3,1.0,3.0,10.0,False,2,1,0,False,no_branch,nan,nan,nan,False,nan,nan,nan,nan,1.6146481249597855,
Shell_C_1000km,0.5710526315789474,8.736842105263158,derelict_x3,1.0,3.0,10.0,False,2,1,0,False,no_branch,nan,nan,nan,False,nan,nan,nan,nan,1.6091587080154568,
Shell_C_1000km,0.5710526315789474,11.31578947368421,derelict_x3,1.0,3.0,10.0,False,2,1,0,False,no_branch,nan,nan,nan,False,nan,nan,nan,nan,1.6065895840292796,
Shell_C_1000km,0.5710526315789474,13.894736842105264,derelict_x3,1.0,3.0,10.0,False,2,1,0,False,no_branch,nan,nan,nan,False,nan,nan,nan,nan,1.6881665830151178,
Shell_C_1000km,0.5710526315789474,16.473684210526315,derelict_x3,1.0,3.0,10.0,False,2,1,0,False,no_branch,nan,nan,nan,False,nan,nan,nan,nan,1.6280050000059418,
Shell_C_1000km,0.5710526315789474,19.05263157894737,derelict_x3,1.0,3.0,10.0,False,2,1,0,False,no_branch,nan,nan,nan,False,nan,nan,nan,nan,1.598756541032344,
Shell_C_1000km,0.5710526315789474,21.63157894736842,derelict_x3,1.0,3.0,10.0,False,2,1,0,False,no_branch,nan,nan,nan,False,nan,nan,nan,nan,1.6206010829773732,
Shell_C_1000km,0.5710526315789474,24.210526315789473,derelict_x3,1.0,3.0,10.0,False,2,1,0,False,no_branch,nan,nan,nan,False,nan,nan,nan,nan,1.6559071249794215,
Shell_C_1000km,0.5710526315789474,26.789473684210527,derelict_x3,1.0,3.0,10.0,False,2,1,0,False,no_branch,nan,nan,nan,False,nan,nan,nan,nan,1.5859275410184637,
Shell_C_1000km,0.5710526315789474,29.36842105263158,derelict_x3,1.0,3.0,10.0,False,2,1,0,False,no_branch,nan,nan,nan,False,nan,nan,nan,nan,1.5982629170175642,
Shell_C_1000km,0.5710526315789474,31.94736842105263,derelict_x3,1.0,3.0,10.0,False,2,1,0,False,no_branch,nan,nan,nan,False,nan,nan,nan,nan,1.5687492919969372,
Shell_C_1000km,0.5710526315789474,34.526315789473685,derelict_x3,1.0,3.0,10.0,False,2,1,0,False,no_branch,nan,nan,nan,False,nan,nan,nan,nan,1.5815924169728532,
Shell_C_1000km,0.5710526315789474,37.10526315789474,derelict_x3,1.0,3.0,10.0,False,2,1,0,False,no_branch,nan,nan,nan,False,nan,nan,nan,nan,1.5611326249781996,
Shell_C_1000km,0.5710526315789474,39.68421052631579,derelict_x3,1.0,3.0,10.0,False,2,1,0,False,no_branch,nan,nan,nan,False,nan,nan,nan,nan,1.6540987079497427,
Shell_C_1000km,0.5710526315789474,42.26315789473684,derelict_x3,1.0,3.0,10.0,False,2,1,0,False,no_branch,nan,nan,nan,False,nan,nan,nan,nan,1.5633477920200676,
Shell_C_1000km,0.5710526315789474,44.8421052631579,derelict_x3,1.0,3.0,10.0,False,2,1,0,False,no_branch,nan,nan,nan,False,nan,nan,nan,nan,1.580555624968838,
Shell_C_1000km,0.5710526315789474,47.421052631578945,derelict_x3,1.0,3.0,10.0,False,2,1,0,False,no_branch,nan,nan,nan,False,nan,nan,nan,nan,1.5437458750093356,
Shell_C_1000km,0.5710526315789474,50.0,derelict_x3,1.0,3.0,10.0,False,2,1,0,False,no_branch,nan,nan,nan,False,nan,nan,nan,nan,1.5391190410009585,
Shell_C_1000km,0.618421052631579,1.0,derelict_x3,1.0,3.0,10.0,True,2,6,1,False,complex_no_crossing,nan,nan,nan,True,27.77777777777778,-0.007638901024393447,-0.009000000000000001,-0.001,1.7656628330005333,
Shell_C_1000km,0.618421052631579,3.5789473684210527,derelict_x3,1.0,3.0,10.0,True,2,2,0,False,no_complex_eigenvalues,nan,nan,nan,True,7.575757575757575,nan,-0.009000000000000001,-0.001,1.6118228749837726,
Shell_C_1000km,0.618421052631579,6.157894736842105,derelict_x3,1.0,3.0,10.0,False,2,1,0,False,no_branch,nan,nan,nan,False,nan,nan,nan,nan,1.613756666018162,
Shell_C_1000km,0.618421052631579,8.736842105263158,derelict_x3,1.0,3.0,10.0,False,2,1,0,False,no_branch,nan,nan,nan,False,nan,nan,nan,nan,1.5968216250184923,
Shell_C_1000km,0.618421052631579,11.31578947368421,derelict_x3,1.0,3.0,10.0,False,2,1,0,False,no_branch,nan,nan,nan,False,nan,nan,nan,nan,1.5972340420121327,
Shell_C_1000km,0.618421052631579,13.894736842105264,derelict_x3,1.0,3.0,10.0,False,2,1,0,False,no_branch,nan,nan,nan,False,nan,nan,nan,nan,1.6009967089630663,
Shell_C_1000km,0.618421052631579,16.473684210526315,derelict_x3,1.0,3.0,10.0,False,2,1,0,False,no_branch,nan,nan,nan,False,nan,nan,nan,nan,1.6655965829850174,
Shell_C_1000km,0.618421052631579,19.05263157894737,derelict_x3,1.0,3.0,10.0,False,2,1,0,False,no_branch,nan,nan,nan,False,nan,nan,nan,nan,1.611191624950152,
Shell_C_1000km,0.618421052631579,21.63157894736842,derelict_x3,1.0,3.0,10.0,False,2,1,0,False,no_branch,nan,nan,nan,False,nan,nan,nan,nan,1.5883746669860557,
Shell_C_1000km,0.618421052631579,24.210526315789473,derelict_x3,1.0,3.0,10.0,False,2,1,0,False,no_branch,nan,nan,nan,False,nan,nan,nan,nan,1.5805757499765605,
Shell_C_1000km,0.618421052631579,26.789473684210527,derelict_x3,1.0,3.0,10.0,False,2,1,0,False,no_branch,nan,nan,nan,False,nan,nan,nan,nan,1.6316643750178628,
Shell_C_1000km,0.618421052631579,29.36842105263158,derelict_x3,1.0,3.0,10.0,False,2,1,0,False,no_branch,nan,nan,nan,False,nan,nan,nan,nan,1.5806192500167526,
Shell_C_1000km,0.618421052631579,31.94736842105263,derelict_x3,1.0,3.0,10.0,False,2,1,0,False,no_branch,nan,nan,nan,False,nan,nan,nan,nan,1.5582426670007408,
Shell_C_1000km,0.618421052631579,34.526315789473685,derelict_x3,1.0,3.0,10.0,False,2,1,0,False,no_branch,nan,nan,nan,False,nan,nan,nan,nan,1.5600212080171332,
Shell_C_1000km,0.618421052631579,37.10526315789474,derelict_x3,1.0,3.0,10.0,False,2,1,0,False,no_branch,nan,nan,nan,False,nan,nan,nan,nan,1.5579910409869626,
Shell_C_1000km,0.618421052631579,39.68421052631579,derelict_x3,1.0,3.0,10.0,False,2,1,0,False,no_branch,nan,nan,nan,False,nan,nan,nan,nan,1.5481242500245571,
Shell_C_1000km,0.618421052631579,42.26315789473684,derelict_x3,1.0,3.0,10.0,False,2,1,0,False,no_branch,nan,nan,nan,False,nan,nan,nan,nan,1.554544167011045,
Shell_C_1000km,0.618421052631579,44.8421052631579,derelict_x3,1.0,3.0,10.0,False,2,1,0,False,no_branch,nan,nan,nan,False,nan,nan,nan,nan,1.610660000005737,
Shell_C_1000km,0.618421052631579,47.421052631578945,derelict_x3,1.0,3.0,10.0,False,2,1,0,False,no_branch,nan,nan,nan,False,nan,nan,nan,nan,1.5386819579871371,
Shell_C_1000km,0.618421052631579,50.0,derelict_x3,1.0,3.0,10.0,False,2,1,0,False,no_branch,nan,nan,nan,False,nan,nan,nan,nan,1.5339224580093287,
Shell_C_1000km,0.6657894736842105,1.0,derelict_x3,1.0,3.0,10.0,True,2,6,1,False,complex_no_crossing,nan,nan,nan,True,27.77777777777778,-0.007785319592368958,-0.009000000000000001,-0.001,1.7236171669792384,
Shell_C_1000km,0.6657894736842105,3.5789473684210527,derelict_x3,1.0,3.0,10.0,True,2,2,0,False,no_complex_eigenvalues,nan,nan,nan,True,7.575757575757575,nan,-0.009000000000000001,-0.001,1.595106000022497,
Shell_C_1000km,0.6657894736842105,6.157894736842105,derelict_x3,1.0,3.0,10.0,False,2,1,0,False,no_branch,nan,nan,nan,False,nan,nan,nan,nan,1.5905216669780202,
Shell_C_1000km,0.6657894736842105,8.736842105263158,derelict_x3,1.0,3.0,10.0,False,2,1,0,False,no_branch,nan,nan,nan,False,nan,nan,nan,nan,1.5822751250234433,
Shell_C_1000km,0.6657894736842105,11.31578947368421,derelict_x3,1.0,3.0,10.0,False,2,1,0,False,no_branch,nan,nan,nan,False,nan,nan,nan,nan,1.5918651249958202,
Shell_C_1000km,0.6657894736842105,13.894736842105264,derelict_x3,1.0,3.0,10.0,False,2,1,0,False,no_branch,nan,nan,nan,False,nan,nan,nan,nan,1.6007840419770218,
Shell_C_1000km,0.6657894736842105,16.473684210526315,derelict_x3,1.0,3.0,10.0,False,2,1,0,False,no_branch,nan,nan,nan,False,nan,nan,nan,nan,1.5829134579980746,
Shell_C_1000km,0.6657894736842105,19.05263157894737,derelict_x3,1.0,3.0,10.0,False,2,1,0,False,no_branch,nan,nan,nan,False,nan,nan,nan,nan,1.582359666004777,
Shell_C_1000km,0.6657894736842105,21.63157894736842,derelict_x3,1.0,3.0,10.0,False,2,1,0,False,no_branch,nan,nan,nan,False,nan,nan,nan,nan,1.6601341249770485,
Shell_C_1000km,0.6657894736842105,24.210526315789473,derelict_x3,1.0,3.0,10.0,False,2,1,0,False,no_branch,nan,nan,nan,False,nan,nan,nan,nan,1.5728552090004086,
Shell_C_1000km,0.6657894736842105,26.789473684210527,derelict_x3,1.0,3.0,10.0,False,2,1,0,False,no_branch,nan,nan,nan,False,nan,nan,nan,nan,1.570001166954171,
Shell_C_1000km,0.6657894736842105,29.36842105263158,derelict_x3,1.0,3.0,10.0,False,2,1,0,False,no_branch,nan,nan,nan,False,nan,nan,nan,nan,1.5486384170362726,
Shell_C_1000km,0.6657894736842105,31.94736842105263,derelict_x3,1.0,3.0,10.0,False,2,1,0,False,no_branch,nan,nan,nan,False,nan,nan,nan,nan,1.552367124997545,
Shell_C_1000km,0.6657894736842105,34.526315789473685,derelict_x3,1.0,3.0,10.0,False,2,1,0,False,no_branch,nan,nan,nan,False,nan,nan,nan,nan,1.552729916991666,
Shell_C_1000km,0.6657894736842105,37.10526315789474,derelict_x3,1.0,3.0,10.0,False,2,1,0,False,no_branch,nan,nan,nan,False,nan,nan,nan,nan,1.5357017500209622,
Shell_C_1000km,0.6657894736842105,39.68421052631579,derelict_x3,1.0,3.0,10.0,False,2,1,0,False,no_branch,nan,nan,nan,False,nan,nan,nan,nan,1.5440175420371816,
Shell_C_1000km,0.6657894736842105,42.26315789473684,derelict_x3,1.0,3.0,10.0,False,2,1,0,False,no_branch,nan,nan,nan,False,nan,nan,nan,nan,1.5260815829969943,
Shell_C_1000km,0.6657894736842105,44.8421052631579,derelict_x3,1.0,3.0,10.0,False,2,1,0,False,no_branch,nan,nan,nan,False,nan,nan,nan,nan,1.5178282499546185,
Shell_C_1000km,0.6657894736842105,47.421052631578945,derelict_x3,1.0,3.0,10.0,False,2,1,0,False,no_branch,nan,nan,nan,False,nan,nan,nan,nan,1.4973081250209361,
Shell_C_1000km,0.6657894736842105,50.0,derelict_x3,1.0,3.0,10.0,False,2,1,0,False,no_branch,nan,nan,nan,False,nan,nan,nan,nan,1.584109499992337,
Shell_C_1000km,0.7131578947368421,1.0,derelict_x3,1.0,3.0,10.0,True,2,6,1,False,complex_no_crossing,nan,nan,nan,True,27.77777777777778,-0.007927966496969785,-0.009000000000000001,-0.001,1.7269429999869317,
Shell_C_1000km,0.7131578947368421,3.5789473684210527,derelict_x3,1.0,3.0,10.0,True,2,2,0,False,no_complex_eigenvalues,nan,nan,nan,True,7.575757575757575,nan,-0.009000000000000001,-0.001,1.5854223330388777,
Shell_C_1000km,0.7131578947368421,6.157894736842105,derelict_x3,1.0,3.0,10.0,False,2,1,0,False,no_branch,nan,nan,nan,False,nan,nan,nan,nan,1.5818941660108976,
Shell_C_1000km,0.7131578947368421,8.736842105263158,derelict_x3,1.0,3.0,10.0,False,2,1,0,False,no_branch,nan,nan,nan,False,nan,nan,nan,nan,1.5979708330123685,
Shell_C_1000km,0.7131578947368421,11.31578947368421,derelict_x3,1.0,3.0,10.0,False,2,1,0,False,no_branch,nan,nan,nan,False,nan,nan,nan,nan,1.570631249982398,
Shell_C_1000km,0.7131578947368421,13.894736842105264,derelict_x3,1.0,3.0,10.0,False,2,1,0,False,no_branch,nan,nan,nan,False,nan,nan,nan,nan,1.5779606669675559,
Shell_C_1000km,0.7131578947368421,16.473684210526315,derelict_x3,1.0,3.0,10.0,False,2,1,0,False,no_branch,nan,nan,nan,False,nan,nan,nan,nan,1.5653711250051856,
Shell_C_1000km,0.7131578947368421,19.05263157894737,derelict_x3,1.0,3.0,10.0,False,2,1,0,False,no_branch,nan,nan,nan,False,nan,nan,nan,nan,1.5836286249686964,
Shell_C_1000km,0.7131578947368421,21.63157894736842,derelict_x3,1.0,3.0,10.0,False,2,1,0,False,no_branch,nan,nan,nan,False,nan,nan,nan,nan,1.571473749994766,
Shell_C_1000km,0.7131578947368421,24.210526315789473,derelict_x3,1.0,3.0,10.0,False,2,1,0,False,no_branch,nan,nan,nan,False,nan,nan,nan,nan,1.5483450420433655,
Shell_C_1000km,0.7131578947368421,26.789473684210527,derelict_x3,1.0,3.0,10.0,False,2,1,0,False,no_branch,nan,nan,nan,False,nan,nan,nan,nan,1.6209723750362173,
Shell_C_1000km,0.7131578947368421,29.36842105263158,derelict_x3,1.0,3.0,10.0,False,2,1,0,False,no_branch,nan,nan,nan,False,nan,nan,nan,nan,1.5937705000396818,
Shell_C_1000km,0.7131578947368421,31.94736842105263,derelict_x3,1.0,3.0,10.0,False,2,1,0,False,no_branch,nan,nan,nan,False,nan,nan,nan,nan,1.5344274169765413,
Shell_C_1000km,0.7131578947368421,34.526315789473685,derelict_x3,1.0,3.0,10.0,False,2,1,0,False,no_branch,nan,nan,nan,False,nan,nan,nan,nan,1.5156162080238573,
Shell_C_1000km,0.7131578947368421,37.10526315789474,derelict_x3,1.0,3.0,10.0,False,2,1,0,False,no_branch,nan,nan,nan,False,nan,nan,nan,nan,1.5158180419821292,
Shell_C_1000km,0.7131578947368421,39.68421052631579,derelict_x3,1.0,3.0,10.0,False,2,1,0,False,no_branch,nan,nan,nan,False,nan,nan,nan,nan,1.5163622919935733,
Shell_C_1000km,0.7131578947368421,42.26315789473684,derelict_x3,1.0,3.0,10.0,False,2,1,0,False,no_branch,nan,nan,nan,False,nan,nan,nan,nan,1.5336030409671366,
Shell_C_1000km,0.7131578947368421,44.8421052631579,derelict_x3,1.0,3.0,10.0,False,2,1,0,False,no_branch,nan,nan,nan,False,nan,nan,nan,nan,1.5043199580395594,
Shell_C_1000km,0.7131578947368421,47.421052631578945,derelict_x3,1.0,3.0,10.0,False,2,1,0,False,no_branch,nan,nan,nan,False,nan,nan,nan,nan,1.5048240420292132,
Shell_C_1000km,0.7131578947368421,50.0,derelict_x3,1.0,3.0,10.0,False,2,1,0,False,no_branch,nan,nan,nan,False,nan,nan,nan,nan,1.485901209001895,
Shell_C_1000km,0.7605263157894736,1.0,derelict_x3,1.0,3.0,10.0,True,2,6,1,False,complex_no_crossing,nan,nan,nan,True,27.77777777777778,-0.00806710583208833,-0.009000000000000001,-0.001,1.7471732089761645,
Shell_C_1000km,0.7605263157894736,3.5789473684210527,derelict_x3,1.0,3.0,10.0,True,2,2,0,False,no_complex_eigenvalues,nan,nan,nan,True,7.575757575757575,nan,-0.009000000000000001,-0.001,1.6173840829869732,
Shell_C_1000km,0.7605263157894736,6.157894736842105,derelict_x3,1.0,3.0,10.0,False,2,1,0,False,no_branch,nan,nan,nan,False,nan,nan,nan,nan,1.66695629095193,
Shell_C_1000km,0.7605263157894736,8.736842105263158,derelict_x3,1.0,3.0,10.0,False,2,1,0,False,no_branch,nan,nan,nan,False,nan,nan,nan,nan,1.5990342919831164,
Shell_C_1000km,0.7605263157894736,11.31578947368421,derelict_x3,1.0,3.0,10.0,False,2,1,0,False,no_branch,nan,nan,nan,False,nan,nan,nan,nan,1.5856539170490578,
Shell_C_1000km,0.7605263157894736,13.894736842105264,derelict_x3,1.0,3.0,10.0,False,2,1,0,False,no_branch,nan,nan,nan,False,nan,nan,nan,nan,1.59235750004882,
Shell_C_1000km,0.7605263157894736,16.473684210526315,derelict_x3,1.0,3.0,10.0,False,2,1,0,False,no_branch,nan,nan,nan,False,nan,nan,nan,nan,1.5854944169986993,
Shell_C_1000km,0.7605263157894736,19.05263157894737,derelict_x3,1.0,3.0,10.0,False,2,1,0,False,no_branch,nan,nan,nan,False,nan,nan,nan,nan,1.5750985839986242,
Shell_C_1000km,0.7605263157894736,21.63157894736842,derelict_x3,1.0,3.0,10.0,False,2,1,0,False,no_branch,nan,nan,nan,False,nan,nan,nan,nan,1.5846646249992773,
Shell_C_1000km,0.7605263157894736,24.210526315789473,derelict_x3,1.0,3.0,10.0,False,2,1,0,False,no_branch,nan,nan,nan,False,nan,nan,nan,nan,1.5662098749889992,
Shell_C_1000km,0.7605263157894736,26.789473684210527,derelict_x3,1.0,3.0,10.0,False,2,1,0,False,no_branch,nan,nan,nan,False,nan,nan,nan,nan,1.5914517500204965,
Shell_C_1000km,0.7605263157894736,29.36842105263158,derelict_x3,1.0,3.0,10.0,False,2,1,0,False,no_branch,nan,nan,nan,False,nan,nan,nan,nan,1.554915249987971,
Shell_C_1000km,0.7605263157894736,31.94736842105263,derelict_x3,1.0,3.0,10.0,False,2,1,0,False,no_branch,nan,nan,nan,False,nan,nan,nan,nan,1.648470834014006,
Shell_C_1000km,0.7605263157894736,34.526315789473685,derelict_x3,1.0,3.0,10.0,False,2,1,0,False,no_branch,nan,nan,nan,False,nan,nan,nan,nan,1.5407137079746462,
Shell_C_1000km,0.7605263157894736,37.10526315789474,derelict_x3,1.0,3.0,10.0,False,2,1,0,False,no_branch,nan,nan,nan,False,nan,nan,nan,nan,1.592051875020843,
Shell_C_1000km,0.7605263157894736,39.68421052631579,derelict_x3,1.0,3.0,10.0,False,2,1,0,False,no_branch,nan,nan,nan,False,nan,nan,nan,nan,1.6756065000081435,
Shell_C_1000km,0.7605263157894736,42.26315789473684,derelict_x3,1.0,3.0,10.0,False,2,1,0,False,no_branch,nan,nan,nan,False,nan,nan,nan,nan,1.6091474160202779,
Shell_C_1000km,0.7605263157894736,44.8421052631579,derelict_x3,1.0,3.0,10.0,False,2,1,0,False,no_branch,nan,nan,nan,False,nan,nan,nan,nan,1.5307832909747958,
Shell_C_1000km,0.7605263157894736,47.421052631578945,derelict_x3,1.0,3.0,10.0,False,2,1,0,False,no_branch,nan,nan,nan,False,nan,nan,nan,nan,1.5007617499795742,
Shell_C_1000km,0.7605263157894736,50.0,derelict_x3,1.0,3.0,10.0,False,2,1,0,False,no_branch,nan,nan,nan,False,nan,nan,nan,nan,1.504149459011387,
Shell_C_1000km,0.8078947368421052,1.0,derelict_x3,1.0,3.0,10.0,True,2,6,1,False,complex_no_crossing,nan,nan,nan,True,27.77777777777778,-0.008202973629485005,-0.009000000000000001,-0.001,1.7394303749897517,
Shell_C_1000km,0.8078947368421052,3.5789473684210527,derelict_x3,1.0,3.0,10.0,True,2,2,0,False,no_complex_eigenvalues,nan,nan,nan,True,7.575757575757575,nan,-0.009000000000000001,-0.001,1.5758714580442756,
Shell_C_1000km,0.8078947368421052,6.157894736842105,derelict_x3,1.0,3.0,10.0,False,2,1,0,False,no_branch,nan,nan,nan,False,nan,nan,nan,nan,1.5847500420059077,
Shell_C_1000km,0.8078947368421052,8.736842105263158,derelict_x3,1.0,3.0,10.0,False,2,1,0,False,no_branch,nan,nan,nan,False,nan,nan,nan,nan,1.6989592089666985,
Shell_C_1000km,0.8078947368421052,11.31578947368421,derelict_x3,1.0,3.0,10.0,False,2,1,0,False,no_branch,nan,nan,nan,False,nan,nan,nan,nan,1.570827041985467,
Shell_C_1000km,0.8078947368421052,13.894736842105264,derelict_x3,1.0,3.0,10.0,False,2,1,0,False,no_branch,nan,nan,nan,False,nan,nan,nan,nan,1.6078852500068024,
Shell_C_1000km,0.8078947368421052,16.473684210526315,derelict_x3,1.0,3.0,10.0,False,2,1,0,False,no_branch,nan,nan,nan,False,nan,nan,nan,nan,1.573423333989922,
Shell_C_1000km,0.8078947368421052,19.05263157894737,derelict_x3,1.0,3.0,10.0,False,2,1,0,False,no_branch,nan,nan,nan,False,nan,nan,nan,nan,1.5645553339854814,
Shell_C_1000km,0.8078947368421052,21.63157894736842,derelict_x3,1.0,3.0,10.0,False,2,1,0,False,no_branch,nan,nan,nan,False,nan,nan,nan,nan,1.602788291987963,
Shell_C_1000km,0.8078947368421052,24.210526315789473,derelict_x3,1.0,3.0,10.0,False,2,1,0,False,no_branch,nan,nan,nan,False,nan,nan,nan,nan,1.559943458007183,
Shell_C_1000km,0.8078947368421052,26.789473684210527,derelict_x3,1.0,3.0,10.0,False,2,1,0,False,no_branch,nan,nan,nan,False,nan,nan,nan,nan,1.6172443329705857,
Shell_C_1000km,0.8078947368421052,29.36842105263158,derelict_x3,1.0,3.0,10.0,False,2,1,0,False,no_branch,nan,nan,nan,False,nan,nan,nan,nan,1.553835665981751,
Shell_C_1000km,0.8078947368421052,31.94736842105263,derelict_x3,1.0,3.0,10.0,False,2,1,0,False,no_branch,nan,nan,nan,False,nan,nan,nan,nan,1.5250753339496441,
Shell_C_1000km,0.8078947368421052,34.526315789473685,derelict_x3,1.0,3.0,10.0,False,2,1,0,False,no_branch,nan,nan,nan,False,nan,nan,nan,nan,1.5140891659539193,
Shell_C_1000km,0.8078947368421052,37.10526315789474,derelict_x3,1.0,3.0,10.0,False,2,1,0,False,no_branch,nan,nan,nan,False,nan,nan,nan,nan,1.591589624993503,
Shell_C_1000km,0.8078947368421052,39.68421052631579,derelict_x3,1.0,3.0,10.0,False,2,1,0,False,no_branch,nan,nan,nan,False,nan,nan,nan,nan,1.4888048330321908,
Shell_C_1000km,0.8078947368421052,42.26315789473684,derelict_x3,1.0,3.0,10.0,False,2,1,0,False,no_branch,nan,nan,nan,False,nan,nan,nan,nan,1.4878305420279503,
Shell_C_1000km,0.8078947368421052,44.8421052631579,derelict_x3,1.0,3.0,10.0,False,2,1,0,False,no_branch,nan,nan,nan,False,nan,nan,nan,nan,1.4908971659606323,
Shell_C_1000km,0.8078947368421052,47.421052631578945,derelict_x3,1.0,3.0,10.0,False,2,1,0,False,no_branch,nan,nan,nan,False,nan,nan,nan,nan,1.4952659579575993,
Shell_C_1000km,0.8078947368421052,50.0,derelict_x3,1.0,3.0,10.0,False,2,1,0,False,no_branch,nan,nan,nan,False,nan,nan,nan,nan,1.5541005000122823,
Shell_C_1000km,0.8552631578947368,1.0,derelict_x3,1.0,3.0,10.0,True,2,6,1,False,complex_no_crossing,nan,nan,nan,True,27.77777777777778,-0.008335781750732005,-0.009000000000000001,-0.001,1.7499749999842606,
Shell_C_1000km,0.8552631578947368,3.5789473684210527,derelict_x3,1.0,3.0,10.0,True,2,2,0,False,no_complex_eigenvalues,nan,nan,nan,True,7.575757575757575,nan,-0.009000000000000001,-0.001,1.6214661250123754,
Shell_C_1000km,0.8552631578947368,6.157894736842105,derelict_x3,1.0,3.0,10.0,False,2,1,0,False,no_branch,nan,nan,nan,False,nan,nan,nan,nan,1.6868097499827854,
Shell_C_1000km,0.8552631578947368,8.736842105263158,derelict_x3,1.0,3.0,10.0,False,2,1,0,False,no_branch,nan,nan,nan,False,nan,nan,nan,nan,1.6331864590174519,
Shell_C_1000km,0.8552631578947368,11.31578947368421,derelict_x3,1.0,3.0,10.0,False,2,1,0,False,no_branch,nan,nan,nan,False,nan,nan,nan,nan,1.6801789589808322,
Shell_C_1000km,0.8552631578947368,13.894736842105264,derelict_x3,1.0,3.0,10.0,False,2,1,0,False,no_branch,nan,nan,nan,False,nan,nan,nan,nan,1.5750447919708677,
Shell_C_1000km,0.8552631578947368,16.473684210526315,derelict_x3,1.0,3.0,10.0,False,2,1,0,False,no_branch,nan,nan,nan,False,nan,nan,nan,nan,1.8471920840092935,
Shell_C_1000km,0.8552631578947368,19.05263157894737,derelict_x3,1.0,3.0,10.0,False,2,1,0,False,no_branch,nan,nan,nan,False,nan,nan,nan,nan,1.6718116669799201,
Shell_C_1000km,0.8552631578947368,21.63157894736842,derelict_x3,1.0,3.0,10.0,False,2,1,0,False,no_branch,nan,nan,nan,False,nan,nan,nan,nan,1.7204049170250073,
Shell_C_1000km,0.8552631578947368,24.210526315789473,derelict_x3,1.0,3.0,10.0,False,2,1,0,False,no_branch,nan,nan,nan,False,nan,nan,nan,nan,1.62747687502997,
Shell_C_1000km,0.8552631578947368,26.789473684210527,derelict_x3,1.0,3.0,10.0,False,2,1,0,False,no_branch,nan,nan,nan,False,nan,nan,nan,nan,1.690157792007085,
Shell_C_1000km,0.8552631578947368,29.36842105263158,derelict_x3,1.0,3.0,10.0,False,2,1,0,False,no_branch,nan,nan,nan,False,nan,nan,nan,nan,1.5315805840073153,
Shell_C_1000km,0.8552631578947368,31.94736842105263,derelict_x3,1.0,3.0,10.0,False,2,1,0,False,no_branch,nan,nan,nan,False,nan,nan,nan,nan,1.5159506250056438,
Shell_C_1000km,0.8552631578947368,34.526315789473685,derelict_x3,1.0,3.0,10.0,False,2,1,0,False,no_branch,nan,nan,nan,False,nan,nan,nan,nan,1.5272359170485288,
Shell_C_1000km,0.8552631578947368,37.10526315789474,derelict_x3,1.0,3.0,10.0,False,2,1,0,False,no_branch,nan,nan,nan,False,nan,nan,nan,nan,1.4916744169895537,
Shell_C_1000km,0.8552631578947368,39.68421052631579,derelict_x3,1.0,3.0,10.0,False,2,1,0,False,no_branch,nan,nan,nan,False,nan,nan,nan,nan,1.5094890409964137,
Shell_C_1000km,0.8552631578947368,42.26315789473684,derelict_x3,1.0,3.0,10.0,False,2,1,0,False,no_branch,nan,nan,nan,False,nan,nan,nan,nan,1.5165302089881152,
Shell_C_1000km,0.8552631578947368,44.8421052631579,derelict_x3,1.0,3.0,10.0,False,2,1,0,False,no_branch,nan,nan,nan,False,nan,nan,nan,nan,1.611729666008614,
Shell_C_1000km,0.8552631578947368,47.421052631578945,derelict_x3,1.0,3.0,10.0,False,2,1,0,False,no_branch,nan,nan,nan,False,nan,nan,nan,nan,1.5356707500177436,
Shell_C_1000km,0.8552631578947368,50.0,derelict_x3,1.0,3.0,10.0,False,2,1,0,False,no_branch,nan,nan,nan,False,nan,nan,nan,nan,1.4877696670009755,
Shell_C_1000km,0.9026315789473683,1.0,derelict_x3,1.0,3.0,10.0,True,2,6,1,False,complex_no_crossing,nan,nan,nan,True,27.77777777777778,-0.008465721124062082,-0.009000000000000001,-0.001,1.8332224159967154,
Shell_C_1000km,0.9026315789473683,3.5789473684210527,derelict_x3,1.0,3.0,10.0,True,2,2,0,False,no_complex_eigenvalues,nan,nan,nan,True,7.575757575757575,nan,-0.009000000000000001,-0.001,1.7280709160258994,
Shell_C_1000km,0.9026315789473683,6.157894736842105,derelict_x3,1.0,3.0,10.0,False,2,1,0,False,no_branch,nan,nan,nan,False,nan,nan,nan,nan,1.8413064579945058,
Shell_C_1000km,0.9026315789473683,8.736842105263158,derelict_x3,1.0,3.0,10.0,False,2,1,0,False,no_branch,nan,nan,nan,False,nan,nan,nan,nan,1.646819458983373,
Shell_C_1000km,0.9026315789473683,11.31578947368421,derelict_x3,1.0,3.0,10.0,False,2,1,0,False,no_branch,nan,nan,nan,False,nan,nan,nan,nan,1.6524663750315085,
Shell_C_1000km,0.9026315789473683,13.894736842105264,derelict_x3,1.0,3.0,10.0,False,2,1,0,False,no_branch,nan,nan,nan,False,nan,nan,nan,nan,1.7866442080121487,
Shell_C_1000km,0.9026315789473683,16.473684210526315,derelict_x3,1.0,3.0,10.0,False,2,1,0,False,no_branch,nan,nan,nan,False,nan,nan,nan,nan,1.5559231670340523,
Shell_C_1000km,0.9026315789473683,19.05263157894737,derelict_x3,1.0,3.0,10.0,False,2,1,0,False,no_branch,nan,nan,nan,False,nan,nan,nan,nan,1.609775917022489,
Shell_C_1000km,0.9026315789473683,21.63157894736842,derelict_x3,1.0,3.0,10.0,False,2,1,0,False,no_branch,nan,nan,nan,False,nan,nan,nan,nan,1.6023580419714563,
Shell_C_1000km,0.9026315789473683,24.210526315789473,derelict_x3,1.0,3.0,10.0,False,2,1,0,False,no_branch,nan,nan,nan,False,nan,nan,nan,nan,1.544027041993104,
Shell_C_1000km,0.9026315789473683,26.789473684210527,derelict_x3,1.0,3.0,10.0,False,2,1,0,False,no_branch,nan,nan,nan,False,nan,nan,nan,nan,1.530362542020157,
Shell_C_1000km,0.9026315789473683,29.36842105263158,derelict_x3,1.0,3.0,10.0,False,2,1,0,False,no_branch,nan,nan,nan,False,nan,nan,nan,nan,1.5338125419802964,
Shell_C_1000km,0.9026315789473683,31.94736842105263,derelict_x3,1.0,3.0,10.0,False,2,1,0,False,no_branch,nan,nan,nan,False,nan,nan,nan,nan,1.523540249967482,
Shell_C_1000km,0.9026315789473683,34.526315789473685,derelict_x3,1.0,3.0,10.0,False,2,1,0,False,no_branch,nan,nan,nan,False,nan,nan,nan,nan,1.5298671670025215,
Shell_C_1000km,0.9026315789473683,37.10526315789474,derelict_x3,1.0,3.0,10.0,False,2,1,0,False,no_branch,nan,nan,nan,False,nan,nan,nan,nan,1.4972285420517437,
Shell_C_1000km,0.9026315789473683,39.68421052631579,derelict_x3,1.0,3.0,10.0,False,2,1,0,False,no_branch,nan,nan,nan,False,nan,nan,nan,nan,1.4955702919978648,
Shell_C_1000km,0.9026315789473683,42.26315789473684,derelict_x3,1.0,3.0,10.0,False,2,1,0,False,no_branch,nan,nan,nan,False,nan,nan,nan,nan,1.487561916001141,
Shell_C_1000km,0.9026315789473683,44.8421052631579,derelict_x3,1.0,3.0,10.0,False,2,1,0,False,no_branch,nan,nan,nan,False,nan,nan,nan,nan,1.487728708947543,
Shell_C_1000km,0.9026315789473683,47.421052631578945,derelict_x3,1.0,3.0,10.0,False,2,1,0,False,no_branch,nan,nan,nan,False,nan,nan,nan,nan,1.4788868749747053,
Shell_C_1000km,0.9026315789473683,50.0,derelict_x3,1.0,3.0,10.0,False,2,1,0,False,no_branch,nan,nan,nan,False,nan,nan,nan,nan,1.4558483749860898,
Shell_C_1000km,0.95,1.0,derelict_x3,1.0,3.0,10.0,True,2,6,1,False,complex_no_crossing,nan,nan,nan,True,27.77777777777778,-0.008592964454374182,-0.009000000000000001,-0.001,1.790838207991328,
Shell_C_1000km,0.95,3.5789473684210527,derelict_x3,1.0,3.0,10.0,True,2,2,0,False,no_complex_eigenvalues,nan,nan,nan,True,7.575757575757575,nan,-0.009000000000000001,-0.001,1.5681013750145212,
Shell_C_1000km,0.95,6.157894736842105,derelict_x3,1.0,3.0,10.0,False,2,1,0,False,no_branch,nan,nan,nan,False,nan,nan,nan,nan,1.5373526249895804,
Shell_C_1000km,0.95,8.736842105263158,derelict_x3,1.0,3.0,10.0,False,2,1,0,False,no_branch,nan,nan,nan,False,nan,nan,nan,nan,1.5469899579766206,
Shell_C_1000km,0.95,11.31578947368421,derelict_x3,1.0,3.0,10.0,False,2,1,0,False,no_branch,nan,nan,nan,False,nan,nan,nan,nan,1.5516862920485437,
Shell_C_1000km,0.95,13.894736842105264,derelict_x3,1.0,3.0,10.0,False,2,1,0,False,no_branch,nan,nan,nan,False,nan,nan,nan,nan,1.5237583750276826,
Shell_C_1000km,0.95,16.473684210526315,derelict_x3,1.0,3.0,10.0,False,2,1,0,False,no_branch,nan,nan,nan,False,nan,nan,nan,nan,1.5190038749715313,
Shell_C_1000km,0.95,19.05263157894737,derelict_x3,1.0,3.0,10.0,False,2,1,0,False,no_branch,nan,nan,nan,False,nan,nan,nan,nan,1.5258307920303196,
Shell_C_1000km,0.95,21.63157894736842,derelict_x3,1.0,3.0,10.0,False,2,1,0,False,no_branch,nan,nan,nan,False,nan,nan,nan,nan,1.518898124981206,
Shell_C_1000km,0.95,24.210526315789473,derelict_x3,1.0,3.0,10.0,False,2,1,0,False,no_branch,nan,nan,nan,False,nan,nan,nan,nan,1.5192439169622958,
Shell_C_1000km,0.95,26.789473684210527,derelict_x3,1.0,3.0,10.0,False,2,1,0,False,no_branch,nan,nan,nan,False,nan,nan,nan,nan,1.5065214579808526,
Shell_C_1000km,0.95,29.36842105263158,derelict_x3,1.0,3.0,10.0,False,2,1,0,False,no_branch,nan,nan,nan,False,nan,nan,nan,nan,1.5690507500548847,
Shell_C_1000km,0.95,31.94736842105263,derelict_x3,1.0,3.0,10.0,False,2,1,0,False,no_branch,nan,nan,nan,False,nan,nan,nan,nan,1.4988647909485735,
Shell_C_1000km,0.95,34.526315789473685,derelict_x3,1.0,3.0,10.0,False,2,1,0,False,no_branch,nan,nan,nan,False,nan,nan,nan,nan,1.4885229999781586,
Shell_C_1000km,0.95,37.10526315789474,derelict_x3,1.0,3.0,10.0,False,2,1,0,False,no_branch,nan,nan,nan,False,nan,nan,nan,nan,1.4968483749544248,
Shell_C_1000km,0.95,39.68421052631579,derelict_x3,1.0,3.0,10.0,False,2,1,0,False,no_branch,nan,nan,nan,False,nan,nan,nan,nan,1.6451644590124488,
Shell_C_1000km,0.95,42.26315789473684,derelict_x3,1.0,3.0,10.0,False,2,1,0,False,no_branch,nan,nan,nan,False,nan,nan,nan,nan,1.540828540979419,
Shell_C_1000km,0.95,44.8421052631579,derelict_x3,1.0,3.0,10.0,False,2,1,0,False,no_branch,nan,nan,nan,False,nan,nan,nan,nan,1.492846290988382,
Shell_C_1000km,0.95,47.421052631578945,derelict_x3,1.0,3.0,10.0,False,2,1,0,False,no_branch,nan,nan,nan,False,nan,nan,nan,nan,1.4744525830028579,
Shell_C_1000km,0.95,50.0,derelict_x3,1.0,3.0,10.0,False,2,1,0,False,no_branch,nan,nan,nan,False,nan,nan,nan,nan,1.5674053329857998,
