shell_name,rho_fraction,gamma_multiplier,eta_label,eta_SD,eta_SR,eta_RD,branch_found,n_branches,n_points_lower,n_complex_points,hopf_found,hopf_outcome,hopf_L_c,hopf_omega,hopf_dalpha_dL,fold_found,L_fold,min_alpha_complex,max_trace_lower,leading_alpha_max,runtime_seconds,error
Shell_B_800km,0.05,1.0,baseline,1.0,1.0,1.0,True,2,67,8,False,complex_no_crossing,nan,nan,nan,True,671.7171717171717,-0.031093157716898155,-0.037500000000000006,-0.001388282735822785,0.9394314999808557,
Shell_B_800km,0.05,3.5789473684210527,baseline,1.0,1.0,1.0,True,2,19,7,False,complex_no_crossing,nan,nan,nan,True,186.86868686868686,-0.028560152196346653,-0.037500000000000006,-0.004188774521522167,0.9554340419708751,
Shell_B_800km,0.05,6.157894736842105,baseline,1.0,1.0,1.0,True,2,12,6,False,complex_no_crossing,nan,nan,nan,True,116.16161616161614,-0.025416190391635153,-0.037500000000000006,-0.0011759038934851705,0.8927831669570878,
Shell_B_800km,0.05,8.736842105263158,baseline,1.0,1.0,1.0,True,2,8,5,False,complex_no_crossing,nan,nan,nan,True,75.75757575757575,-0.021504508883516432,-0.037500000000000006,-0.004559289780854967,0.9420546249602921,
Shell_B_800km,0.05,11.31578947368421,baseline,1.0,1.0,1.0,True,2,7,4,False,complex_no_crossing,nan,nan,nan,True,65.65656565656565,-0.016911762694596925,-0.037500000000000006,-0.0035587068919087556,0.8389003329793923,
Shell_B_800km,0.05,13.894736842105264,baseline,1.0,1.0,1.0,True,2,6,4,False,complex_no_crossing,nan,nan,nan,True,55.55555555555556,-0.017823459221494843,-0.037500000000000006,-0.0027050684095468705,0.8329750830307603,
Shell_B_800km,0.05,16.473684210526315,baseline,1.0,1.0,1.0,True,2,5,3,False,complex_no_crossing,nan,nan,nan,True,45.45454545454545,-0.012369295864046542,-0.037500000000000006,-0.004455337512211784,0.8155511670047417,
Shell_B_800km,0.05,19.05263157894737,baseline,1.0,1.0,1.0,True,2,4,3,False,complex_no_crossing,nan,nan,nan,True,35.35353535353535,-0.01275265102924014,-0.037500000000000006,-0.004419757239872485,0.8051063329912722,
Shell_B_800km,0.05,21.63157894736842,baseline,1.0,1.0,1.0,True,2,4,3,False,complex_no_crossing,nan,nan,nan,True,35.35353535353535,-0.013416348550012521,-0.037500000000000006,-0.004383682001430401,0.8007701669703238,
Shell_B_800km,0.05,24.210526315789473,baseline,1.0,1.0,1.0,True,2,4,2,False,complex_no_crossing,nan,nan,nan,True,35.35353535353535,-0.007709380969374714,-0.037500000000000006,-0.0033802611790022014,0.7971762499655597,
Shell_B_800km,0.05,26.789473684210527,baseline,1.0,1.0,1.0,True,2,3,2,False,complex_no_crossing,nan,nan,nan,True,25.252525252525253,-0.007725172567518496,-0.037500000000000006,-0.004309965280133547,0.7962742919917218,
Shell_B_800km,0.05,29.36842105263158,baseline,1.0,1.0,1.0,True,2,3,2,False,complex_no_crossing,nan,nan,nan,True,25.252525252525253,-0.007762998853751422,-0.037500000000000006,-0.004272279437443937,0.7844223330030218,
Shell_B_800km,0.05,31.94736842105263,baseline,1.0,1.0,1.0,True,2,3,2,False,complex_no_crossing,nan,nan,nan,True,25.252525252525253,-0.007835716603945246,-0.037500000000000006,-0.004234009588997309,0.7792149999877438,
Shell_B_800km,0.05,34.526315789473685,baseline,1.0,1.0,1.0,True,2,3,2,False,complex_no_crossing,nan,nan,nan,True,25.252525252525253,-0.007970590901342525,-0.037500000000000006,-0.0041951291065746976,0.7857057920191437,
Shell_B_800km,0.05,37.10526315789474,baseline,1.0,1.0,1.0,True,2,3,2,False,complex_no_crossing,nan,nan,nan,True,25.252525252525253,-0.008245895519812994,-0.037500000000000006,-0.004155609204244707,0.7713922080001794,
Shell_B_800km,0.05,39.68421052631579,baseline,1.0,1.0,1.0,True,2,2,1,False,complex_no_crossing,nan,nan,nan,True,15.15151515151515,-0.004115418675377328,-0.037500000000000006,-0.004115418675377328,0.7681669580051675,
Shell_B_800km,0.05,42.26315789473684,baseline,1.0,1.0,1.0,True,2,2,1,False,complex_no_crossing,nan,nan,nan,True,15.15151515151515,-0.004074523585599477,-0.037500000000000006,-0.004074523585599477,0.7655757500324398,
Shell_B_800km,0.05,44.8421052631579,baseline,1.0,1.0,1.0,True,2,2,1,False,complex_no_crossing,nan,nan,nan,True,15.15151515151515,-0.004032886912091854,-0.037500000000000006,-0.004032886912091854,0.7582493330119178,
Shell_B_800km,0.05,47.421052631578945,baseline,1.0,1.0,1.0,False,3,1,0,False,no_branch,nan,nan,nan,False,nan,nan,nan,nan,0.7526204999885522,
Shell_B_800km,0.05,50.0,baseline,1.0,1.0,1.0,True,2,2,1,False,complex_no_crossing,nan,nan,nan,True,15.15151515151515,-0.003947222639249989,-0.037500000000000006,-0.003947222639249989,0.7536931249778718,
Shell_B_800km,0.09736842105263158,1.0,baseline,1.0,1.0,1.0,True,2,67,8,False,complex_no_crossing,nan,nan,nan,True,671.7171717171717,-0.03126388410747912,-0.037500000000000006,-0.0013537219346957492,0.9292224579839967,
Shell_B_800km,0.09736842105263158,3.5789473684210527,baseline,1.0,1.0,1.0,True,2,19,7,False,complex_no_crossing,nan,nan,nan,True,186.86868686868686,-0.028737127057289702,-0.037500000000000006,-0.004148888587699037,0.9610474589862861,
Shell_B_800km,0.09736842105263158,6.157894736842105,baseline,1.0,1.0,1.0,True,2,12,6,False,complex_no_crossing,nan,nan,nan,True,116.16161616161614,-0.02560184501843226,-0.037500000000000006,-0.0008760126927097267,0.9121850420488045,
Shell_B_800km,0.09736842105263158,8.736842105263158,baseline,1.0,1.0,1.0,True,2,8,5,False,complex_no_crossing,nan,nan,nan,True,75.75757575757575,-0.021699979448816114,-0.037500000000000006,-0.005,0.8685784590197727,
Shell_B_800km,0.09736842105263158,11.31578947368421,baseline,1.0,1.0,1.0,True,2,7,4,False,complex_no_crossing,nan,nan,nan,True,65.65656565656565,-0.01711766599514674,-0.037500000000000006,-0.0033753596314879076,0.8420558329671621,
Shell_B_800km,0.09736842105263158,13.894736842105264,baseline,1.0,1.0,1.0,True,2,6,4,False,complex_no_crossing,nan,nan,nan,True,55.55555555555556,-0.01803714641044831,-0.037500000000000006,-0.0023927710643374704,0.8231749589904211,
Shell_B_800km,0.09736842105263158,16.473684210526315,baseline,1.0,1.0,1.0,True,2,5,3,False,complex_no_crossing,nan,nan,nan,True,45.45454545454545,-0.012592243297108608,-0.037500000000000006,-0.005,0.8100674170418642,
Shell_B_800km,0.09736842105263158,19.05263157894737,baseline,1.0,1.0,1.0,True,2,4,3,False,complex_no_crossing,nan,nan,nan,True,35.35353535353535,-0.012977609564808774,-0.037500000000000006,-0.005,0.8047802500077523,
Shell_B_800km,0.09736842105263158,21.63157894736842,baseline,1.0,1.0,1.0,True,2,4,3,False,complex_no_crossing,nan,nan,nan,True,35.35353535353535,-0.013657370803513421,-0.037500000000000006,-0.00495810285875376,0.7942847910453565,
Shell_B_800km,0.09736842105263158,24.210526315789473,baseline,1.0,1.0,1.0,True,2,4,2,False,complex_no_crossing,nan,nan,nan,True,35.35353535353535,-0.007974289224067038,-0.037500000000000006,-0.0028031151294623177,0.8470630410010926,
Shell_B_800km,0.09736842105263158,26.789473684210527,baseline,1.0,1.0,1.0,True,2,3,2,False,complex_no_crossing,nan,nan,nan,True,25.252525252525253,-0.007983842193636438,-0.037500000000000006,-0.004867049918127766,0.7870767089771107,
Shell_B_800km,0.09736842105263158,29.36842105263158,baseline,1.0,1.0,1.0,True,2,3,2,False,complex_no_crossing,nan,nan,nan,True,25.252525252525253,-0.008016402081105661,-0.037500000000000006,-0.004820549571764277,0.7821434999932535,
Shell_B_800km,0.09736842105263158,31.94736842105263,baseline,1.0,1.0,1.0,True,2,3,2,False,complex_no_crossing,nan,nan,nan,True,25.252525252525253,-0.008085947671502279,-0.037500000000000006,-0.004773360665732312,0.7772670839913189,
Shell_B_800km,0.09736842105263158,34.526315789473685,baseline,1.0,1.0,1.0,True,2,3,2,False,complex_no_crossing,nan,nan,nan,True,25.252525252525253,-0.008223019603760411,-0.037500000000000006,-0.004725450704625664,0.77383641700726,
Shell_B_800km,0.09736842105263158,37.10526315789474,baseline,1.0,1.0,1.0,True,2,3,2,False,complex_no_crossing,nan,nan,nan,True,25.252525252525253,-0.008521336009815639,-0.037500000000000006,-0.004676784425733806,0.7589090830297209,
Shell_B_800km,0.09736842105263158,39.68421052631579,baseline,1.0,1.0,1.0,True,2,2,1,False,complex_no_crossing,nan,nan,nan,True,15.15151515151515,-0.004627323443446701,-0.037500000000000006,-0.004627323443446701,0.7611694170045666,
Shell_B_800km,0.09736842105263158,42.26315789473684,baseline,1.0,1.0,1.0,True,2,2,1,False,complex_no_crossing,nan,nan,nan,True,15.15151515151515,-0.00457702583077519,-0.037500000000000006,-0.00457702583077519,0.7610115410061553,
Shell_B_800km,0.09736842105263158,44.8421052631579,baseline,1.0,1.0,1.0,True,2,2,1,False,complex_no_crossing,nan,nan,nan,True,15.15151515151515,-0.004525845623505852,-0.037500000000000006,-0.004525845623505852,0.7509395419619977,
Shell_B_800km,0.09736842105263158,47.421052631578945,baseline,1.0,1.0,1.0,True,2,2,1,False,complex_no_crossing,nan,nan,nan,True,15.15151515151515,-0.004473732228321351,-0.037500000000000006,-0.004473732228321351,0.7496732910512947,
Shell_B_800km,0.09736842105263158,50.0,baseline,1.0,1.0,1.0,True,2,2,1,False,complex_no_crossing,nan,nan,nan,True,15.15151515151515,-0.004420629710545295,-0.037500000000000006,-0.004420629710545295,0.7948585830163211,
Shell_B_800km,0.14473684210526316,1.0,baseline,1.0,1.0,1.0,True,2,67,8,False,complex_no_crossing,nan,nan,nan,True,671.7171717171717,-0.03143320521481276,-0.037500000000000006,-0.0013182431040731537,0.9302008330123499,
Shell_B_800km,0.14473684210526316,3.5789473684210527,baseline,1.0,1.0,1.0,True,2,19,7,False,complex_no_crossing,nan,nan,nan,True,186.86868686868686,-0.028912523251204976,-0.037500000000000006,-0.004108550221061914,0.9494305829866789,
Shell_B_800km,0.14473684210526316,6.157894736842105,baseline,1.0,1.0,1.0,True,2,12,6,False,complex_no_crossing,nan,nan,nan,True,116.16161616161614,-0.025785664743207003,-0.037500000000000006,-0.0003934422522271958,0.8992789579788223,
Shell_B_800km,0.14473684210526316,8.736842105263158,baseline,1.0,1.0,1.0,True,2,8,5,False,complex_no_crossing,nan,nan,nan,True,75.75757575757575,-0.021893191521597515,-0.037500000000000006,-0.005,0.8645612919935957,
Shell_B_800km,0.14473684210526316,11.31578947368421,baseline,1.0,1.0,1.0,True,2,7,4,False,complex_no_crossing,nan,nan,nan,True,65.65656565656565,-0.01732046998130301,-0.037500000000000006,-0.0031829075246355993,0.8344491249881685,
Shell_B_800km,0.14473684210526316,13.894736842105264,baseline,1.0,1.0,1.0,True,2,6,4,False,complex_no_crossing,nan,nan,nan,True,55.55555555555556,-0.018248126303569014,-0.037500000000000006,-0.0020392443979591075,0.8200521669932641,
Shell_B_800km,0.14473684210526316,16.473684210526315,baseline,1.0,1.0,1.0,True,2,5,3,False,complex_no_crossing,nan,nan,nan,True,45.45454545454545,-0.012810400610688598,-0.037500000000000006,-0.005,0.8104310409980826,
Shell_B_800km,0.14473684210526316,19.05263157894737,baseline,1.0,1.0,1.0,True,2,4,3,False,complex_no_crossing,nan,nan,nan,True,35.35353535353535,-0.013198230819110052,-0.037500000000000006,-0.005,0.8029902910348028,
Shell_B_800km,0.14473684210526316,21.63157894736842,baseline,1.0,1.0,1.0,True,2,4,3,False,complex_no_crossing,nan,nan,nan,True,35.35353535353535,-0.01389537026503032,-0.037500000000000006,-0.005,0.7983647499931976,
Shell_B_800km,0.14473684210526316,24.210526315789473,baseline,1.0,1.0,1.0,True,2,4,2,False,complex_no_crossing,nan,nan,nan,True,35.35353535353535,-0.008228413135604793,-0.037500000000000006,-0.002131908444938969,0.7920437920256518,
Shell_B_800km,0.14473684210526316,26.789473684210527,baseline,1.0,1.0,1.0,True,2,3,2,False,complex_no_crossing,nan,nan,nan,True,25.252525252525253,-0.008232217183963936,-0.037500000000000006,-0.005,0.8550277499598451,
Shell_B_800km,0.14473684210526316,29.36842105263158,baseline,1.0,1.0,1.0,True,2,3,2,False,complex_no_crossing,nan,nan,nan,True,25.252525252525253,-0.008260056365386254,-0.037500000000000006,-0.005,0.7822691249893978,
Shell_B_800km,0.14473684210526316,31.94736842105263,baseline,1.0,1.0,1.0,True,2,3,2,False,complex_no_crossing,nan,nan,nan,True,25.252525252525253,-0.008327139880354759,-0.037500000000000006,-0.005,0.7796389169525355,
Shell_B_800km,0.14473684210526316,34.526315789473685,baseline,1.0,1.0,1.0,True,2,3,2,False,complex_no_crossing,nan,nan,nan,True,25.252525252525253,-0.008467752535938502,-0.037500000000000006,-0.005,0.7789917920017615,
Shell_B_800km,0.14473684210526316,37.10526315789474,baseline,1.0,1.0,1.0,True,2,3,2,False,complex_no_crossing,nan,nan,nan,True,25.252525252525253,-0.008795303880741227,-0.037500000000000006,-0.005,0.7654525840189308,
Shell_B_800km,0.14473684210526316,39.68421052631579,baseline,1.0,1.0,1.0,True,2,2,1,False,complex_no_crossing,nan,nan,nan,True,15.15151515151515,-0.00505804351115449,-0.037500000000000006,-0.005,0.7673010830185376,
Shell_B_800km,0.14473684210526316,42.26315789473684,baseline,1.0,1.0,1.0,True,2,2,1,False,complex_no_crossing,nan,nan,nan,True,15.15151515151515,-0.004999932078443874,-0.037500000000000006,-0.004999932078443874,0.7598004169994965,
Shell_B_800km,0.14473684210526316,44.8421052631579,baseline,1.0,1.0,1.0,True,2,2,1,False,complex_no_crossing,nan,nan,nan,True,15.15151515151515,-0.00494079797158159,-0.037500000000000006,-0.00494079797158159,0.7543270839960314,
Shell_B_800km,0.14473684210526316,47.421052631578945,baseline,1.0,1.0,1.0,True,2,2,1,False,complex_no_crossing,nan,nan,nan,True,15.15151515151515,-0.004880579938548079,-0.037500000000000006,-0.004880579938548079,0.7553665420273319,
Shell_B_800km,0.14473684210526316,50.0,baseline,1.0,1.0,1.0,True,2,2,1,False,complex_no_crossing,nan,nan,nan,True,15.15151515151515,-0.004819209906905251,-0.037500000000000006,-0.004819209906905251,0.751308707986027,
Shell_B_800km,0.19210526315789472,1.0,baseline,1.0,1.0,1.0,True,2,67,8,False,complex_no_crossing,nan,nan,nan,True,671.7171717171717,-0.031601149794247586,-0.037500000000000006,-0.0012817702895066378,0.9231323749991134,
Shell_B_800km,0.19210526315789472,3.5789473684210527,baseline,1.0,1.0,1.0,True,2,19,7,False,complex_no_crossing,nan,nan,nan,True,186.86868686868686,-0.029086376707177605,-0.037500000000000006,-0.004067747675209327,0.942648415977601,
Shell_B_800km,0.19210526315789472,6.157894736842105,baseline,1.0,1.0,1.0,True,2,11,6,False,complex_no_crossing,nan,nan,nan,True,106.06060606060606,-0.025967697712661053,-0.037500000000000006,-0.004999999999999999,0.8996962920064107,
Shell_B_800km,0.19210526315789472,8.736842105263158,baseline,1.0,1.0,1.0,True,2,8,5,False,complex_no_crossing,nan,nan,nan,True,75.75757575757575,-0.02208421652204033,-0.037500000000000006,-0.004999999999999999,0.9181906660087407,
Shell_B_800km,0.19210526315789472,11.31578947368421,baseline,1.0,1.0,1.0,True,2,7,4,False,complex_no_crossing,nan,nan,nan,True,65.65656565656565,-0.017520298251048047,-0.037500000000000006,-0.0029796091972581905,0.8358654589974321,
Shell_B_800km,0.19210526315789472,13.894736842105264,baseline,1.0,1.0,1.0,True,2,6,4,False,complex_no_crossing,nan,nan,nan,True,55.55555555555556,-0.018456518043669642,-0.037500000000000006,-0.001618229100179056,0.8162902920157649,
Shell_B_800km,0.19210526315789472,16.473684210526315,baseline,1.0,1.0,1.0,True,2,5,3,False,complex_no_crossing,nan,nan,nan,True,45.45454545454545,-0.013024033284705808,-0.037500000000000006,-0.004999999999999999,0.8060398329980671,
Shell_B_800km,0.19210526315789472,19.05263157894737,baseline,1.0,1.0,1.0,True,2,4,3,False,complex_no_crossing,nan,nan,nan,True,35.35353535353535,-0.013414768771014348,-0.037500000000000006,-0.004999999999999999,0.8086300409631804,
Shell_B_800km,0.19210526315789472,21.63157894736842,baseline,1.0,1.0,1.0,True,2,4,2,False,complex_no_crossing,nan,nan,nan,True,35.35353535353535,-0.008490782866629059,-0.037500000000000006,-0.004999999999999999,0.8032936250092462,
Shell_B_800km,0.19210526315789472,24.210526315789473,baseline,1.0,1.0,1.0,True,2,4,2,False,complex_no_crossing,nan,nan,nan,True,35.35353535353535,-0.008472785487779477,-0.037500000000000006,-0.0012163307249246982,0.7965488749905489,
Shell_B_800km,0.19210526315789472,26.789473684210527,baseline,1.0,1.0,1.0,True,2,3,2,False,complex_no_crossing,nan,nan,nan,True,25.252525252525253,-0.00847127203392687,-0.037500000000000006,-0.004999999999999999,0.79355308302911,
Shell_B_800km,0.19210526315789472,29.36842105263158,baseline,1.0,1.0,1.0,True,2,3,2,False,complex_no_crossing,nan,nan,nan,True,25.252525252525253,-0.008494883102545762,-0.037500000000000006,-0.004999999999999999,0.7888981669675559,
Shell_B_800km,0.19210526315789472,31.94736842105263,baseline,1.0,1.0,1.0,True,2,3,2,False,complex_no_crossing,nan,nan,nan,True,25.252525252525253,-0.00856017868031481,-0.037500000000000006,-0.004999999999999999,0.7851711250259541,
Shell_B_800km,0.19210526315789472,34.526315789473685,baseline,1.0,1.0,1.0,True,2,3,2,False,complex_no_crossing,nan,nan,nan,True,25.252525252525253,-0.008705739276831468,-0.037500000000000006,-0.004999999999999999,0.7811626250040717,
Shell_B_800km,0.19210526315789472,37.10526315789474,baseline,1.0,1.0,1.0,True,2,3,1,False,complex_no_crossing,nan,nan,nan,True,25.252525252525253,-0.005497603221614893,-0.037500000000000006,-0.004999999999999999,0.7698323749937117,
Shell_B_800km,0.19210526315789472,39.68421052631579,baseline,1.0,1.0,1.0,True,2,2,1,False,complex_no_crossing,nan,nan,nan,True,15.15151515151515,-0.005433743263849168,-0.037500000000000006,-0.004999999999999999,0.7665257080225274,
Shell_B_800km,0.19210526315789472,42.26315789473684,baseline,1.0,1.0,1.0,True,2,2,1,False,complex_no_crossing,nan,nan,nan,True,15.15151515151515,-0.005368787159028695,-0.037500000000000006,-0.004999999999999999,0.7695559170097113,
Shell_B_800km,0.19210526315789472,44.8421052631579,baseline,1.0,1.0,1.0,True,2,2,1,False,complex_no_crossing,nan,nan,nan,True,15.15151515151515,-0.005302669621858491,-0.037500000000000006,-0.004999999999999999,0.7653016250114888,
Shell_B_800km,0.19210526315789472,47.421052631578945,baseline,1.0,1.0,1.0,True,2,2,1,False,complex_no_crossing,nan,nan,nan,True,15.15151515151515,-0.005235318126103152,-0.037500000000000006,-0.004999999999999999,0.7588673330028541,
Shell_B_800km,0.19210526315789472,50.0,baseline,1.0,1.0,1.0,True,2,2,1,False,complex_no_crossing,nan,nan,nan,True,15.15151515151515,-0.005166651670203761,-0.037500000000000006,-0.004999999999999999,0.7518922919989564,
Shell_B_800km,0.23947368421052628,1.0,baseline,1.0,1.0,1.0,True,2,67,8,False,complex_no_crossing,nan,nan,nan,True,671.7171717171717,-0.03176774567682196,-0.037500000000000006,-0.0012442163763555867,0.9354837499558926,
Shell_B_800km,0.23947368421052628,3.5789473684210527,baseline,1.0,1.0,1.0,True,2,19,7,False,complex_no_crossing,nan,nan,nan,True,186.86868686868686,-0.029258722078345657,-0.037500000000000006,-0.004026468555642506,0.959016667038668,
Shell_B_800km,0.23947368421052628,6.157894736842105,baseline,1.0,1.0,1.0,True,2,11,6,False,complex_no_crossing,nan,nan,nan,True,106.06060606060606,-0.0261479901323015,-0.037500000000000006,-0.005,0.9083234590361826,
Shell_B_800km,0.23947368421052628,8.736842105263158,baseline,1.0,1.0,1.0,True,2,8,5,False,complex_no_crossing,nan,nan,nan,True,75.75757575757575,-0.022273122470994562,-0.037500000000000006,-0.005,0.8685709579731338,
Shell_B_800km,0.23947368421052628,11.31578947368421,baseline,1.0,1.0,1.0,True,2,7,4,False,complex_no_crossing,nan,nan,nan,True,65.65656565656565,-0.017717266959391118,-0.037500000000000006,-0.002763109627744919,0.8454003749648109,
Shell_B_800km,0.23947368421052628,13.894736842105264,baseline,1.0,1.0,1.0,True,2,6,3,False,complex_no_crossing,nan,nan,nan,True,55.55555555555556,-0.012991953827977628,-0.037500000000000006,-0.0010534866418626285,0.8867344169993885,
Shell_B_800km,0.23947368421052628,16.473684210526315,baseline,1.0,1.0,1.0,True,2,5,3,False,complex_no_crossing,nan,nan,nan,True,45.45454545454545,-0.013233384670614665,-0.037500000000000006,-0.005,0.8123520409571938,
Shell_B_800km,0.23947368421052628,19.05263157894737,baseline,1.0,1.0,1.0,True,2,4,3,False,complex_no_crossing,nan,nan,nan,True,35.35353535353535,-0.01362745762448303,-0.037500000000000006,-0.005,0.8058337910333648,
Shell_B_800km,0.23947368421052628,21.63157894736842,baseline,1.0,1.0,1.0,True,2,4,2,False,complex_no_crossing,nan,nan,nan,True,35.35353535353535,-0.008731781629486433,-0.037500000000000006,-0.005,0.7935230830335058,
Shell_B_800km,0.23947368421052628,24.210526315789473,baseline,1.0,1.0,1.0,True,2,3,2,False,complex_no_crossing,nan,nan,nan,True,25.252525252525253,-0.008708289189604233,-0.037500000000000006,-0.005,0.7997035410371609,
Shell_B_800km,0.23947368421052628,26.789473684210527,baseline,1.0,1.0,1.0,True,2,3,2,False,complex_no_crossing,nan,nan,nan,True,25.252525252525253,-0.00870184244685851,-0.037500000000000006,-0.005,0.7901301250094548,
Shell_B_800km,0.23947368421052628,29.36842105263158,baseline,1.0,1.0,1.0,True,2,3,2,False,complex_no_crossing,nan,nan,nan,True,25.252525252525253,-0.00872167589552577,-0.037500000000000006,-0.005,0.7817136669764295,
Shell_B_800km,0.23947368421052628,31.94736842105263,baseline,1.0,1.0,1.0,True,2,3,2,False,complex_no_crossing,nan,nan,nan,True,25.252525252525253,-0.008785834198469785,-0.037500000000000006,-0.005,0.7761609999579377,
Shell_B_800km,0.23947368421052628,34.526315789473685,baseline,1.0,1.0,1.0,True,2,3,2,False,complex_no_crossing,nan,nan,nan,True,25.252525252525253,-0.008937846602891994,-0.037500000000000006,-0.005,0.7764878330053762,
Shell_B_800km,0.23947368421052628,37.10526315789474,baseline,1.0,1.0,1.0,True,2,3,1,False,complex_no_crossing,nan,nan,nan,True,25.252525252525253,-0.005839126771733873,-0.037500000000000006,-0.005,0.7623660420067608,
Shell_B_800km,0.23947368421052628,39.68421052631579,baseline,1.0,1.0,1.0,True,2,2,1,False,complex_no_crossing,nan,nan,nan,True,15.15151515151515,-0.005769205057574002,-0.037500000000000006,-0.005,0.7664710420067422,
Shell_B_800km,0.23947368421052628,42.26315789473684,baseline,1.0,1.0,1.0,True,2,2,1,False,complex_no_crossing,nan,nan,nan,True,15.15151515151515,-0.005698059423770812,-0.037500000000000006,-0.005,0.7608335000113584,
Shell_B_800km,0.23947368421052628,44.8421052631579,baseline,1.0,1.0,1.0,True,2,2,1,False,complex_no_crossing,nan,nan,nan,True,15.15151515151515,-0.005625614168855889,-0.037500000000000006,-0.005,0.7576482080039568,
Shell_B_800km,0.23947368421052628,47.421052631578945,baseline,1.0,1.0,1.0,True,2,2,1,False,complex_no_crossing,nan,nan,nan,True,15.15151515151515,-0.00555178483065643,-0.037500000000000006,-0.005,0.7553406660445035,
Shell_B_800km,0.23947368421052628,50.0,baseline,1.0,1.0,1.0,True,2,2,1,False,complex_no_crossing,nan,nan,nan,True,15.15151515151515,-0.005476476623867138,-0.037500000000000006,-0.005,0.7530719159985892,
Shell_B_800km,0.28684210526315784,1.0,baseline,1.0,1.0,1.0,True,2,67,8,False,complex_no_crossing,nan,nan,nan,True,671.7171717171717,-0.03193301980963836,-0.037500000000000006,-0.0012054806493597028,0.927546999999322,
Shell_B_800km,0.28684210526315784,3.5789473684210527,baseline,1.0,1.0,1.0,True,2,19,7,False,complex_no_crossing,nan,nan,nan,True,186.86868686868686,-0.02942959280341383,-0.037500000000000006,-0.003984699772773936,0.9508458749623969,
Shell_B_800km,0.28684210526315784,6.157894736842105,baseline,1.0,1.0,1.0,True,2,11,6,False,complex_no_crossing,nan,nan,nan,True,106.06060606060606,-0.02632658637270917,-0.037500000000000006,-0.005,0.9089429590385407,
Shell_B_800km,0.28684210526315784,8.736842105263158,baseline,1.0,1.0,1.0,True,2,8,5,False,complex_no_crossing,nan,nan,nan,True,75.75757575757575,-0.022459974210385522,-0.037500000000000006,-0.005,0.8683128749835305,
Shell_B_800km,0.28684210526315784,11.31578947368421,baseline,1.0,1.0,1.0,True,2,7,4,False,complex_no_crossing,nan,nan,nan,True,65.65656565656565,-0.01791148542763442,-0.037500000000000006,-0.002530083536064708,0.8427897910005413,
Shell_B_800km,0.28684210526315784,13.894736842105264,baseline,1.0,1.0,1.0,True,2,5,3,False,complex_no_crossing,nan,nan,nan,True,45.45454545454545,-0.013198480832836874,-0.037500000000000006,-0.005,0.8713698330102488,
Shell_B_800km,0.28684210526315784,16.473684210526315,baseline,1.0,1.0,1.0,True,2,5,3,False,complex_no_crossing,nan,nan,nan,True,45.45454545454545,-0.013438678483446584,-0.037500000000000006,-0.005,0.812894916976802,
Shell_B_800km,0.28684210526315784,19.05263157894737,baseline,1.0,1.0,1.0,True,2,4,3,False,complex_no_crossing,nan,nan,nan,True,35.35353535353535,-0.013836514037431002,-0.037500000000000006,-0.005,0.8079379170085303,
Shell_B_800km,0.28684210526315784,21.63157894736842,baseline,1.0,1.0,1.0,True,2,4,2,False,complex_no_crossing,nan,nan,nan,True,35.35353535353535,-0.008964355546769665,-0.037500000000000006,-0.005,0.8010840410133824,
Shell_B_800km,0.28684210526315784,24.210526315789473,baseline,1.0,1.0,1.0,True,2,3,2,False,complex_no_crossing,nan,nan,nan,True,25.252525252525253,-0.0089356856393752,-0.037500000000000006,-0.005,0.8635067500290461,
Shell_B_800km,0.28684210526315784,26.789473684210527,baseline,1.0,1.0,1.0,True,2,3,2,False,complex_no_crossing,nan,nan,nan,True,25.252525252525253,-0.00892465124347837,-0.037500000000000006,-0.005,0.7959224579972215,
Shell_B_800km,0.28684210526315784,29.36842105263158,baseline,1.0,1.0,1.0,True,2,3,2,False,complex_no_crossing,nan,nan,nan,True,25.252525252525253,-0.008941124152921143,-0.037500000000000006,-0.005,0.78895012504654,
Shell_B_800km,0.28684210526315784,31.94736842105263,baseline,1.0,1.0,1.0,True,2,3,2,False,complex_no_crossing,nan,nan,nan,True,25.252525252525253,-0.009004782910258934,-0.037500000000000006,-0.005,0.7826771249528974,
Shell_B_800km,0.28684210526315784,34.526315789473685,baseline,1.0,1.0,1.0,True,2,3,2,False,complex_no_crossing,nan,nan,nan,True,25.252525252525253,-0.009164883917511883,-0.037500000000000006,-0.005,0.7850865839864127,
Shell_B_800km,0.28684210526315784,37.10526315789474,baseline,1.0,1.0,1.0,True,2,3,1,False,complex_no_crossing,nan,nan,nan,True,25.252525252525253,-0.006149228410656229,-0.037500000000000006,-0.004424929293740604,0.7693817079998553,
Shell_B_800km,0.28684210526315784,39.68421052631579,baseline,1.0,1.0,1.0,True,2,2,1,False,complex_no_crossing,nan,nan,nan,True,15.15151515151515,-0.00607371680880583,-0.037500000000000006,-0.005,0.7662514999974519,
Shell_B_800km,0.28684210526315784,42.26315789473684,baseline,1.0,1.0,1.0,True,2,2,1,False,complex_no_crossing,nan,nan,nan,True,15.15151515151515,-0.0059968538487623,-0.037500000000000006,-0.005,0.7682894159806892,
Shell_B_800km,0.28684210526315784,44.8421052631579,baseline,1.0,1.0,1.0,True,2,2,1,False,complex_no_crossing,nan,nan,nan,True,15.15151515151515,-0.005918552856025952,-0.037500000000000006,-0.005,0.7670186670147814,
Shell_B_800km,0.28684210526315784,47.421052631578945,baseline,1.0,1.0,1.0,True,2,2,1,False,complex_no_crossing,nan,nan,nan,True,15.15151515151515,-0.005838716716313851,-0.037500000000000006,-0.005,0.7632576250471175,
Shell_B_800km,0.28684210526315784,50.0,baseline,1.0,1.0,1.0,True,2,2,1,False,complex_no_crossing,nan,nan,nan,True,15.15151515151515,-0.0057572359328268135,-0.037500000000000006,-0.005,0.7563092079944909,
Shell_B_800km,0.33421052631578946,1.0,baseline,1.0,1.0,1.0,True,2,67,8,False,complex_no_crossing,nan,nan,nan,True,671.7171717171717,-0.032096998294017964,-0.037500000000000006,-0.001165445619864565,0.926034250005614,
Shell_B_800km,0.33421052631578946,3.5789473684210527,baseline,1.0,1.0,1.0,True,2,19,7,False,complex_no_crossing,nan,nan,nan,True,186.86868686868686,-0.029599021164436808,-0.037500000000000006,-0.003942427490345564,0.9475361669901758,
Shell_B_800km,0.33421052631578946,6.157894736842105,baseline,1.0,1.0,1.0,True,2,11,5,False,complex_no_crossing,nan,nan,nan,True,106.06060606060606,-0.021604430732122225,-0.037500000000000006,-0.004999999999999999,0.8990922080120072,
Shell_B_800km,0.33421052631578946,8.736842105263158,baseline,1.0,1.0,1.0,True,2,8,5,False,complex_no_crossing,nan,nan,nan,True,75.75757575757575,-0.022644833605722524,-0.037500000000000006,-0.004999999999999999,0.8601419170154259,
Shell_B_800km,0.33421052631578946,11.31578947368421,baseline,1.0,1.0,1.0,True,2,7,4,False,complex_no_crossing,nan,nan,nan,True,65.65656565656565,-0.018103056690517944,-0.037500000000000006,-0.0022755583555965513,0.8340033339918591,
Shell_B_800km,0.33421052631578946,13.894736842105264,baseline,1.0,1.0,1.0,True,2,5,3,False,complex_no_crossing,nan,nan,nan,True,45.45454545454545,-0.013400910345542132,-0.037500000000000006,-0.004999999999999999,0.8243923339759931,
Shell_B_800km,0.33421052631578946,16.473684210526315,baseline,1.0,1.0,1.0,True,2,5,3,False,complex_no_crossing,nan,nan,nan,True,45.45454545454545,-0.013640120948223818,-0.037500000000000006,-0.004999999999999999,0.8127937919925898,
Shell_B_800km,0.33421052631578946,19.05263157894737,baseline,1.0,1.0,1.0,True,2,4,3,False,complex_no_crossing,nan,nan,nan,True,35.35353535353535,-0.014042139051242325,-0.037500000000000006,-0.004999999999999999,0.8063965420005843,
Shell_B_800km,0.33421052631578946,21.63157894736842,baseline,1.0,1.0,1.0,True,2,4,2,False,complex_no_crossing,nan,nan,nan,True,35.35353535353535,-0.009189200025287999,-0.037500000000000006,-0.004999999999999999,0.797399208007846,
Shell_B_800km,0.33421052631578946,24.210526315789473,baseline,1.0,1.0,1.0,True,2,3,2,False,complex_no_crossing,nan,nan,nan,True,25.252525252525253,-0.009155636601765944,-0.037500000000000006,-0.004999999999999999,0.7980643329792656,
Shell_B_800km,0.33421052631578946,26.789473684210527,baseline,1.0,1.0,1.0,True,2,3,2,False,complex_no_crossing,nan,nan,nan,True,25.252525252525253,-0.00914032842924728,-0.037500000000000006,-0.004999999999999999,0.7975305420113727,
Shell_B_800km,0.33421052631578946,29.36842105263158,baseline,1.0,1.0,1.0,True,2,3,2,False,complex_no_crossing,nan,nan,nan,True,25.252525252525253,-0.009153831454136643,-0.037500000000000006,-0.004999999999999999,0.7841420829645358,
Shell_B_800km,0.33421052631578946,31.94736842105263,baseline,1.0,1.0,1.0,True,2,3,2,False,complex_no_crossing,nan,nan,nan,True,25.252525252525253,-0.009217624695554413,-0.037500000000000006,-0.004999999999999999,0.782258708961308,
Shell_B_800km,0.33421052631578946,34.526315789473685,baseline,1.0,1.0,1.0,True,2,3,2,False,complex_no_crossing,nan,nan,nan,True,25.252525252525253,-0.009387626619836532,-0.037500000000000006,-0.004999999999999999,0.8402173340437002,
Shell_B_800km,0.33421052631578946,37.10526315789474,baseline,1.0,1.0,1.0,True,2,3,1,False,complex_no_crossing,nan,nan,nan,True,25.252525252525253,-0.006434292887685686,-0.037500000000000006,-0.0033789949352466906,0.7721953750005923,
Shell_B_800km,0.33421052631578946,39.68421052631579,baseline,1.0,1.0,1.0,True,2,2,1,False,complex_no_crossing,nan,nan,nan,True,15.15151515151515,-0.006353547075412426,-0.037500000000000006,-0.004999999999999999,0.7691490409779362,
Shell_B_800km,0.33421052631578946,42.26315789473684,baseline,1.0,1.0,1.0,True,2,2,1,False,complex_no_crossing,nan,nan,nan,True,15.15151515151515,-0.006271322168354617,-0.037500000000000006,-0.004999999999999999,0.761141209048219,
Shell_B_800km,0.33421052631578946,44.8421052631579,baseline,1.0,1.0,1.0,True,2,2,1,False,complex_no_crossing,nan,nan,nan,True,15.15151515151515,-0.006187519919491607,-0.037500000000000006,-0.004999999999999999,0.7654319580178708,
Shell_B_800km,0.33421052631578946,47.421052631578945,baseline,1.0,1.0,1.0,True,2,2,1,False,complex_no_crossing,nan,nan,nan,True,15.15151515151515,-0.006102029789916625,-0.037500000000000006,-0.004999999999999999,0.7597411669557914,
Shell_B_800km,0.33421052631578946,50.0,baseline,1.0,1.0,1.0,True,2,2,1,False,complex_no_crossing,nan,nan,nan,True,15.15151515151515,-0.006014726567044476,-0.037500000000000006,-0.004999999999999999,0.7566684159683064,
Shell_B_800km,0.381578947368421,1.0,baseline,1.0,1.0,1.0,True,2,67,8,False,complex_no_crossing,nan,nan,nan,True,671.7171717171717,-0.03225970642158179,-0.037500000000000006,-0.001123972832696511,0.9315211250213906,
Shell_B_800km,0.381578947368421,3.5789473684210527,baseline,1.0,1.0,1.0,True,2,19,7,False,complex_no_crossing,nan,nan,nan,True,186.86868686868686,-0.029767038341144247,-0.037500000000000006,-0.003899637068700547,0.9510463749757037,
Shell_B_800km,0.381578947368421,6.157894736842105,baseline,1.0,1.0,1.0,True,2,11,5,False,complex_no_crossing,nan,nan,nan,True,106.06060606060606,-0.021784089044753426,-0.037500000000000006,-0.005,0.9005757909617387,
Shell_B_800km,0.381578947368421,8.736842105263158,baseline,1.0,1.0,1.0,True,2,8,5,False,complex_no_crossing,nan,nan,nan,True,75.75757575757575,-0.0228277597324466,-0.037500000000000006,-0.005,0.8668059580377303,
Shell_B_800km,0.381578947368421,11.31578947368421,baseline,1.0,1.0,1.0,True,2,7,4,False,complex_no_crossing,nan,nan,nan,True,65.65656565656565,-0.01829207798876988,-0.037500000000000006,-0.0019914737637590696,0.839623375039082,
Shell_B_800km,0.381578947368421,13.894736842105264,baseline,1.0,1.0,1.0,True,2,5,3,False,complex_no_crossing,nan,nan,nan,True,45.45454545454545,-0.013599443695825358,-0.037500000000000006,-0.005,0.8227624580031261,
Shell_B_800km,0.381578947368421,16.473684210526315,baseline,1.0,1.0,1.0,True,2,5,3,False,complex_no_crossing,nan,nan,nan,True,45.45454545454545,-0.013837902657229506,-0.037500000000000006,-0.005,0.8172306249616668,
Shell_B_800km,0.381578947368421,19.05263157894737,baseline,1.0,1.0,1.0,True,2,4,3,False,complex_no_crossing,nan,nan,nan,True,35.35353535353535,-0.014244519769218436,-0.037500000000000006,-0.005,0.8065702499588951,
Shell_B_800km,0.381578947368421,21.63157894736842,baseline,1.0,1.0,1.0,True,2,4,2,False,complex_no_crossing,nan,nan,nan,True,35.35353535353535,-0.009406922432007171,-0.037500000000000006,-0.005,0.7968404580024071,
Shell_B_800km,0.381578947368421,24.210526315789473,baseline,1.0,1.0,1.0,True,2,3,2,False,complex_no_crossing,nan,nan,nan,True,25.252525252525253,-0.009368721316081654,-0.037500000000000006,-0.005,0.8011786250281148,
Shell_B_800km,0.381578947368421,26.789473684210527,baseline,1.0,1.0,1.0,True,2,3,2,False,complex_no_crossing,nan,nan,nan,True,25.252525252525253,-0.009349426946337457,-0.037500000000000006,-0.005,0.7975895830313675,
Shell_B_800km,0.381578947368421,29.36842105263158,baseline,1.0,1.0,1.0,True,2,3,2,False,complex_no_crossing,nan,nan,nan,True,25.252525252525253,-0.00936033003071643,-0.037500000000000006,-0.005,0.7822896669968031,
Shell_B_800km,0.381578947368421,31.94736842105263,baseline,1.0,1.0,1.0,True,2,3,2,False,complex_no_crossing,nan,nan,nan,True,25.252525252525253,-0.009424896476209983,-0.037500000000000006,-0.005,0.7849818340037018,
Shell_B_800km,0.381578947368421,34.526315789473685,baseline,1.0,1.0,1.0,True,2,3,2,False,complex_no_crossing,nan,nan,nan,True,25.252525252525253,-0.00960683936145303,-0.037500000000000006,-0.005,0.7810464159701951,
Shell_B_800km,0.381578947368421,37.10526315789474,baseline,1.0,1.0,1.0,True,2,3,1,False,complex_no_crossing,nan,nan,nan,True,25.252525252525253,-0.006698854575901993,-0.037500000000000006,-0.002245754687892766,0.8368039579945616,
Shell_B_800km,0.381578947368421,39.68421052631579,baseline,1.0,1.0,1.0,True,2,2,1,False,complex_no_crossing,nan,nan,nan,True,15.15151515151515,-0.006613151118547051,-0.037500000000000006,-0.005,0.7715482080238871,
Shell_B_800km,0.381578947368421,42.26315789473684,baseline,1.0,1.0,1.0,True,2,2,1,False,complex_no_crossing,nan,nan,nan,True,15.15151515151515,-0.006525840016450507,-0.037500000000000006,-0.005,0.7631495409877971,
Shell_B_800km,0.381578947368421,44.8421052631579,baseline,1.0,1.0,1.0,True,2,2,1,False,complex_no_crossing,nan,nan,nan,True,15.15151515151515,-0.0064368108082388156,-0.037500000000000006,-0.005,0.7639051669975743,
Shell_B_800km,0.381578947368421,47.421052631578945,baseline,1.0,1.0,1.0,True,2,2,1,False,complex_no_crossing,nan,nan,nan,True,15.15151515151515,-0.006345938700908337,-0.037500000000000006,-0.005,0.7664026250131428,
Shell_B_800km,0.381578947368421,50.0,baseline,1.0,1.0,1.0,True,2,2,1,False,complex_no_crossing,nan,nan,nan,True,15.15151515151515,-0.006253081683016451,-0.037500000000000006,-0.005,0.7583519159816206,
Shell_B_800km,0.4289473684210526,1.0,baseline,1.0,1.0,1.0,True,2,67,8,False,complex_no_crossing,nan,nan,nan,True,671.7171717171717,-0.0324211687083939,-0.037500000000000006,-0.001080897220423797,0.9288537499960512,
Shell_B_800km,0.4289473684210526,3.5789473684210527,baseline,1.0,1.0,1.0,True,2,19,7,False,complex_no_crossing,nan,nan,nan,True,186.86868686868686,-0.029933674462056012,-0.037500000000000006,-0.003856313002269976,0.9507652500178665,
Shell_B_800km,0.4289473684210526,6.157894736842105,baseline,1.0,1.0,1.0,True,2,11,5,False,complex_no_crossing,nan,nan,nan,True,106.06060606060606,-0.021961719892830328,-0.037500000000000006,-0.005000000000000001,0.9098178330459632,
Shell_B_800km,0.4289473684210526,8.736842105263158,baseline,1.0,1.0,1.0,True,2,8,5,False,complex_no_crossing,nan,nan,nan,True,75.75757575757575,-0.023008809047658695,-0.037500000000000006,-0.005000000000000001,0.8623371669673361,
Shell_B_800km,0.4289473684210526,11.31578947368421,baseline,1.0,1.0,1.0,True,2,7,4,False,complex_no_crossing,nan,nan,nan,True,65.65656565656565,-0.01847864121353885,-0.037500000000000006,-0.0016630548513521647,0.843712083005812,
Shell_B_800km,0.4289473684210526,13.894736842105264,baseline,1.0,1.0,1.0,True,2,5,3,False,complex_no_crossing,nan,nan,nan,True,45.45454545454545,-0.013794266947168607,-0.037500000000000006,-0.005000000000000001,0.828770958003588,
Shell_B_800km,0.4289473684210526,16.473684210526315,baseline,1.0,1.0,1.0,True,2,5,3,False,complex_no_crossing,nan,nan,nan,True,45.45454545454545,-0.014032200184071298,-0.037500000000000006,-0.005000000000000001,0.8161935829557478,
Shell_B_800km,0.4289473684210526,19.05263157894737,baseline,1.0,1.0,1.0,True,2,4,3,False,complex_no_crossing,nan,nan,nan,True,35.35353535353535,-0.014443830823425574,-0.037500000000000006,-0.005000000000000001,0.8104456670116633,
Shell_B_800km,0.4289473684210526,21.63157894736842,baseline,1.0,1.0,1.0,True,2,4,2,False,complex_no_crossing,nan,nan,nan,True,35.35353535353535,-0.009618056712195337,-0.037500000000000006,-0.005000000000000001,0.7948403339833021,
Shell_B_800km,0.4289473684210526,24.210526315789473,baseline,1.0,1.0,1.0,True,2,3,2,False,complex_no_crossing,nan,nan,nan,True,25.252525252525253,-0.009575450041823355,-0.037500000000000006,-0.005000000000000001,0.7991907079704106,
Shell_B_800km,0.4289473684210526,26.789473684210527,baseline,1.0,1.0,1.0,True,2,3,2,False,complex_no_crossing,nan,nan,nan,True,25.252525252525253,-0.009552435187874284,-0.037500000000000006,-0.005000000000000001,0.7953109579975717,
Shell_B_800km,0.4289473684210526,29.36842105263158,baseline,1.0,1.0,1.0,True,2,3,2,False,complex_no_crossing,nan,nan,nan,True,25.252525252525253,-0.009561092322075092,-0.037500000000000006,-0.005000000000000001,0.788108209031634,
Shell_B_800km,0.4289473684210526,31.94736842105263,baseline,1.0,1.0,1.0,True,2,3,2,False,complex_no_crossing,nan,nan,nan,True,25.252525252525253,-0.009627083295366653,-0.037500000000000006,-0.005000000000000001,0.7819127090042457,
Shell_B_800km,0.4289473684210526,34.526315789473685,baseline,1.0,1.0,1.0,True,2,3,2,False,complex_no_crossing,nan,nan,nan,True,25.252525252525253,-0.009823301363409826,-0.037500000000000006,-0.005000000000000001,0.7888619170407765,
Shell_B_800km,0.4289473684210526,37.10526315789474,baseline,1.0,1.0,1.0,True,2,2,1,False,complex_no_crossing,nan,nan,nan,True,15.15151515151515,-0.006946263154291438,-0.037500000000000006,-0.005000000000000001,0.7795347080100328,
Shell_B_800km,0.4289473684210526,39.68421052631579,baseline,1.0,1.0,1.0,True,2,2,1,False,complex_no_crossing,nan,nan,nan,True,15.15151515151515,-0.006855822053194661,-0.037500000000000006,-0.005000000000000001,0.7756955000222661,
Shell_B_800km,0.4289473684210526,42.26315789473684,baseline,1.0,1.0,1.0,True,2,2,1,False,complex_no_crossing,nan,nan,nan,True,15.15151515151515,-0.00676364352087651,-0.037500000000000006,-0.005000000000000001,0.8433934159693308,
Shell_B_800km,0.4289473684210526,44.8421052631579,baseline,1.0,1.0,1.0,True,2,2,1,False,complex_no_crossing,nan,nan,nan,True,15.15151515151515,-0.006669604197730313,-0.037500000000000006,-0.005000000000000001,0.7723030839697458,
Shell_B_800km,0.4289473684210526,47.421052631578945,baseline,1.0,1.0,1.0,True,2,2,1,False,complex_no_crossing,nan,nan,nan,True,15.15151515151515,-0.006573564149543097,-0.037500000000000006,-0.005000000000000001,0.7674827080336399,
Shell_B_800km,0.4289473684210526,50.0,baseline,1.0,1.0,1.0,True,2,2,1,False,complex_no_crossing,nan,nan,nan,True,15.15151515151515,-0.00647536340172556,-0.037500000000000006,-0.005000000000000001,0.7768520839745179,
Shell_B_800km,0.47631578947368414,1.0,baseline,1.0,1.0,1.0,True,2,67,8,False,complex_no_crossing,nan,nan,nan,True,671.7171717171717,-0.032581408927292,-0.037500000000000006,-0.0010360193380311016,0.9318413750152104,
Shell_B_800km,0.47631578947368414,3.5789473684210527,baseline,1.0,1.0,1.0,True,2,19,7,False,complex_no_crossing,nan,nan,nan,True,186.86868686868686,-0.03009895865261436,-0.037500000000000006,-0.0038124388505417894,1.0189904170110822,
Shell_B_800km,0.47631578947368414,6.157894736842105,baseline,1.0,1.0,1.0,True,2,11,5,False,complex_no_crossing,nan,nan,nan,True,106.06060606060606,-0.022137381005243366,-0.037500000000000006,-0.005,0.9133547500241548,
Shell_B_800km,0.47631578947368414,8.736842105263158,baseline,1.0,1.0,1.0,True,2,8,5,False,complex_no_crossing,nan,nan,nan,True,75.75757575757575,-0.023188035548599675,-0.037500000000000006,-0.005,0.8915309170261025,
Shell_B_800km,0.47631578947368414,11.31578947368421,baseline,1.0,1.0,1.0,True,2,7,4,False,complex_no_crossing,nan,nan,nan,True,65.65656565656565,-0.018662833308299848,-0.037500000000000006,-0.0012566888354296202,0.9350355410133488,
Shell_B_800km,0.47631578947368414,13.894736842105264,baseline,1.0,1.0,1.0,True,2,5,3,False,complex_no_crossing,nan,nan,nan,True,45.45454545454545,-0.013985552455263835,-0.037500000000000006,-0.005,0.9824261249741539,
Shell_B_800km,0.47631578947368414,16.473684210526315,baseline,1.0,1.0,1.0,True,2,5,3,False,complex_no_crossing,nan,nan,nan,True,45.45454545454545,-0.014223177492130798,-0.037500000000000006,-0.005,0.8097030420321971,
Shell_B_800km,0.47631578947368414,19.05263157894737,baseline,1.0,1.0,1.0,True,2,4,3,False,complex_no_crossing,nan,nan,nan,True,35.35353535353535,-0.014640235662405233,-0.037500000000000006,-0.005,0.8090232499525882,
Shell_B_800km,0.47631578947368414,21.63157894736842,baseline,1.0,1.0,1.0,True,2,4,2,False,complex_no_crossing,nan,nan,nan,True,35.35353535353535,-0.009823075059484987,-0.037500000000000006,-0.005,0.8272910830564797,
Shell_B_800km,0.47631578947368414,24.210526315789473,baseline,1.0,1.0,1.0,True,2,3,2,False,complex_no_crossing,nan,nan,nan,True,25.252525252525253,-0.009776274903862459,-0.037500000000000006,-0.005,0.8469579580123536,
Shell_B_800km,0.47631578947368414,26.789473684210527,baseline,1.0,1.0,1.0,True,2,3,2,False,complex_no_crossing,nan,nan,nan,True,25.252525252525253,-0.009749787048672926,-0.037500000000000006,-0.005,0.80693645903375,
Shell_B_800km,0.47631578947368414,29.36842105263158,baseline,1.0,1.0,1.0,True,2,3,2,False,complex_no_crossing,nan,nan,nan,True,25.252525252525253,-0.00975654029773967,-0.037500000000000006,-0.005,0.7869131249608472,
Shell_B_800km,0.47631578947368414,31.94736842105263,baseline,1.0,1.0,1.0,True,2,3,2,False,complex_no_crossing,nan,nan,nan,True,25.252525252525253,-0.009824627470503586,-0.037500000000000006,-0.005,0.7759543750435114,
Shell_B_800km,0.47631578947368414,34.526315789473685,baseline,1.0,1.0,1.0,True,2,3,2,False,complex_no_crossing,nan,nan,nan,True,25.252525252525253,-0.010037836646856702,-0.037500000000000006,-0.005,0.7787993329693563,
Shell_B_800km,0.47631578947368414,37.10526315789474,baseline,1.0,1.0,1.0,True,2,2,1,False,complex_no_crossing,nan,nan,nan,True,15.15151515151515,-0.007179070874742561,-0.037500000000000006,-0.005,0.7740282919839956,
Shell_B_800km,0.47631578947368414,39.68421052631579,baseline,1.0,1.0,1.0,True,2,2,1,False,complex_no_crossing,nan,nan,nan,True,15.15151515151515,-0.007084070124976801,-0.037500000000000006,-0.005,0.7608243750291876,
Shell_B_800km,0.47631578947368414,42.26315789473684,baseline,1.0,1.0,1.0,True,2,2,1,False,complex_no_crossing,nan,nan,nan,True,15.15151515151515,-0.006987200567139021,-0.037500000000000006,-0.005,0.7564570409595035,
Shell_B_800km,0.47631578947368414,44.8421052631579,baseline,1.0,1.0,1.0,True,2,2,1,False,complex_no_crossing,nan,nan,nan,True,15.15151515151515,-0.006888325217459608,-0.037500000000000006,-0.005,0.8448644579621032,
Shell_B_800km,0.47631578947368414,47.421052631578945,baseline,1.0,1.0,1.0,True,2,2,1,False,complex_no_crossing,nan,nan,nan,True,15.15151515151515,-0.00678728805470695,-0.037500000000000006,-0.005,0.7754973329720087,
Shell_B_800km,0.47631578947368414,50.0,baseline,1.0,1.0,1.0,True,2,2,1,False,complex_no_crossing,nan,nan,nan,True,15.15151515151515,-0.00668390989265621,-0.037500000000000006,-0.005,0.9011872500414029,
Shell_B_800km,0.5236842105263158,1.0,baseline,1.0,1.0,1.0,True,2,67,8,False,complex_no_crossing,nan,nan,nan,True,671.7171717171717,-0.0327404501385202,-0.037500000000000006,-0.0009890944157471245,0.923454458010383,
Shell_B_800km,0.5236842105263158,3.5789473684210527,baseline,1.0,1.0,1.0,True,2,19,7,False,complex_no_crossing,nan,nan,nan,True,186.86868686868686,-0.030262919080542926,-0.037500000000000006,-0.0037679971616640146,0.9466393340262584,
Shell_B_800km,0.5236842105263158,6.157894736842105,baseline,1.0,1.0,1.0,True,2,11,5,False,complex_no_crossing,nan,nan,nan,True,106.06060606060606,-0.022311127556811257,-0.037500000000000006,-0.005,0.9064882079837844,
Shell_B_800km,0.5236842105263158,8.736842105263158,baseline,1.0,1.0,1.0,True,2,8,5,False,complex_no_crossing,nan,nan,nan,True,75.75757575757575,-0.0233654909191043,-0.037500000000000006,-0.005,0.8875275410246104,
Shell_B_800km,0.5236842105263158,11.31578947368421,baseline,1.0,1.0,1.0,True,2,7,4,False,complex_no_crossing,nan,nan,nan,True,65.65656565656565,-0.018844736633077147,-0.037500000000000006,-0.000640633268624205,0.8347834160085768,
Shell_B_800km,0.5236842105263158,13.894736842105264,baseline,1.0,1.0,1.0,True,2,5,3,False,complex_no_crossing,nan,nan,nan,True,45.45454545454545,-0.014173460229705032,-0.037500000000000006,-0.005,0.8285257919924334,
Shell_B_800km,0.5236842105263158,16.473684210526315,baseline,1.0,1.0,1.0,True,2,5,3,False,complex_no_crossing,nan,nan,nan,True,45.45454545454545,-0.014410987168344052,-0.037500000000000006,-0.005,0.8234246659558266,
Shell_B_800km,0.5236842105263158,19.05263157894737,baseline,1.0,1.0,1.0,True,2,4,3,False,complex_no_crossing,nan,nan,nan,True,35.35353535353535,-0.014833887686611279,-0.037500000000000006,-0.005,0.8573563329991885,
Shell_B_800km,0.5236842105263158,21.63157894736842,baseline,1.0,1.0,1.0,True,2,4,2,False,complex_no_crossing,nan,nan,nan,True,35.35353535353535,-0.010022397329656662,-0.037500000000000006,-0.005,0.8082789170439355,
Shell_B_800km,0.5236842105263158,24.210526315789473,baseline,1.0,1.0,1.0,True,2,3,2,False,complex_no_crossing,nan,nan,nan,True,25.252525252525253,-0.009971598663889747,-0.037500000000000006,-0.005,0.8108064169646241,
Shell_B_800km,0.5236842105263158,26.789473684210527,baseline,1.0,1.0,1.0,True,2,3,2,False,complex_no_crossing,nan,nan,nan,True,25.252525252525253,-0.009941870077625103,-0.037500000000000006,-0.005,0.8020343749667518,
Shell_B_800km,0.5236842105263158,29.36842105263158,baseline,1.0,1.0,1.0,True,2,3,2,False,complex_no_crossing,nan,nan,nan,True,25.252525252525253,-0.009947053053855976,-0.037500000000000006,-0.005,0.7965878330287524,
Shell_B_800km,0.5236842105263158,31.94736842105263,baseline,1.0,1.0,1.0,True,2,3,2,False,complex_no_crossing,nan,nan,nan,True,25.252525252525253,-0.010017936295377889,-0.037500000000000006,-0.005,0.8312043749610893,
Shell_B_800km,0.5236842105263158,34.526315789473685,baseline,1.0,1.0,1.0,True,2,3,2,False,complex_no_crossing,nan,nan,nan,True,25.252525252525253,-0.01025135346344545,-0.037500000000000006,-0.005,0.7902986670378596,
Shell_B_800km,0.5236842105263158,37.10526315789474,baseline,1.0,1.0,1.0,True,2,2,1,False,complex_no_crossing,nan,nan,nan,True,15.15151515151515,-0.007399271537186922,-0.037500000000000006,-0.005,0.7971175830462016,
Shell_B_800km,0.5236842105263158,39.68421052631579,baseline,1.0,1.0,1.0,True,2,2,1,False,complex_no_crossing,nan,nan,nan,True,15.15151515151515,-0.007299856978543824,-0.037500000000000006,-0.005,0.8011468749609776,
Shell_B_800km,0.5236842105263158,42.26315789473684,baseline,1.0,1.0,1.0,True,2,2,1,False,complex_no_crossing,nan,nan,nan,True,15.15151515151515,-0.0071984403425277114,-0.037500000000000006,-0.005,0.7605792080285028,
Shell_B_800km,0.5236842105263158,44.8421052631579,baseline,1.0,1.0,1.0,True,2,2,1,False,complex_no_crossing,nan,nan,nan,True,15.15151515151515,-0.007094870252901409,-0.037500000000000006,-0.005,0.7542612919933163,
Shell_B_800km,0.5236842105263158,47.421052631578945,baseline,1.0,1.0,1.0,True,2,2,1,False,complex_no_crossing,nan,nan,nan,True,15.15151515151515,-0.0069889735954392455,-0.037500000000000006,-0.005,0.7599758750293404,
Shell_B_800km,0.5236842105263158,50.0,baseline,1.0,1.0,1.0,True,2,2,1,False,complex_no_crossing,nan,nan,nan,True,15.15151515151515,-0.006880550636017772,-0.037500000000000006,-0.005,0.8225102499709465,
Shell_B_800km,0.5710526315789474,1.0,baseline,1.0,1.0,1.0,True,2,67,8,False,complex_no_crossing,nan,nan,nan,True,671.7171717171717,-0.03289831471877201,-0.037500000000000006,-0.0009398164746268206,0.9618792919791304,
Shell_B_800km,0.5710526315789474,3.5789473684210527,baseline,1.0,1.0,1.0,True,2,19,7,False,complex_no_crossing,nan,nan,nan,True,186.86868686868686,-0.03042558299862376,-0.037500000000000006,-0.003722969387703862,0.9680579580017366,
Shell_B_800km,0.5710526315789474,6.157894736842105,baseline,1.0,1.0,1.0,True,2,11,5,False,complex_no_crossing,nan,nan,nan,True,106.06060606060606,-0.022483012321667065,-0.037500000000000006,-0.005,0.9028482079738751,
Shell_B_800km,0.5710526315789474,8.736842105263158,baseline,1.0,1.0,1.0,True,2,8,5,False,complex_no_crossing,nan,nan,nan,True,75.75757575757575,-0.02354122466512075,-0.037500000000000006,-0.005,0.8622567909769714,
Shell_B_800km,0.5710526315789474,11.31578947368421,baseline,1.0,1.0,1.0,True,2,6,4,False,complex_no_crossing,nan,nan,nan,True,55.55555555555556,-0.01902442929519151,-0.037500000000000006,-0.005,0.8380698330001906,
Shell_B_800km,0.5710526315789474,13.894736842105264,baseline,1.0,1.0,1.0,True,2,5,3,False,complex_no_crossing,nan,nan,nan,True,45.45454545454545,-0.014358139128238728,-0.037500000000000006,-0.005,0.8315402920125052,
Shell_B_800km,0.5710526315789474,16.473684210526315,baseline,1.0,1.0,1.0,True,2,5,3,False,complex_no_crossing,nan,nan,nan,True,45.45454545454545,-0.014595771507926809,-0.037500000000000006,-0.005,0.8070933340350166,
Shell_B_800km,0.5710526315789474,19.05263157894737,baseline,1.0,1.0,1.0,True,2,4,3,False,complex_no_crossing,nan,nan,nan,True,35.35353535353535,-0.015024931253932094,-0.037500000000000006,-0.005,0.8123395420261659,
Shell_B_800km,0.5710526315789474,21.63157894736842,baseline,1.0,1.0,1.0,True,2,4,2,False,complex_no_crossing,nan,nan,nan,True,35.35353535353535,-0.010216398706448707,-0.037500000000000006,-0.005,0.7947869169875048,
Shell_B_800km,0.5710526315789474,24.210526315789473,baseline,1.0,1.0,1.0,True,2,3,2,False,complex_no_crossing,nan,nan,nan,True,25.252525252525253,-0.010161781880367083,-0.037500000000000006,-0.005,0.8050483750412241,
Shell_B_800km,0.5710526315789474,26.789473684210527,baseline,1.0,1.0,1.0,True,2,3,2,False,complex_no_crossing,nan,nan,nan,True,25.252525252525253,-0.010129032150278251,-0.037500000000000006,-0.005,0.8016358750173822,
Shell_B_800km,0.5710526315789474,29.36842105263158,baseline,1.0,1.0,1.0,True,2,3,2,False,complex_no_crossing,nan,nan,nan,True,25.252525252525253,-0.010132973061809313,-0.037500000000000006,-0.005,0.7894338750047609,
Shell_B_800km,0.5710526315789474,31.94736842105263,baseline,1.0,1.0,1.0,True,2,3,2,False,complex_no_crossing,nan,nan,nan,True,25.252525252525253,-0.010207388657850619,-0.037500000000000006,-0.005,0.7896335409604944,
Shell_B_800km,0.5710526315789474,34.526315789473685,baseline,1.0,1.0,1.0,True,2,3,1,False,complex_no_crossing,nan,nan,nan,True,25.252525252525253,-0.0077101715899161585,-0.037500000000000006,-0.005,0.7788261250243522,
Shell_B_800km,0.5710526315789474,37.10526315789474,baseline,1.0,1.0,1.0,True,2,2,1,False,complex_no_crossing,nan,nan,nan,True,15.15151515151515,-0.007608455054951302,-0.037500000000000006,-0.005,0.781823750003241,
Shell_B_800km,0.5710526315789474,39.68421052631579,baseline,1.0,1.0,1.0,True,2,2,1,False,complex_no_crossing,nan,nan,nan,True,15.15151515151515,-0.007504747295099765,-0.037500000000000006,-0.005,0.861003416008316,
Shell_B_800km,0.5710526315789474,42.26315789473684,baseline,1.0,1.0,1.0,True,2,2,1,False,complex_no_crossing,nan,nan,nan,True,15.15151515151515,-0.007398902032981774,-0.037500000000000006,-0.005,0.7858576659928076,
Shell_B_800km,0.5710526315789474,44.8421052631579,baseline,1.0,1.0,1.0,True,2,2,1,False,complex_no_crossing,nan,nan,nan,True,15.15151515151515,-0.007290752688603821,-0.037500000000000006,-0.005,0.7728107910370454,
Shell_B_800km,0.5710526315789474,47.421052631578945,baseline,1.0,1.0,1.0,True,2,2,1,False,complex_no_crossing,nan,nan,nan,True,15.15151515151515,-0.007180107986758516,-0.037500000000000006,-0.005,0.7768684580223635,
Shell_B_800km,0.5710526315789474,50.0,baseline,1.0,1.0,1.0,True,2,2,1,False,complex_no_crossing,nan,nan,nan,True,15.15151515151515,-0.007066746217240229,-0.037500000000000006,-0.005,0.7641016659908928,
Shell_B_800km,0.618421052631579,1.0,baseline,1.0,1.0,1.0,True,2,67,8,False,complex_no_crossing,nan,nan,nan,True,671.7171717171717,-0.03305502438874193,-0.037500000000000006,-0.000887794475395046,0.918079833034426,
Shell_B_800km,0.618421052631579,3.5789473684210527,baseline,1.0,1.0,1.0,True,2,19,7,False,complex_no_crossing,nan,nan,nan,True,186.86868686868686,-0.03058697678506868,-0.037500000000000006,-0.003677335790423984,0.9421993749565445,
Shell_B_800km,0.618421052631579,6.157894736842105,baseline,1.0,1.0,1.0,True,2,11,5,False,complex_no_crossing,nan,nan,nan,True,106.06060606060606,-0.022653085815087296,-0.037500000000000006,-0.005,0.8908174590324052,
Shell_B_800km,0.618421052631579,8.736842105263158,baseline,1.0,1.0,1.0,True,2,8,5,False,complex_no_crossing,nan,nan,nan,True,75.75757575757575,-0.023715284240273287,-0.037500000000000006,-0.005,0.8644852080033161,
Shell_B_800km,0.618421052631579,11.31578947368421,baseline,1.0,1.0,1.0,True,2,6,4,False,complex_no_crossing,nan,nan,nan,True,55.55555555555556,-0.01920198545019774,-0.037500000000000006,-0.005,0.837611916998867,
Shell_B_800km,0.618421052631579,13.894736842105264,baseline,1.0,1.0,1.0,True,2,5,3,False,complex_no_crossing,nan,nan,nan,True,45.45454545454545,-0.014539727907893454,-0.037500000000000006,-0.005,0.8802038750145584,
Shell_B_800km,0.618421052631579,16.473684210526315,baseline,1.0,1.0,1.0,True,2,5,3,False,complex_no_crossing,nan,nan,nan,True,45.45454545454545,-0.01477766347135661,-0.037500000000000006,-0.00483259264198825,0.8159488329547457,
Shell_B_800km,0.618421052631579,19.05263157894737,baseline,1.0,1.0,1.0,True,2,4,3,False,complex_no_crossing,nan,nan,nan,True,35.35353535353535,-0.015213502574009963,-0.037500000000000006,-0.005,0.8104471249971539,
Shell_B_800km,0.618421052631579,21.63157894736842,baseline,1.0,1.0,1.0,True,2,4,2,False,complex_no_crossing,nan,nan,nan,True,35.35353535353535,-0.010405415998076744,-0.037500000000000006,-0.005,0.7978607499971986,
Shell_B_800km,0.618421052631579,24.210526315789473,baseline,1.0,1.0,1.0,True,2,3,2,False,complex_no_crossing,nan,nan,nan,True,25.252525252525253,-0.010347148802552619,-0.037500000000000006,-0.005,0.7946820000070147,
Shell_B_800km,0.618421052631579,26.789473684210527,baseline,1.0,1.0,1.0,True,2,3,2,False,complex_no_crossing,nan,nan,nan,True,25.252525252525253,-0.010311586975675184,-0.037500000000000006,-0.005,0.8114007500116713,
Shell_B_800km,0.618421052631579,29.36842105263158,baseline,1.0,1.0,1.0,True,2,3,2,False,complex_no_crossing,nan,nan,nan,True,25.252525252525253,-0.010314611353856192,-0.037500000000000006,-0.005,0.8454412079881877,
Shell_B_800km,0.618421052631579,31.94736842105263,baseline,1.0,1.0,1.0,True,2,3,2,False,complex_no_crossing,nan,nan,nan,True,25.252525252525253,-0.010393340866792902,-0.037500000000000006,-0.005,0.8186429999768734,
Shell_B_800km,0.618421052631579,34.526315789473685,baseline,1.0,1.0,1.0,True,2,3,1,False,complex_no_crossing,nan,nan,nan,True,25.252525252525253,-0.007913696397253814,-0.037500000000000006,-0.005,0.8556817920180038,
Shell_B_800km,0.618421052631579,37.10526315789474,baseline,1.0,1.0,1.0,True,2,2,1,False,complex_no_crossing,nan,nan,nan,True,15.15151515151515,-0.00780791134158868,-0.037500000000000006,-0.005,0.8093946250155568,
Shell_B_800km,0.618421052631579,39.68421052631579,baseline,1.0,1.0,1.0,True,2,2,1,False,complex_no_crossing,nan,nan,nan,True,15.15151515151515,-0.007700010775697379,-0.037500000000000006,-0.005,0.7869654999813065,
Shell_B_800km,0.618421052631579,42.26315789473684,baseline,1.0,1.0,1.0,True,2,2,1,False,complex_no_crossing,nan,nan,nan,True,15.15151515151515,-0.007589834893549167,-0.037500000000000006,-0.005,0.8670798749662936,
Shell_B_800km,0.618421052631579,44.8421052631579,baseline,1.0,1.0,1.0,True,2,2,1,False,complex_no_crossing,nan,nan,nan,True,15.15151515151515,-0.007477201056275317,-0.037500000000000006,-0.005,0.7827352089807391,
Shell_B_800km,0.618421052631579,47.421052631578945,baseline,1.0,1.0,1.0,True,2,2,1,False,complex_no_crossing,nan,nan,nan,True,15.15151515151515,-0.007361898695508054,-0.037500000000000006,-0.005,0.7771315419813618,
Shell_B_800km,0.618421052631579,50.0,baseline,1.0,1.0,1.0,True,2,2,1,False,complex_no_crossing,nan,nan,nan,True,15.15151515151515,-0.007243682600166218,-0.037500000000000006,-0.005,0.7787412910256535,
Shell_B_800km,0.6657894736842105,1.0,baseline,1.0,1.0,1.0,True,2,67,8,False,complex_no_crossing,nan,nan,nan,True,671.7171717171717,-0.03321060023927796,-0.037500000000000006,-0.000832514993430652,0.9468547910219058,
Shell_B_800km,0.6657894736842105,3.5789473684210527,baseline,1.0,1.0,1.0,True,2,19,7,False,complex_no_crossing,nan,nan,nan,True,186.86868686868686,-0.0307471259816484,-0.037500000000000006,-0.003631075336249695,1.084174916963093,
Shell_B_800km,0.6657894736842105,6.157894736842105,baseline,1.0,1.0,1.0,True,2,11,5,False,complex_no_crossing,nan,nan,nan,True,106.06060606060606,-0.022821396424805872,-0.037500000000000006,-0.005,0.9065261670039035,
Shell_B_800km,0.6657894736842105,8.736842105263158,baseline,1.0,1.0,1.0,True,2,8,4,False,complex_no_crossing,nan,nan,nan,True,75.75757575757575,-0.018792820123696388,-0.037500000000000006,-0.005,0.9271983329672366,
Shell_B_800km,0.6657894736842105,11.31578947368421,baseline,1.0,1.0,1.0,True,2,6,4,False,complex_no_crossing,nan,nan,nan,True,55.55555555555556,-0.01937747557621482,-0.037500000000000006,-0.005,0.9157595829456113,
Shell_B_800km,0.6657894736842105,13.894736842105264,baseline,1.0,1.0,1.0,True,2,5,3,False,complex_no_crossing,nan,nan,nan,True,45.45454545454545,-0.014718356153261444,-0.037500000000000006,-0.005,0.885855583997909,
Shell_B_800km,0.6657894736842105,16.473684210526315,baseline,1.0,1.0,1.0,True,2,5,3,False,complex_no_crossing,nan,nan,nan,True,45.45454545454545,-0.014956787531432252,-0.037500000000000006,-0.004604924209201426,0.861178082996048,
Shell_B_800km,0.6657894736842105,19.05263157894737,baseline,1.0,1.0,1.0,True,2,4,3,False,complex_no_crossing,nan,nan,nan,True,35.35353535353535,-0.015399730507106728,-0.037500000000000006,-0.005,0.8995372090139426,
Shell_B_800km,0.6657894736842105,21.63157894736842,baseline,1.0,1.0,1.0,True,2,4,2,False,complex_no_crossing,nan,nan,nan,True,35.35353535353535,-0.0105897528501631,-0.037500000000000006,-0.005,0.8591247089789249,
Shell_B_800km,0.6657894736842105,24.210526315789473,baseline,1.0,1.0,1.0,True,2,3,2,False,complex_no_crossing,nan,nan,nan,True,25.252525252525253,-0.01052799226016075,-0.037500000000000006,-0.005,0.8492930000065826,
Shell_B_800km,0.6657894736842105,26.789473684210527,baseline,1.0,1.0,1.0,True,2,3,2,False,complex_no_crossing,nan,nan,nan,True,25.252525252525253,-0.010489818675977914,-0.037500000000000006,-0.005,0.8420683339936659,
Shell_B_800km,0.6657894736842105,29.36842105263158,baseline,1.0,1.0,1.0,True,2,3,2,False,complex_no_crossing,nan,nan,nan,True,25.252525252525253,-0.010492251863220396,-0.037500000000000006,-0.005,0.9511116670328192,
Shell_B_800km,0.6657894736842105,31.94736842105263,baseline,1.0,1.0,1.0,True,2,3,2,False,complex_no_crossing,nan,nan,nan,True,25.252525252525253,-0.010576131932851132,-0.037500000000000006,-0.005,0.8396059169899672,
Shell_B_800km,0.6657894736842105,34.526315789473685,baseline,1.0,1.0,1.0,True,2,3,1,False,complex_no_crossing,nan,nan,nan,True,25.252525252525253,-0.008108470152684335,-0.037500000000000006,-0.005,0.8566047080093995,
Shell_B_800km,0.6657894736842105,37.10526315789474,baseline,1.0,1.0,1.0,True,2,2,1,False,complex_no_crossing,nan,nan,nan,True,15.15151515151515,-0.007998702408203575,-0.037500000000000006,-0.005,0.8493737500393763,
Shell_B_800km,0.6657894736842105,39.68421052631579,baseline,1.0,1.0,1.0,True,2,2,1,False,complex_no_crossing,nan,nan,nan,True,15.15151515151515,-0.00788669295488092,-0.037500000000000006,-0.005,0.8261286250199191,
Shell_B_800km,0.6657894736842105,42.26315789473684,baseline,1.0,1.0,1.0,True,2,2,1,False,complex_no_crossing,nan,nan,nan,True,15.15151515151515,-0.007772267771577182,-0.037500000000000006,-0.005,0.8883150829933584,
Shell_B_800km,0.6657894736842105,44.8421052631579,baseline,1.0,1.0,1.0,True,2,2,1,False,complex_no_crossing,nan,nan,nan,True,15.15151515151515,-0.007655227260558427,-0.037500000000000006,-0.005,0.8259596250136383,
Shell_B_800km,0.6657894736842105,47.421052631578945,baseline,1.0,1.0,1.0,True,2,2,1,False,complex_no_crossing,nan,nan,nan,True,15.15151515151515,-0.007535340361451065,-0.037500000000000006,-0.005,0.8203491250169463,
Shell_B_800km,0.6657894736842105,50.0,baseline,1.0,1.0,1.0,True,2,2,1,False,complex_no_crossing,nan,nan,nan,True,15.15151515151515,-0.007412336735680959,-0.037500000000000006,-0.005,0.8224074579775333,
Shell_B_800km,0.7131578947368421,1.0,baseline,1.0,1.0,1.0,True,2,67,8,False,complex_no_crossing,nan,nan,nan,True,671.7171717171717,-0.033365062756220754,-0.037500000000000006,-0.0007732807537942704,1.0341809159726836,
Shell_B_800km,0.7131578947368421,3.5789473684210527,baseline,1.0,1.0,1.0,True,2,19,6,False,complex_no_crossing,nan,nan,nan,True,186.86868686868686,-0.02650461228704131,-0.037500000000000006,-0.0035841655788770932,1.1104261659784243,
Shell_B_800km,0.7131578947368421,6.157894736842105,baseline,1.0,1.0,1.0,True,2,11,5,False,complex_no_crossing,nan,nan,nan,True,106.06060606060606,-0.022987990532744702,-0.037500000000000006,-0.005,0.9638884579762816,
Shell_B_800km,0.7131578947368421,8.736842105263158,baseline,1.0,1.0,1.0,True,2,8,4,False,complex_no_crossing,nan,nan,nan,True,75.75757575757575,-0.01896410584903289,-0.037500000000000006,-0.005,0.9341338749509305,
Shell_B_800km,0.7131578947368421,11.31578947368421,baseline,1.0,1.0,1.0,True,2,6,4,False,complex_no_crossing,nan,nan,nan,True,55.55555555555556,-0.019550966724454888,-0.037500000000000006,-0.005,0.9841268329764716,
Shell_B_800km,0.7131578947368421,13.894736842105264,baseline,1.0,1.0,1.0,True,2,5,3,False,complex_no_crossing,nan,nan,nan,True,45.45454545454545,-0.01489414509891311,-0.037500000000000006,-0.005,0.8572700840304606,
Shell_B_800km,0.7131578947368421,16.473684210526315,baseline,1.0,1.0,1.0,True,2,5,3,False,complex_no_crossing,nan,nan,nan,True,45.45454545454545,-0.015133260425381228,-0.037500000000000006,-0.004370590131192565,0.8785312079708092,
Shell_B_800km,0.7131578947368421,19.05263157894737,baseline,1.0,1.0,1.0,True,2,4,3,False,complex_no_crossing,nan,nan,nan,True,35.35353535353535,-0.015583737280841763,-0.037500000000000006,-0.005,0.8306490419781767,
Shell_B_800km,0.7131578947368421,21.63157894736842,baseline,1.0,1.0,1.0,True,2,4,2,False,complex_no_crossing,nan,nan,nan,True,35.35353535353535,-0.010769684093134994,-0.037500000000000006,-0.005,0.8225897909724154,
Shell_B_800km,0.7131578947368421,24.210526315789473,baseline,1.0,1.0,1.0,True,2,3,2,False,complex_no_crossing,nan,nan,nan,True,25.252525252525253,-0.010704577748881746,-0.037500000000000006,-0.005,0.8120742500177585,
Shell_B_800km,0.7131578947368421,26.789473684210527,baseline,1.0,1.0,1.0,True,2,3,2,False,complex_no_crossing,nan,nan,nan,True,25.252525252525253,-0.010663985622042089,-0.037500000000000006,-0.005,0.8181766250054352,
Shell_B_800km,0.7131578947368421,29.36842105263158,baseline,1.0,1.0,1.0,True,2,3,2,False,complex_no_crossing,nan,nan,nan,True,25.252525252525253,-0.010666155086552992,-0.037500000000000006,-0.005,0.8041139590204693,
Shell_B_800km,0.7131578947368421,31.94736842105263,baseline,1.0,1.0,1.0,True,2,3,2,False,complex_no_crossing,nan,nan,nan,True,25.252525252525253,-0.01075608851954352,-0.037500000000000006,-0.005,0.8046418330050074,
Shell_B_800km,0.7131578947368421,34.526315789473685,baseline,1.0,1.0,1.0,True,2,3,1,False,complex_no_crossing,nan,nan,nan,True,25.252525252525253,-0.00829539184815504,-0.037500000000000006,-0.005,0.8027987080276944,
Shell_B_800km,0.7131578947368421,37.10526315789474,baseline,1.0,1.0,1.0,True,2,2,1,False,complex_no_crossing,nan,nan,nan,True,15.15151515151515,-0.008181713774738354,-0.037500000000000006,-0.005,0.7998811249854043,
Shell_B_800km,0.7131578947368421,39.68421052631579,baseline,1.0,1.0,1.0,True,2,2,1,False,complex_no_crossing,nan,nan,nan,True,15.15151515151515,-0.008065665719258184,-0.037500000000000006,-0.005,0.7932257910142653,
Shell_B_800km,0.7131578947368421,42.26315789473684,baseline,1.0,1.0,1.0,True,2,2,1,False,complex_no_crossing,nan,nan,nan,True,15.15151515151515,-0.007947058727596882,-0.037500000000000006,-0.005,0.7900413749739528,
Shell_B_800km,0.7131578947368421,44.8421052631579,baseline,1.0,1.0,1.0,True,2,2,1,False,complex_no_crossing,nan,nan,nan,True,15.15151515151515,-0.007825675297089104,-0.037500000000000006,-0.005,0.7908152920426801,
Shell_B_800km,0.7131578947368421,47.421052631578945,baseline,1.0,1.0,1.0,True,2,2,1,False,complex_no_crossing,nan,nan,nan,True,15.15151515151515,-0.00770126260709552,-0.037500000000000006,-0.005,0.7834597080363892,
Shell_B_800km,0.7131578947368421,50.0,baseline,1.0,1.0,1.0,True,2,2,1,False,complex_no_crossing,nan,nan,nan,True,15.15151515151515,-0.007573523457373728,-0.037500000000000006,-0.005,0.8329978749970905,
Shell_B_800km,0.7605263157894736,1.0,baseline,1.0,1.0,1.0,True,2,67,8,False,complex_no_crossing,nan,nan,nan,True,671.7171717171717,-0.033518431844007573,-0.037500000000000006,-0.0007091026633270659,0.9390736250206828,
Shell_B_800km,0.7605263157894736,3.5789473684210527,baseline,1.0,1.0,1.0,True,2,19,6,False,complex_no_crossing,nan,nan,nan,True,186.86868686868686,-0.026665173589470858,-0.037500000000000006,-0.003536582527699179,0.9621902499930002,
Shell_B_800km,0.7605263157894736,6.157894736842105,baseline,1.0,1.0,1.0,True,2,11,5,False,complex_no_crossing,nan,nan,nan,True,106.06060606060606,-0.023152912627997527,-0.037500000000000006,-0.005,0.9150278330198489,
Shell_B_800km,0.7605263157894736,8.736842105263158,baseline,1.0,1.0,1.0,True,2,8,4,False,complex_no_crossing,nan,nan,nan,True,75.75757575757575,-0.01913331083405462,-0.037500000000000006,-0.005,0.8805646660039201,
Shell_B_800km,0.7605263157894736,11.31578947368421,baseline,1.0,1.0,1.0,True,2,6,4,False,complex_no_crossing,nan,nan,nan,True,55.55555555555556,-0.019722522748415044,-0.037500000000000006,-0.005,0.8611837499774992,
Shell_B_800km,0.7605263157894736,13.894736842105264,baseline,1.0,1.0,1.0,True,2,5,3,False,complex_no_crossing,nan,nan,nan,True,45.45454545454545,-0.015067208360233068,-0.037500000000000006,-0.005,0.9035317919915542,
Shell_B_800km,0.7605263157894736,16.473684210526315,baseline,1.0,1.0,1.0,True,2,5,3,False,complex_no_crossing,nan,nan,nan,True,45.45454545454545,-0.01530719182464747,-0.037500000000000006,-0.0041281819268435185,0.8387532079941593,
Shell_B_800km,0.7605263157894736,19.05263157894737,baseline,1.0,1.0,1.0,True,2,4,3,False,complex_no_crossing,nan,nan,nan,True,35.35353535353535,-0.015765639136142644,-0.037500000000000006,-0.005,0.81925466703251,
Shell_B_800km,0.7605263157894736,21.63157894736842,baseline,1.0,1.0,1.0,True,2,4,2,False,complex_no_crossing,nan,nan,nan,True,35.35353535353535,-0.01094545939230205,-0.037500000000000006,-0.005,0.8201589590171352,
Shell_B_800km,0.7605263157894736,24.210526315789473,baseline,1.0,1.0,1.0,True,2,3,2,False,complex_no_crossing,nan,nan,nan,True,25.252525252525253,-0.010877146866636739,-0.037500000000000006,-0.005,0.8187481670174748,
Shell_B_800km,0.7605263157894736,26.789473684210527,baseline,1.0,1.0,1.0,True,2,3,2,False,complex_no_crossing,nan,nan,nan,True,25.252525252525253,-0.010834323667038237,-0.037500000000000006,-0.005,0.8347544999560341,
Shell_B_800km,0.7605263157894736,29.36842105263158,baseline,1.0,1.0,1.0,True,2,3,2,False,complex_no_crossing,nan,nan,nan,True,25.252525252525253,-0.010836561199835533,-0.037500000000000006,-0.005,0.8385280420188792,
Shell_B_800km,0.7605263157894736,31.94736842105263,baseline,1.0,1.0,1.0,True,2,3,2,False,complex_no_crossing,nan,nan,nan,True,25.252525252525253,-0.010933529770440285,-0.037500000000000006,-0.005,0.8026925409794785,
Shell_B_800km,0.7605263157894736,34.526315789473685,baseline,1.0,1.0,1.0,True,2,3,1,False,complex_no_crossing,nan,nan,nan,True,25.252525252525253,-0.00847521931717156,-0.037500000000000006,-0.004407441495399712,0.7967112920014188,
Shell_B_800km,0.7605263157894736,37.10526315789474,baseline,1.0,1.0,1.0,True,2,2,1,False,complex_no_crossing,nan,nan,nan,True,15.15151515151515,-0.008357691993911006,-0.037500000000000006,-0.005,0.8010453329770826,
Shell_B_800km,0.7605263157894736,39.68421052631579,baseline,1.0,1.0,1.0,True,2,2,1,False,complex_no_crossing,nan,nan,nan,True,15.15151515151515,-0.008237664194119983,-0.037500000000000006,-0.005,0.7989774160087109,
Shell_B_800km,0.7605263157894736,42.26315789473684,baseline,1.0,1.0,1.0,True,2,2,1,False,complex_no_crossing,nan,nan,nan,True,15.15151515151515,-0.008114931280929862,-0.037500000000000006,-0.005,0.778480666980613,
Shell_B_800km,0.7605263157894736,44.8421052631579,baseline,1.0,1.0,1.0,True,2,2,1,False,complex_no_crossing,nan,nan,nan,True,15.15151515151515,-0.00798925685325496,-0.037500000000000006,-0.005,0.8567425410146825,
Shell_B_800km,0.7605263157894736,47.421052631578945,baseline,1.0,1.0,1.0,True,2,2,1,False,complex_no_crossing,nan,nan,nan,True,15.15151515151515,-0.007860364989512163,-0.037500000000000006,-0.005,0.780698333051987,
Shell_B_800km,0.7605263157894736,50.0,baseline,1.0,1.0,1.0,True,2,2,1,False,complex_no_crossing,nan,nan,nan,True,15.15151515151515,-0.007727929779795434,-0.037500000000000006,-0.005,0.789289457956329,
Shell_B_800km,0.8078947368421052,1.0,baseline,1.0,1.0,1.0,True,2,67,8,False,complex_no_crossing,nan,nan,nan,True,671.7171717171717,-0.03367072684811668,-0.037500000000000006,-0.0006384933865339459,0.9399724579998292,
Shell_B_800km,0.8078947368421052,3.5789473684210527,baseline,1.0,1.0,1.0,True,2,19,6,False,complex_no_crossing,nan,nan,nan,True,186.86868686868686,-0.026824338339451866,-0.037500000000000006,-0.003488300499903536,0.9596588750137016,
Shell_B_800km,0.8078947368421052,6.157894736842105,baseline,1.0,1.0,1.0,True,2,11,5,False,complex_no_crossing,nan,nan,nan,True,106.06060606060606,-0.023316205411819294,-0.037500000000000006,-0.005,0.9157796670333482,
Shell_B_800km,0.8078947368421052,8.736842105263158,baseline,1.0,1.0,1.0,True,2,8,4,False,complex_no_crossing,nan,nan,nan,True,75.75757575757575,-0.019300498937039792,-0.037500000000000006,-0.005,0.8787702079862356,
Shell_B_800km,0.8078947368421052,11.31578947368421,baseline,1.0,1.0,1.0,True,2,6,4,False,complex_no_crossing,nan,nan,nan,True,55.55555555555556,-0.019892204513901633,-0.037500000000000006,-0.005,0.8636618339805864,
Shell_B_800km,0.8078947368421052,13.894736842105264,baseline,1.0,1.0,1.0,True,2,5,3,False,complex_no_crossing,nan,nan,nan,True,45.45454545454545,-0.015237652584752749,-0.037500000000000006,-0.005,0.8423288750345819,
Shell_B_800km,0.8078947368421052,16.473684210526315,baseline,1.0,1.0,1.0,True,2,5,3,False,complex_no_crossing,nan,nan,nan,True,45.45454545454545,-0.015478684933064094,-0.037500000000000006,-0.0038759405859961583,0.8251298330142163,
Shell_B_800km,0.8078947368421052,19.05263157894737,baseline,1.0,1.0,1.0,True,2,4,3,False,complex_no_crossing,nan,nan,nan,True,35.35353535353535,-0.015945546912114653,-0.037500000000000006,-0.005,0.82544962503016,
Shell_B_800km,0.8078947368421052,21.63157894736842,baseline,1.0,1.0,1.0,True,2,4,2,False,complex_no_crossing,nan,nan,nan,True,35.35353535353535,-0.011117306331651963,-0.037500000000000006,-0.005,0.8179665000061505,
Shell_B_800km,0.8078947368421052,24.210526315789473,baseline,1.0,1.0,1.0,True,2,3,2,False,complex_no_crossing,nan,nan,nan,True,25.252525252525253,-0.011045920221523616,-0.037500000000000006,-0.005,0.8128870420041494,
Shell_B_800km,0.8078947368421052,26.789473684210527,baseline,1.0,1.0,1.0,True,2,3,2,False,complex_no_crossing,nan,nan,nan,True,25.252525252525253,-0.011001048889402563,-0.037500000000000006,-0.005,0.8135767499916255,
Shell_B_800km,0.8078947368421052,29.36842105263158,baseline,1.0,1.0,1.0,True,2,3,2,False,complex_no_crossing,nan,nan,nan,True,25.252525252525253,-0.011003692731174073,-0.037500000000000006,-0.005,0.7994950829888694,
Shell_B_800km,0.8078947368421052,31.94736842105263,baseline,1.0,1.0,1.0,True,2,3,2,False,complex_no_crossing,nan,nan,nan,True,25.252525252525253,-0.011108772224961271,-0.037500000000000006,-0.005,0.7931067909812555,
Shell_B_800km,0.8078947368421052,34.526315789473685,baseline,1.0,1.0,1.0,True,2,3,1,False,complex_no_crossing,nan,nan,nan,True,25.252525252525253,-0.00864859764442473,-0.037500000000000006,-0.003671574836578949,0.8011817910009995,
Shell_B_800km,0.8078947368421052,37.10526315789474,baseline,1.0,1.0,1.0,True,2,2,1,False,complex_no_crossing,nan,nan,nan,True,15.15151515151515,-0.008527272598145815,-0.037500000000000006,-0.005,0.7905428330413997,
Shell_B_800km,0.8078947368421052,39.68421052631579,baseline,1.0,1.0,1.0,True,2,2,1,False,complex_no_crossing,nan,nan,nan,True,15.15151515151515,-0.0084033142249736,-0.037500000000000006,-0.005,0.7883778749965131,
Shell_B_800km,0.8078947368421052,42.26315789473684,baseline,1.0,1.0,1.0,True,2,2,1,False,complex_no_crossing,nan,nan,nan,True,15.15151515151515,-0.008276501423049408,-0.037500000000000006,-0.005,0.7849448749911971,
Shell_B_800km,0.8078947368421052,44.8421052631579,baseline,1.0,1.0,1.0,True,2,2,1,False,complex_no_crossing,nan,nan,nan,True,15.15151515151515,-0.008146577850483783,-0.037500000000000006,-0.005,0.7912359589827247,
Shell_B_800km,0.8078947368421052,47.421052631578945,baseline,1.0,1.0,1.0,True,2,2,1,False,complex_no_crossing,nan,nan,nan,True,15.15151515151515,-0.008013243068400061,-0.037500000000000006,-0.005,0.7857881660456769,
Shell_B_800km,0.8078947368421052,50.0,baseline,1.0,1.0,1.0,True,2,2,1,False,complex_no_crossing,nan,nan,nan,True,15.15151515151515,-0.007876140488604692,-0.037500000000000006,-0.005,0.7810856670257635,
Shell_B_800km,0.8552631578947368,1.0,baseline,1.0,1.0,1.0,True,2,67,8,False,complex_no_crossing,nan,nan,nan,True,671.7171717171717,-0.033821966576418755,-0.037500000000000006,-0.0005590237537592916,0.9389079579850659,
Shell_B_800km,0.8552631578947368,3.5789473684210527,baseline,1.0,1.0,1.0,True,2,19,6,False,complex_no_crossing,nan,nan,nan,True,186.86868686868686,-0.0269821370206738,-0.037500000000000006,-0.003439291953698063,0.9652717910357751,
Shell_B_800km,0.8552631578947368,6.157894736842105,baseline,1.0,1.0,1.0,True,2,11,5,False,complex_no_crossing,nan,nan,nan,True,106.06060606060606,-0.02347790989529744,-0.037500000000000006,-0.005,0.9907906250446104,
Shell_B_800km,0.8552631578947368,8.736842105263158,baseline,1.0,1.0,1.0,True,2,8,4,False,complex_no_crossing,nan,nan,nan,True,75.75757575757575,-0.01946573098777055,-0.037500000000000006,-0.005,0.8876447079819627,
Shell_B_800km,0.8552631578947368,11.31578947368421,baseline,1.0,1.0,1.0,True,2,6,4,False,complex_no_crossing,nan,nan,nan,True,55.55555555555556,-0.02006007009180178,-0.037500000000000006,-0.005,0.8621085829799995,
Shell_B_800km,0.8552631578947368,13.894736842105264,baseline,1.0,1.0,1.0,True,2,5,3,False,complex_no_crossing,nan,nan,nan,True,45.45454545454545,-0.015405578034227232,-0.037500000000000006,-0.005,0.8461521249846555,
Shell_B_800km,0.8552631578947368,16.473684210526315,baseline,1.0,1.0,1.0,True,2,5,3,False,complex_no_crossing,nan,nan,nan,True,45.45454545454545,-0.01564783702251802,-0.037500000000000006,-0.003611593352124388,0.833370250009466,
Shell_B_800km,0.8552631578947368,19.05263157894737,baseline,1.0,1.0,1.0,True,2,4,3,False,complex_no_crossing,nan,nan,nan,True,35.35353535353535,-0.016123566578184645,-0.037500000000000006,-0.005,0.8319975839694962,
Shell_B_800km,0.8552631578947368,21.63157894736842,baseline,1.0,1.0,1.0,True,2,4,2,False,complex_no_crossing,nan,nan,nan,True,35.35353535353535,-0.011285433034377828,-0.037500000000000006,-0.005,0.8152296249754727,
Shell_B_800km,0.8552631578947368,24.210526315789473,baseline,1.0,1.0,1.0,True,2,3,2,False,complex_no_crossing,nan,nan,nan,True,25.252525252525253,-0.011211099906762528,-0.037500000000000006,-0.005,0.8171667919959873,
Shell_B_800km,0.8552631578947368,26.789473684210527,baseline,1.0,1.0,1.0,True,2,3,2,False,complex_no_crossing,nan,nan,nan,True,25.252525252525253,-0.011164359933034707,-0.037500000000000006,-0.005,0.8182691250112839,
Shell_B_800km,0.8552631578947368,29.36842105263158,baseline,1.0,1.0,1.0,True,2,3,2,False,complex_no_crossing,nan,nan,nan,True,25.252525252525253,-0.011167756873022228,-0.037500000000000006,-0.005,0.8098019999451935,
Shell_B_800km,0.8552631578947368,31.94736842105263,baseline,1.0,1.0,1.0,True,2,3,2,False,complex_no_crossing,nan,nan,nan,True,25.252525252525253,-0.011282135062129498,-0.037500000000000006,-0.005,0.7980797089985572,
Shell_B_800km,0.8552631578947368,34.526315789473685,baseline,1.0,1.0,1.0,True,2,3,1,False,complex_no_crossing,nan,nan,nan,True,25.252525252525253,-0.008816080696467735,-0.037500000000000006,-0.002881280190782577,0.7998607500339858,
Shell_B_800km,0.8552631578947368,37.10526315789474,baseline,1.0,1.0,1.0,True,2,2,1,False,complex_no_crossing,nan,nan,nan,True,15.15151515151515,-0.008691001285681173,-0.037500000000000006,-0.005,0.7996082919999026,
Shell_B_800km,0.8552631578947368,39.68421052631579,baseline,1.0,1.0,1.0,True,2,2,1,False,complex_no_crossing,nan,nan,nan,True,15.15151515151515,-0.008563153217035768,-0.037500000000000006,-0.005,0.8017831670003943,
Shell_B_800km,0.8552631578947368,42.26315789473684,baseline,1.0,1.0,1.0,True,2,2,1,False,complex_no_crossing,nan,nan,nan,True,15.15151515151515,-0.008432298108351693,-0.037500000000000006,-0.005,0.7905953329754993,
Shell_B_800km,0.8552631578947368,44.8421052631579,baseline,1.0,1.0,1.0,True,2,2,1,False,complex_no_crossing,nan,nan,nan,True,15.15151515151515,-0.008298158584069942,-0.037500000000000006,-0.005,0.7887104590190575,
Shell_B_800km,0.8552631578947368,47.421052631578945,baseline,1.0,1.0,1.0,True,2,2,1,False,complex_no_crossing,nan,nan,nan,True,15.15151515151515,-0.008160408192497125,-0.037500000000000006,-0.005,0.7896222500130534,
Shell_B_800km,0.8552631578947368,50.0,baseline,1.0,1.0,1.0,True,2,2,1,False,complex_no_crossing,nan,nan,nan,True,15.15151515151515,-0.00801865757051468,-0.037500000000000006,-0.005,0.7850014170398936,
Shell_B_800km,0.9026315789473683,1.0,baseline,1.0,1.0,1.0,True,2,67,8,False,complex_no_crossing,nan,nan,nan,True,671.7171717171717,-0.03397216931950062,-0.037500000000000006,-0.0004661883941902999,0.9534717500209808,
Shell_B_800km,0.9026315789473683,3.5789473684210527,baseline,1.0,1.0,1.0,True,2,19,6,False,complex_no_crossing,nan,nan,nan,True,186.86868686868686,-0.027138599077443423,-0.037500000000000006,-0.0033895272996392533,0.9697691249893978,
Shell_B_800km,0.9026315789473683,6.157894736842105,baseline,1.0,1.0,1.0,True,2,11,5,False,complex_no_crossing,nan,nan,nan,True,106.06060606060606,-0.02363806549031662,-0.037500000000000006,-0.005,0.9241132499882951,
Shell_B_800km,0.9026315789473683,8.736842105263158,baseline,1.0,1.0,1.0,True,2,8,4,False,complex_no_crossing,nan,nan,nan,True,75.75757575757575,-0.01962906498298029,-0.037500000000000006,-0.005,0.8986610000138171,
Shell_B_800km,0.9026315789473683,11.31578947368421,baseline,1.0,1.0,1.0,True,2,6,4,False,complex_no_crossing,nan,nan,nan,True,55.55555555555556,-0.02022617493529598,-0.037500000000000006,-0.005,0.9216292920173146,
Shell_B_800km,0.9026315789473683,13.894736842105264,baseline,1.0,1.0,1.0,True,2,5,3,False,complex_no_crossing,nan,nan,nan,True,45.45454545454545,-0.015571079106186075,-0.037500000000000006,-0.005,0.8597342090215534,
Shell_B_800km,0.9026315789473683,16.473684210526315,baseline,1.0,1.0,1.0,True,2,5,3,False,complex_no_crossing,nan,nan,nan,True,45.45454545454545,-0.0158147399138844,-0.037500000000000006,-0.003332084199496017,0.9085487080155872,
Shell_B_800km,0.9026315789473683,19.05263157894737,baseline,1.0,1.0,1.0,True,2,4,3,False,complex_no_crossing,nan,nan,nan,True,35.35353535353535,-0.016299799720761038,-0.037500000000000006,-0.005,0.8471499579609372,
Shell_B_800km,0.9026315789473683,21.63157894736842,baseline,1.0,1.0,1.0,True,2,4,2,False,complex_no_crossing,nan,nan,nan,True,35.35353535353535,-0.011450030401804671,-0.037500000000000006,-0.005,0.8439013750175945,
Shell_B_800km,0.9026315789473683,24.210526315789473,baseline,1.0,1.0,1.0,True,2,3,2,False,complex_no_crossing,nan,nan,nan,True,25.252525252525253,-0.01137287161836546,-0.037500000000000006,-0.005,0.8448029999854043,
Shell_B_800km,0.9026315789473683,26.789473684210527,baseline,1.0,1.0,1.0,True,2,3,2,False,complex_no_crossing,nan,nan,nan,True,25.252525252525253,-0.011324440014772313,-0.037500000000000006,-0.005,0.8376887919730507,
Shell_B_800km,0.9026315789473683,29.36842105263158,baseline,1.0,1.0,1.0,True,2,3,2,False,complex_no_crossing,nan,nan,nan,True,25.252525252525253,-0.011328947500442707,-0.037500000000000006,-0.005,0.8204040839918889,
Shell_B_800km,0.9026315789473683,31.94736842105263,baseline,1.0,1.0,1.0,True,2,3,2,False,complex_no_crossing,nan,nan,nan,True,25.252525252525253,-0.011453945964402638,-0.037500000000000006,-0.005,0.8230380419990979,
Shell_B_800km,0.9026315789473683,34.526315789473685,baseline,1.0,1.0,1.0,True,2,3,1,False,complex_no_crossing,nan,nan,nan,True,25.252525252525253,-0.008978147697026748,-0.037500000000000006,-0.0019339072540798534,0.8250537500134669,
Shell_B_800km,0.9026315789473683,37.10526315789474,baseline,1.0,1.0,1.0,True,2,2,1,False,complex_no_crossing,nan,nan,nan,True,15.15151515151515,-0.00884935023478818,-0.037500000000000006,-0.005,0.8204263750230893,
Shell_B_800km,0.9026315789473683,39.68421052631579,baseline,1.0,1.0,1.0,True,2,2,1,False,complex_no_crossing,nan,nan,nan,True,15.15151515151515,-0.008717646186794801,-0.037500000000000006,-0.005,0.8221614999929443,
Shell_B_800km,0.9026315789473683,42.26315789473684,baseline,1.0,1.0,1.0,True,2,2,1,False,complex_no_crossing,nan,nan,nan,True,15.15151515151515,-0.008582779041444971,-0.037500000000000006,-0.005,0.8124735840247013,
Shell_B_800km,0.9026315789473683,44.8421052631579,baseline,1.0,1.0,1.0,True,2,2,1,False,complex_no_crossing,nan,nan,nan,True,15.15151515151515,-0.008444449244464585,-0.037500000000000006,-0.005,0.812165790994186,
Shell_B_800km,0.9026315789473683,47.421052631578945,baseline,1.0,1.0,1.0,True,2,2,1,False,complex_no_crossing,nan,nan,nan,True,15.15151515151515,-0.008302302752891184,-0.037500000000000006,-0.005,0.8111597909592092,
Shell_B_800km,0.9026315789473683,50.0,baseline,1.0,1.0,1.0,True,2,2,1,False,complex_no_crossing,nan,nan,nan,True,15.15151515151515,-0.008155915196031,-0.037500000000000006,-0.005,0.8022075420012698,
Shell_B_800km,0.95,1.0,baseline,1.0,1.0,1.0,True,2,67,8,False,complex_no_crossing,nan,nan,nan,True,671.7171717171717,-0.03412135287002036,-0.037500000000000006,-0.0003495022109195406,0.9577014579554088,
Shell_B_800km,0.95,3.5789473684210527,baseline,1.0,1.0,1.0,True,2,19,6,False,complex_no_crossing,nan,nan,nan,True,186.86868686868686,-0.027293752962864806,-0.037500000000000006,-0.003338974686448122,0.9839988749590702,
Shell_B_800km,0.95,6.157894736842105,baseline,1.0,1.0,1.0,True,2,11,5,False,complex_no_crossing,nan,nan,nan,True,106.06060606060606,-0.02379671009436768,-0.037500000000000006,-0.005,0.9385912080178969,
Shell_B_800km,0.95,8.736842105263158,baseline,1.0,1.0,1.0,True,2,8,4,False,complex_no_crossing,nan,nan,nan,True,75.75757575757575,-0.01979055626598621,-0.037500000000000006,-0.005,0.9049370409920812,
Shell_B_800km,0.95,11.31578947368421,baseline,1.0,1.0,1.0,True,2,6,4,False,complex_no_crossing,nan,nan,nan,True,55.55555555555556,-0.020390572043013654,-0.037500000000000006,-0.005,0.8796716660144739,
Shell_B_800km,0.95,13.894736842105264,baseline,1.0,1.0,1.0,True,2,5,3,False,complex_no_crossing,nan,nan,nan,True,45.45454545454545,-0.015734244802423678,-0.037500000000000006,-0.005,0.8621179159963503,
Shell_B_800km,0.95,16.473684210526315,baseline,1.0,1.0,1.0,True,2,5,3,False,complex_no_crossing,nan,nan,nan,True,45.45454545454545,-0.01597948040989717,-0.037500000000000006,-0.003033097258662424,0.8497788340318948,
Shell_B_800km,0.95,19.05263157894737,baseline,1.0,1.0,1.0,True,2,4,3,False,complex_no_crossing,nan,nan,nan,True,35.35353535353535,-0.016474343990728852,-0.037500000000000006,-0.005,0.8478947919793427,
Shell_B_800km,0.95,21.63157894736842,baseline,1.0,1.0,1.0,True,2,4,2,False,complex_no_crossing,nan,nan,nan,True,35.35353535353535,-0.011611274035971553,-0.037500000000000006,-0.005,0.8354245000518858,
Shell_B_800km,0.95,24.210526315789473,baseline,1.0,1.0,1.0,True,2,3,2,False,complex_no_crossing,nan,nan,nan,True,25.252525252525253,-0.011531406476160548,-0.037500000000000006,-0.005,0.8340188750298694,
Shell_B_800km,0.95,26.789473684210527,baseline,1.0,1.0,1.0,True,2,3,2,False,complex_no_crossing,nan,nan,nan,True,25.252525252525253,-0.011481458655351757,-0.037500000000000006,-0.005,0.8360528749763034,
Shell_B_800km,0.95,29.36842105263158,baseline,1.0,1.0,1.0,True,2,3,2,False,complex_no_crossing,nan,nan,nan,True,25.252525252525253,-0.011487446949831247,-0.037500000000000006,-0.005,0.884628249972593,
Shell_B_800km,0.95,31.94736842105263,baseline,1.0,1.0,1.0,True,2,3,2,False,complex_no_crossing,nan,nan,nan,True,25.252525252525253,-0.011624547983602355,-0.037500000000000006,-0.005,0.8091934589901939,
Shell_B_800km,0.95,34.526315789473685,baseline,1.0,1.0,1.0,True,2,2,1,False,complex_no_crossing,nan,nan,nan,True,15.15151515151515,-0.009135216166877316,-0.037500000000000006,-0.005,0.8161567500210367,
Shell_B_800km,0.95,37.10526315789474,baseline,1.0,1.0,1.0,True,2,2,1,False,complex_no_crossing,nan,nan,nan,True,15.15151515151515,-0.009002730842744725,-0.037500000000000006,-0.005,0.8094063340104185,
Shell_B_800km,0.95,39.68421052631579,baseline,1.0,1.0,1.0,True,2,2,1,False,complex_no_crossing,nan,nan,nan,True,15.15151515151515,-0.008867198298876756,-0.037500000000000006,-0.005,0.8086658749962226,
Shell_B_800km,0.95,42.26315789473684,baseline,1.0,1.0,1.0,True,2,2,1,False,complex_no_crossing,nan,nan,nan,True,15.15151515151515,-0.008728343010655285,-0.037500000000000006,-0.005,0.8089477919857018,
Shell_B_800km,0.95,44.8421052631579,baseline,1.0,1.0,1.0,True,2,2,1,False,complex_no_crossing,nan,nan,nan,True,15.15151515151515,-0.00858584204606124,-0.037500000000000006,-0.005,0.8008049159543589,
Shell_B_800km,0.95,47.421052631578945,baseline,1.0,1.0,1.0,True,2,2,1,False,complex_no_crossing,nan,nan,nan,True,15.15151515151515,-0.008439312105462903,-0.037500000000000006,-0.005,0.7955594999948516,
Shell_B_800km,0.95,50.0,baseline,1.0,1.0,1.0,True,2,2,1,False,complex_no_crossing,nan,nan,nan,True,15.15151515151515,-0.008288291433267592,-0.037500000000000006,-0.005,0.8059968750458211,
Shell_B_800km,0.05,1.0,derelict_x2,1.0,2.0,5.0,False,3,1,0,False,no_branch,nan,nan,nan,False,nan,nan,nan,nan,1.1031369169941172,
Shell_B_800km,0.05,3.5789473684210527,derelict_x2,1.0,2.0,5.0,False,3,1,0,False,no_branch,nan,nan,nan,False,nan,nan,nan,nan,1.143116542021744,
Shell_B_800km,0.05,6.157894736842105,derelict_x2,1.0,2.0,5.0,False,3,1,0,False,no_branch,nan,nan,nan,False,nan,nan,nan,nan,1.086211625020951,
Shell_B_800km,0.05,8.736842105263158,derelict_x2,1.0,2.0,5.0,False,3,1,0,False,no_branch,nan,nan,nan,False,nan,nan,nan,nan,1.0488666670280509,
Shell_B_800km,0.05,11.31578947368421,derelict_x2,1.0,2.0,5.0,False,3,1,0,False,no_branch,nan,nan,nan,False,nan,nan,nan,nan,1.0146476670051925,
Shell_B_800km,0.05,13.894736842105264,derelict_x2,1.0,2.0,5.0,False,3,1,0,False,no_branch,nan,nan,nan,False,nan,nan,nan,nan,0.9933677910012193,
Shell_B_800km,0.05,16.473684210526315,derelict_x2,1.0,2.0,5.0,False,3,1,0,False,no_branch,nan,nan,nan,False,nan,nan,nan,nan,0.9438920840038918,
Shell_B_800km,0.05,19.05263157894737,derelict_x2,1.0,2.0,5.0,False,3,1,0,False,no_branch,nan,nan,nan,False,nan,nan,nan,nan,0.9298495420371182,
Shell_B_800km,0.05,21.63157894736842,derelict_x2,1.0,2.0,5.0,False,3,1,0,False,no_branch,nan,nan,nan,False,nan,nan,nan,nan,0.9015285420464352,
Shell_B_800km,0.05,24.210526315789473,derelict_x2,1.0,2.0,5.0,False,3,1,0,False,no_branch,nan,nan,nan,False,nan,nan,nan,nan,0.8910902079660445,
Shell_B_800km,0.05,26.789473684210527,derelict_x2,1.0,2.0,5.0,False,3,1,0,False,no_branch,nan,nan,nan,False,nan,nan,nan,nan,0.8743721669889055,
Shell_B_800km,0.05,29.36842105263158,derelict_x2,1.0,2.0,5.0,False,3,1,0,False,no_branch,nan,nan,nan,False,nan,nan,nan,nan,0.8414332090178505,
Shell_B_800km,0.05,31.94736842105263,derelict_x2,1.0,2.0,5.0,False,3,1,0,False,no_branch,nan,nan,nan,False,nan,nan,nan,nan,0.8200689160148613,
Shell_B_800km,0.05,34.526315789473685,derelict_x2,1.0,2.0,5.0,False,3,1,0,False,no_branch,nan,nan,nan,False,nan,nan,nan,nan,0.8852633339702152,
Shell_B_800km,0.05,37.10526315789474,derelict_x2,1.0,2.0,5.0,False,3,1,0,False,no_branch,nan,nan,nan,False,nan,nan,nan,nan,0.846014125039801,
Shell_B_800km,0.05,39.68421052631579,derelict_x2,1.0,2.0,5.0,False,3,1,0,False,no_branch,nan,nan,nan,False,nan,nan,nan,nan,0.7887672079959884,
Shell_B_800km,0.05,42.26315789473684,derelict_x2,1.0,2.0,5.0,False,3,1,0,False,no_branch,nan,nan,nan,False,nan,nan,nan,nan,0.7779330420307815,
Shell_B_800km,0.05,44.8421052631579,derelict_x2,1.0,2.0,5.0,False,3,1,0,False,no_branch,nan,nan,nan,False,nan,nan,nan,nan,0.7678499579778872,
Shell_B_800km,0.05,47.421052631578945,derelict_x2,1.0,2.0,5.0,False,3,1,0,False,no_branch,nan,nan,nan,False,nan,nan,nan,nan,0.7568304999731481,
Shell_B_800km,0.05,50.0,derelict_x2,1.0,2.0,5.0,False,3,1,0,False,no_branch,nan,nan,nan,False,nan,nan,nan,nan,0.7473743750015274,
Shell_B_800km,0.09736842105263158,1.0,derelict_x2,1.0,2.0,5.0,True,2,67,8,False,complex_no_crossing,nan,nan,nan,True,671.7171717171717,-0.03224070645108229,-0.037500000000000006,-0.001025161603758148,1.1071837499621324,
Shell_B_800km,0.09736842105263158,3.5789473684210527,derelict_x2,1.0,2.0,5.0,True,2,19,7,False,complex_no_crossing,nan,nan,nan,True,186.86868686868686,-0.029767793965867984,-0.037500000000000006,-0.003801455374136958,1.1514104999951087,
Shell_B_800km,0.09736842105263158,6.157894736842105,derelict_x2,1.0,2.0,5.0,True,2,11,5,False,complex_no_crossing,nan,nan,nan,True,106.06060606060606,-0.021706743957668993,-0.037500000000000006,-0.005,1.0972269999911077,
Shell_B_800km,0.09736842105263158,8.736842105263158,derelict_x2,1.0,2.0,5.0,True,2,8,5,False,complex_no_crossing,nan,nan,nan,True,75.75757575757575,-0.022823902860513168,-0.037500000000000006,-0.005,1.059653915988747,
Shell_B_800km,0.09736842105263158,11.31578947368421,derelict_x2,1.0,2.0,5.0,True,2,7,4,False,complex_no_crossing,nan,nan,nan,True,65.65656565656565,-0.018217462132613077,-0.037500000000000006,-0.0010780452577876071,1.0196799589903094,
Shell_B_800km,0.09736842105263158,13.894736842105264,derelict_x2,1.0,2.0,5.0,True,2,5,3,False,complex_no_crossing,nan,nan,nan,True,45.45454545454545,-0.013362886145483165,-0.037500000000000006,-0.005,1.0052028329810128,
Shell_B_800km,0.09736842105263158,16.473684210526315,derelict_x2,1.0,2.0,5.0,True,2,5,3,False,complex_no_crossing,nan,nan,nan,True,45.45454545454545,-0.01366309934105992,-0.037500000000000006,-0.005,0.9650084580061957,
Shell_B_800km,0.09736842105263158,19.05263157894737,derelict_x2,1.0,2.0,5.0,True,2,4,3,False,complex_no_crossing,nan,nan,nan,True,35.35353535353535,-0.01415618896479735,-0.037500000000000006,-0.005,0.9470501249888912,
Shell_B_800km,0.09736842105263158,21.63157894736842,derelict_x2,1.0,2.0,5.0,True,2,4,2,False,complex_no_crossing,nan,nan,nan,True,35.35353535353535,-0.008910119804830793,-0.037500000000000006,-0.005,0.9213326249737293,
Shell_B_800km,0.09736842105263158,24.210526315789473,derelict_x2,1.0,2.0,5.0,True,2,3,2,False,complex_no_crossing,nan,nan,nan,True,25.252525252525253,-0.008914481319117384,-0.037500000000000006,-0.005,0.9002730409847572,
Shell_B_800km,0.09736842105263158,26.789473684210527,derelict_x2,1.0,2.0,5.0,True,2,3,2,False,complex_no_crossing,nan,nan,nan,True,25.252525252525253,-0.008944378381788177,-0.037500000000000006,-0.005,0.8923899169894867,
Shell_B_800km,0.09736842105263158,29.36842105263158,derelict_x2,1.0,2.0,5.0,True,2,3,2,False,complex_no_crossing,nan,nan,nan,True,25.252525252525253,-0.009015262210939396,-0.037500000000000006,-0.005,0.8579249589820392,
Shell_B_800km,0.09736842105263158,31.94736842105263,derelict_x2,1.0,2.0,5.0,True,2,3,2,False,complex_no_crossing,nan,nan,nan,True,25.252525252525253,-0.009160709201424512,-0.037500000000000006,-0.005,0.8413657909841277,
Shell_B_800km,0.09736842105263158,34.526315789473685,derelict_x2,1.0,2.0,5.0,True,2,3,2,False,complex_no_crossing,nan,nan,nan,True,25.252525252525253,-0.009482280452071251,-0.037500000000000006,-0.005,0.8840251250076108,
Shell_B_800km,0.09736842105263158,37.10526315789474,derelict_x2,1.0,2.0,5.0,True,2,2,1,False,complex_no_crossing,nan,nan,nan,True,15.15151515151515,-0.005376561316823004,-0.037500000000000006,-0.005,0.812874791037757,
Shell_B_800km,0.09736842105263158,39.68421052631579,derelict_x2,1.0,2.0,5.0,True,2,2,1,False,complex_no_crossing,nan,nan,nan,True,15.15151515151515,-0.005309345274324244,-0.037500000000000006,-0.005,0.8041202910244465,
Shell_B_800km,0.09736842105263158,42.26315789473684,derelict_x2,1.0,2.0,5.0,True,2,2,1,False,complex_no_crossing,nan,nan,nan,True,15.15151515151515,-0.005240923171438587,-0.037500000000000006,-0.005,0.7914370410144329,
Shell_B_800km,0.09736842105263158,44.8421052631579,derelict_x2,1.0,2.0,5.0,True,2,2,1,False,complex_no_crossing,nan,nan,nan,True,15.15151515151515,-0.005171218188084338,-0.037500000000000006,-0.005,0.7841134580085054,
Shell_B_800km,0.09736842105263158,47.421052631578945,derelict_x2,1.0,2.0,5.0,True,2,2,1,False,complex_no_crossing,nan,nan,nan,True,15.15151515151515,-0.005100144206714961,-0.037500000000000006,-0.005,0.7951474169967696,
Shell_B_800km,0.09736842105263158,50.0,derelict_x2,1.0,2.0,5.0,True,2,2,1,False,complex_no_crossing,nan,nan,nan,True,15.15151515151515,-0.005027604047743826,-0.037500000000000006,-0.005,0.7954777500126511,
Shell_B_800km,0.14473684210526316,1.0,derelict_x2,1.0,2.0,5.0,True,2,67,8,False,complex_no_crossing,nan,nan,nan,True,671.7171717171717,-0.03285744976138536,-0.037500000000000006,-0.0007582344891476252,1.1405306669767015,
Shell_B_800km,0.14473684210526316,3.5789473684210527,derelict_x2,1.0,2.0,5.0,True,2,19,7,False,complex_no_crossing,nan,nan,nan,True,186.86868686868686,-0.03041420227036691,-0.037500000000000006,-0.003571545935391189,1.1553023749729618,
Shell_B_800km,0.14473684210526316,6.157894736842105,derelict_x2,1.0,2.0,5.0,True,2,11,5,False,complex_no_crossing,nan,nan,nan,True,106.06060606060606,-0.02236021100908797,-0.037500000000000006,-0.005,1.091662582999561,
Shell_B_800km,0.14473684210526316,8.736842105263158,derelict_x2,1.0,2.0,5.0,True,2,8,5,False,complex_no_crossing,nan,nan,nan,True,75.75757575757575,-0.023527043257064652,-0.037500000000000006,-0.005,1.0577927920385264,
Shell_B_800km,0.14473684210526316,11.31578947368421,derelict_x2,1.0,2.0,5.0,True,2,6,4,False,complex_no_crossing,nan,nan,nan,True,55.55555555555556,-0.01891137702107589,-0.037500000000000006,-0.005,1.0313837919966318,
Shell_B_800km,0.14473684210526316,13.894736842105264,derelict_x2,1.0,2.0,5.0,True,2,5,3,False,complex_no_crossing,nan,nan,nan,True,45.45454545454545,-0.01401833870675049,-0.037500000000000006,-0.005,1.0098753750207834,
Shell_B_800km,0.14473684210526316,16.473684210526315,derelict_x2,1.0,2.0,5.0,True,2,5,3,False,complex_no_crossing,nan,nan,nan,True,45.45454545454545,-0.014348221713895219,-0.037500000000000006,-0.004294070301003409,0.9616780410287902,
Shell_B_800km,0.14473684210526316,19.05263157894737,derelict_x2,1.0,2.0,5.0,True,2,4,3,False,complex_no_crossing,nan,nan,nan,True,35.35353535353535,-0.014911085569465982,-0.037500000000000006,-0.005,0.9562397500267252,
Shell_B_800km,0.14473684210526316,21.63157894736842,derelict_x2,1.0,2.0,5.0,True,2,4,2,False,complex_no_crossing,nan,nan,nan,True,35.35353535353535,-0.009531365091102181,-0.037500000000000006,-0.005,0.9251989999902435,
Shell_B_800km,0.14473684210526316,24.210526315789473,derelict_x2,1.0,2.0,5.0,True,2,3,2,False,complex_no_crossing,nan,nan,nan,True,25.252525252525253,-0.009539307480560933,-0.037500000000000006,-0.005,0.9039074170286767,
Shell_B_800km,0.14473684210526316,26.789473684210527,derelict_x2,1.0,2.0,5.0,True,2,3,2,False,complex_no_crossing,nan,nan,nan,True,25.252525252525253,-0.009580505294953476,-0.037500000000000006,-0.005,0.8992569999536499,
Shell_B_800km,0.14473684210526316,29.36842105263158,derelict_x2,1.0,2.0,5.0,True,2,3,2,False,complex_no_crossing,nan,nan,nan,True,25.252525252525253,-0.00967809498359657,-0.037500000000000006,-0.005,0.8587529580108821,
Shell_B_800km,0.14473684210526316,31.94736842105263,derelict_x2,1.0,2.0,5.0,True,2,3,2,False,complex_no_crossing,nan,nan,nan,True,25.252525252525253,-0.009889280789667455,-0.037500000000000006,-0.005,0.8319640419795178,
Shell_B_800km,0.14473684210526316,34.526315789473685,derelict_x2,1.0,2.0,5.0,True,2,3,1,False,complex_no_crossing,nan,nan,nan,True,25.252525252525253,-0.005999095672101945,-0.037500000000000006,-0.004997688096571045,0.8380317499977536,
Shell_B_800km,0.14473684210526316,37.10526315789474,derelict_x2,1.0,2.0,5.0,True,2,2,1,False,complex_no_crossing,nan,nan,nan,True,15.15151515151515,-0.005920707466828699,-0.037500000000000006,-0.005,0.8801644580089487,
Shell_B_800km,0.14473684210526316,39.68421052631579,derelict_x2,1.0,2.0,5.0,True,2,2,1,False,complex_no_crossing,nan,nan,nan,True,15.15151515151515,-0.005840922265727271,-0.037500000000000006,-0.005,0.8072292089927942,
Shell_B_800km,0.14473684210526316,42.26315789473684,derelict_x2,1.0,2.0,5.0,True,2,2,1,False,complex_no_crossing,nan,nan,nan,True,15.15151515151515,-0.005759649034385974,-0.037500000000000006,-0.005,0.7920029169763438,
Shell_B_800km,0.14473684210526316,44.8421052631579,derelict_x2,1.0,2.0,5.0,True,2,2,1,False,complex_no_crossing,nan,nan,nan,True,15.15151515151515,-0.005676785462726776,-0.037500000000000006,-0.005,0.783450625021942,
Shell_B_800km,0.14473684210526316,47.421052631578945,derelict_x2,1.0,2.0,5.0,True,2,2,1,False,complex_no_crossing,nan,nan,nan,True,15.15151515151515,-0.005592215784271323,-0.037500000000000006,-0.005,0.7757522499887273,
Shell_B_800km,0.14473684210526316,50.0,derelict_x2,1.0,2.0,5.0,True,2,2,1,False,complex_no_crossing,nan,nan,nan,True,15.15151515151515,-0.005505807998275497,-0.037500000000000006,-0.005,0.7645703749731183,
Shell_B_800km,0.19210526315789472,1.0,derelict_x2,1.0,2.0,5.0,True,2,67,8,False,complex_no_crossing,nan,nan,nan,True,671.7171717171717,-0.033456610137607534,-0.037500000000000006,-0.00031376115719583634,1.1035821660188958,
Shell_B_800km,0.19210526315789472,3.5789473684210527,derelict_x2,1.0,2.0,5.0,True,2,19,7,False,complex_no_crossing,nan,nan,nan,True,186.86868686868686,-0.03104156290341719,-0.037500000000000006,-0.0033242617737191203,1.1528976669651456,
Shell_B_800km,0.19210526315789472,6.157894736842105,derelict_x2,1.0,2.0,5.0,True,2,11,5,False,complex_no_crossing,nan,nan,nan,True,106.06060606060606,-0.022989238142170843,-0.037500000000000006,-0.004999999999999999,1.0954337079892866,
Shell_B_800km,0.19210526315789472,8.736842105263158,derelict_x2,1.0,2.0,5.0,True,2,8,4,False,complex_no_crossing,nan,nan,nan,True,75.75757575757575,-0.018859012000492087,-0.037500000000000006,-0.004999999999999999,1.0652387499576434,
Shell_B_800km,0.19210526315789472,11.31578947368421,derelict_x2,1.0,2.0,5.0,True,2,6,4,False,complex_no_crossing,nan,nan,nan,True,55.55555555555556,-0.01957933399804184,-0.037500000000000006,-0.004999999999999999,1.0343298750231043,
Shell_B_800km,0.19210526315789472,13.894736842105264,derelict_x2,1.0,2.0,5.0,True,2,5,3,False,complex_no_crossing,nan,nan,nan,True,45.45454545454545,-0.014639474937013406,-0.037500000000000006,-0.004999999999999999,1.0095908749499358,
Shell_B_800km,0.19210526315789472,16.473684210526315,derelict_x2,1.0,2.0,5.0,True,2,5,3,False,complex_no_crossing,nan,nan,nan,True,45.45454545454545,-0.015003068616421105,-0.037500000000000006,-0.0028661728272334278,0.9851037909975275,
Shell_B_800km,0.19210526315789472,19.05263157894737,derelict_x2,1.0,2.0,5.0,True,2,4,3,False,complex_no_crossing,nan,nan,nan,True,35.35353535353535,-0.015647862558869623,-0.037500000000000006,-0.004999999999999999,0.9853694170014933,
Shell_B_800km,0.19210526315789472,21.63157894736842,derelict_x2,1.0,2.0,5.0,True,2,4,2,False,complex_no_crossing,nan,nan,nan,True,35.35353535353535,-0.010104211906012742,-0.037500000000000006,-0.004999999999999999,1.0221869579982013,
Shell_B_800km,0.19210526315789472,24.210526315789473,derelict_x2,1.0,2.0,5.0,True,2,3,2,False,complex_no_crossing,nan,nan,nan,True,25.252525252525253,-0.01011894632462806,-0.037500000000000006,-0.004999999999999999,0.9179573750006966,
Shell_B_800km,0.19210526315789472,26.789473684210527,derelict_x2,1.0,2.0,5.0,True,2,3,2,False,complex_no_crossing,nan,nan,nan,True,25.252525252525253,-0.010176735529561037,-0.037500000000000006,-0.004999999999999999,0.8990165410214104,
Shell_B_800km,0.19210526315789472,29.36842105263158,derelict_x2,1.0,2.0,5.0,True,2,3,2,False,complex_no_crossing,nan,nan,nan,True,25.252525252525253,-0.010312252846783988,-0.037500000000000006,-0.004999999999999999,0.8715330419945531,
Shell_B_800km,0.19210526315789472,31.94736842105263,derelict_x2,1.0,2.0,5.0,True,2,3,2,False,complex_no_crossing,nan,nan,nan,True,25.252525252525253,-0.010626768079561356,-0.037500000000000006,-0.004999999999999999,0.8507310409913771,
Shell_B_800km,0.19210526315789472,34.526315789473685,derelict_x2,1.0,2.0,5.0,True,2,2,1,False,complex_no_crossing,nan,nan,nan,True,15.15151515151515,-0.006459713151715202,-0.037500000000000006,-0.004999999999999999,0.8475623750127852,
Shell_B_800km,0.19210526315789472,37.10526315789474,derelict_x2,1.0,2.0,5.0,True,2,2,1,False,complex_no_crossing,nan,nan,nan,True,15.15151515151515,-0.006370652602815901,-0.037500000000000006,-0.004999999999999999,0.8374605419812724,
Shell_B_800km,0.19210526315789472,39.68421052631579,derelict_x2,1.0,2.0,5.0,True,2,2,1,False,complex_no_crossing,nan,nan,nan,True,15.15151515151515,-0.006279957856720109,-0.037500000000000006,-0.004999999999999999,0.8217077910085209,
Shell_B_800km,0.19210526315789472,42.26315789473684,derelict_x2,1.0,2.0,5.0,True,2,2,1,False,complex_no_crossing,nan,nan,nan,True,15.15151515151515,-0.006187517572706829,-0.037500000000000006,-0.004999999999999999,0.8110022920300253,
Shell_B_800km,0.19210526315789472,44.8421052631579,derelict_x2,1.0,2.0,5.0,True,2,2,1,False,complex_no_crossing,nan,nan,nan,True,15.15151515151515,-0.006093206206717016,-0.037500000000000006,-0.004999999999999999,0.8688598750159144,
Shell_B_800km,0.19210526315789472,47.421052631578945,derelict_x2,1.0,2.0,5.0,True,2,2,1,False,complex_no_crossing,nan,nan,nan,True,15.15151515151515,-0.005996881277729004,-0.037500000000000006,-0.004999999999999999,0.8348392500192858,
Shell_B_800km,0.19210526315789472,50.0,derelict_x2,1.0,2.0,5.0,True,2,2,1,False,complex_no_crossing,nan,nan,nan,True,15.15151515151515,-0.00589837994545133,-0.037500000000000006,-0.004999999999999999,0.7789014580193907,
Shell_B_800km,0.23947368421052628,1.0,derelict_x2,1.0,2.0,5.0,True,2,66,8,False,complex_no_crossing,nan,nan,nan,True,661.6161616161614,-0.03403946589581701,-0.037500000000000006,-0.0024181596680640173,1.1328230000217445,
Shell_B_800km,0.23947368421052628,3.5789473684210527,derelict_x2,1.0,2.0,5.0,True,2,19,6,False,complex_no_crossing,nan,nan,nan,True,186.86868686868686,-0.027130705562139465,-0.037500000000000006,-0.0030556739576726864,1.1712563330074772,
Shell_B_800km,0.23947368421052628,6.157894736842105,derelict_x2,1.0,2.0,5.0,True,2,11,5,False,complex_no_crossing,nan,nan,nan,True,106.06060606060606,-0.02359630340478688,-0.037500000000000006,-0.005,1.1180851249955595,
Shell_B_800km,0.23947368421052628,8.736842105263158,derelict_x2,1.0,2.0,5.0,True,2,8,4,False,complex_no_crossing,nan,nan,nan,True,75.75757575757575,-0.019461012286931183,-0.037500000000000006,-0.005,1.090186250046827,
Shell_B_800km,0.23947368421052628,11.31578947368421,derelict_x2,1.0,2.0,5.0,True,2,6,4,False,complex_no_crossing,nan,nan,nan,True,55.55555555555556,-0.0202247384823478,-0.037500000000000006,-0.005,1.0649308749707416,
Shell_B_800km,0.23947368421052628,13.894736842105264,derelict_x2,1.0,2.0,5.0,True,2,5,3,False,complex_no_crossing,nan,nan,nan,True,45.45454545454545,-0.015231555127992187,-0.037500000000000006,-0.005,1.0464917499921285,
Shell_B_800km,0.23947368421052628,16.473684210526315,derelict_x2,1.0,2.0,5.0,True,2,4,3,False,complex_no_crossing,nan,nan,nan,True,35.35353535353535,-0.01563302019764182,-0.037500000000000006,-0.005,1.0051359999924898,
Shell_B_800km,0.23947368421052628,19.05263157894737,derelict_x2,1.0,2.0,5.0,True,2,4,2,False,complex_no_crossing,nan,nan,nan,True,35.35353535353535,-0.010647445715977009,-0.037500000000000006,-0.005,0.996905458974652,
Shell_B_800km,0.23947368421052628,21.63157894736842,derelict_x2,1.0,2.0,5.0,True,2,4,2,False,complex_no_crossing,nan,nan,nan,True,35.35353535353535,-0.010638874854444647,-0.037500000000000006,-0.00328147444474802,0.9603655830142088,
Shell_B_800km,0.23947368421052628,24.210526315789473,derelict_x2,1.0,2.0,5.0,True,2,3,2,False,complex_no_crossing,nan,nan,nan,True,25.252525252525253,-0.010663585494432023,-0.037500000000000006,-0.005,0.9509434579522349,
Shell_B_800km,0.23947368421052628,26.789473684210527,derelict_x2,1.0,2.0,5.0,True,2,3,2,False,complex_no_crossing,nan,nan,nan,True,25.252525252525253,-0.010743807313892803,-0.037500000000000006,-0.005,0.9269133750349283,
Shell_B_800km,0.23947368421052628,29.36842105263158,derelict_x2,1.0,2.0,5.0,True,2,3,2,False,complex_no_crossing,nan,nan,nan,True,25.252525252525253,-0.010931849589293954,-0.037500000000000006,-0.005,0.8982209580135532,
Shell_B_800km,0.23947368421052628,31.94736842105263,derelict_x2,1.0,2.0,5.0,True,2,3,1,False,complex_no_crossing,nan,nan,nan,True,25.252525252525253,-0.006955254281082832,-0.037500000000000006,-0.005,0.8794320420129225,
Shell_B_800km,0.23947368421052628,34.526315789473685,derelict_x2,1.0,2.0,5.0,True,2,2,1,False,complex_no_crossing,nan,nan,nan,True,15.15151515151515,-0.006858380734090569,-0.037500000000000006,-0.005,0.8756123330094852,
Shell_B_800km,0.23947368421052628,37.10526315789474,derelict_x2,1.0,2.0,5.0,True,2,2,1,False,complex_no_crossing,nan,nan,nan,True,15.15151515151515,-0.006759778484694348,-0.037500000000000006,-0.005,0.8707135840086266,
Shell_B_800km,0.23947368421052628,39.68421052631579,derelict_x2,1.0,2.0,5.0,True,2,2,1,False,complex_no_crossing,nan,nan,nan,True,15.15151515151515,-0.006659334072858411,-0.037500000000000006,-0.005,0.8471800420084037,
Shell_B_800km,0.23947368421052628,42.26315789473684,derelict_x2,1.0,2.0,5.0,True,2,2,1,False,complex_no_crossing,nan,nan,nan,True,15.15151515151515,-0.006556920814272501,-0.037500000000000006,-0.005,0.8748047919943929,
Shell_B_800km,0.23947368421052628,44.8421052631579,derelict_x2,1.0,2.0,5.0,True,2,2,1,False,complex_no_crossing,nan,nan,nan,True,15.15151515151515,-0.0064523967697939786,-0.037500000000000006,-0.005,0.8321791660273448,
Shell_B_800km,0.23947368421052628,47.421052631578945,derelict_x2,1.0,2.0,5.0,True,2,2,1,False,complex_no_crossing,nan,nan,nan,True,15.15151515151515,-0.006345602511540604,-0.037500000000000006,-0.005,0.9797660420299508,
Shell_B_800km,0.23947368421052628,50.0,derelict_x2,1.0,2.0,5.0,True,2,2,1,False,complex_no_crossing,nan,nan,nan,True,15.15151515151515,-0.0062363589035682645,-0.037500000000000006,-0.005,0.814478957967367,
Shell_B_800km,0.28684210526315784,1.0,derelict_x2,1.0,2.0,5.0,False,3,1,0,False,no_branch,nan,nan,nan,False,nan,nan,nan,nan,1.1509547909954563,
Shell_B_800km,0.28684210526315784,3.5789473684210527,derelict_x2,1.0,2.0,5.0,False,3,1,0,False,no_branch,nan,nan,nan,False,nan,nan,nan,nan,1.1868189580272883,
Shell_B_800km,0.28684210526315784,6.157894736842105,derelict_x2,1.0,2.0,5.0,False,3,1,0,False,no_branch,nan,nan,nan,False,nan,nan,nan,nan,1.1366420410340652,
Shell_B_800km,0.28684210526315784,8.736842105263158,derelict_x2,1.0,2.0,5.0,False,3,1,0,False,no_branch,nan,nan,nan,False,nan,nan,nan,nan,1.1130669580306858,
Shell_B_800km,0.28684210526315784,11.31578947368421,derelict_x2,1.0,2.0,5.0,False,3,1,0,False,no_branch,nan,nan,nan,False,nan,nan,nan,nan,1.093843208043836,
Shell_B_800km,0.28684210526315784,13.894736842105264,derelict_x2,1.0,2.0,5.0,False,3,1,0,False,no_branch,nan,nan,nan,False,nan,nan,nan,nan,1.1502127499552444,
Shell_B_800km,0.28684210526315784,16.473684210526315,derelict_x2,1.0,2.0,5.0,False,3,1,0,False,no_branch,nan,nan,nan,False,nan,nan,nan,nan,1.0554405840230174,
Shell_B_800km,0.28684210526315784,19.05263157894737,derelict_x2,1.0,2.0,5.0,False,3,1,0,False,no_branch,nan,nan,nan,False,nan,nan,nan,nan,1.042982624960132,
Shell_B_800km,0.28684210526315784,21.63157894736842,derelict_x2,1.0,2.0,5.0,False,3,1,0,False,no_branch,nan,nan,nan,False,nan,nan,nan,nan,1.0737642499734648,
Shell_B_800km,0.28684210526315784,24.210526315789473,derelict_x2,1.0,2.0,5.0,False,3,1,0,False,no_branch,nan,nan,nan,False,nan,nan,nan,nan,0.997110457974486,
Shell_B_800km,0.28684210526315784,26.789473684210527,derelict_x2,1.0,2.0,5.0,False,3,1,0,False,no_branch,nan,nan,nan,False,nan,nan,nan,nan,0.9724892500089481,
Shell_B_800km,0.28684210526315784,29.36842105263158,derelict_x2,1.0,2.0,5.0,False,3,1,0,False,no_branch,nan,nan,nan,False,nan,nan,nan,nan,0.9528007500339299,
Shell_B_800km,0.28684210526315784,31.94736842105263,derelict_x2,1.0,2.0,5.0,False,3,1,0,False,no_branch,nan,nan,nan,False,nan,nan,nan,nan,0.9277703330153599,
Shell_B_800km,0.28684210526315784,34.526315789473685,derelict_x2,1.0,2.0,5.0,False,3,1,0,False,no_branch,nan,nan,nan,False,nan,nan,nan,nan,0.9684044580208138,
Shell_B_800km,0.28684210526315784,37.10526315789474,derelict_x2,1.0,2.0,5.0,False,3,1,0,False,no_branch,nan,nan,nan,False,nan,nan,nan,nan,0.9273084589513019,
Shell_B_800km,0.28684210526315784,39.68421052631579,derelict_x2,1.0,2.0,5.0,False,3,1,0,False,no_branch,nan,nan,nan,False,nan,nan,nan,nan,0.9216077090241015,
Shell_B_800km,0.28684210526315784,42.26315789473684,derelict_x2,1.0,2.0,5.0,False,3,1,0,False,no_branch,nan,nan,nan,False,nan,nan,nan,nan,0.8583083330304362,
Shell_B_800km,0.28684210526315784,44.8421052631579,derelict_x2,1.0,2.0,5.0,False,3,1,0,False,no_branch,nan,nan,nan,False,nan,nan,nan,nan,0.8403154579573311,
Shell_B_800km,0.28684210526315784,47.421052631578945,derelict_x2,1.0,2.0,5.0,False,3,1,0,False,no_branch,nan,nan,nan,False,nan,nan,nan,nan,0.8358093329588883,
Shell_B_800km,0.28684210526315784,50.0,derelict_x2,1.0,2.0,5.0,False,3,1,0,False,no_branch,nan,nan,nan,False,nan,nan,nan,nan,0.9167372089577839,
Shell_B_800km,0.33421052631578946,1.0,derelict_x2,1.0,2.0,5.0,True,2,66,8,False,complex_no_crossing,nan,nan,nan,True,661.6161616161614,-0.03516069391634907,-0.037500000000000006,-0.0022169358745789394,1.1890278329956345,
Shell_B_800km,0.33421052631578946,3.5789473684210527,derelict_x2,1.0,2.0,5.0,True,2,19,6,False,complex_no_crossing,nan,nan,nan,True,186.86868686868686,-0.028269386509116166,-0.037500000000000006,-0.0024273923136174276,1.198243749968242,
Shell_B_800km,0.33421052631578946,6.157894736842105,derelict_x2,1.0,2.0,5.0,True,2,11,5,False,complex_no_crossing,nan,nan,nan,True,106.06060606060606,-0.024752701696239346,-0.037500000000000006,-0.004997958629876408,1.1451022920082323,
Shell_B_800km,0.33421052631578946,8.736842105263158,derelict_x2,1.0,2.0,5.0,True,2,8,4,False,complex_no_crossing,nan,nan,nan,True,75.75757575757575,-0.020600419160352018,-0.037500000000000006,-0.004999999999999999,1.1098929999861866,
Shell_B_800km,0.33421052631578946,11.31578947368421,derelict_x2,1.0,2.0,5.0,True,2,6,4,False,complex_no_crossing,nan,nan,nan,True,55.55555555555556,-0.021458842286167998,-0.037500000000000006,-0.004999999999999999,1.0889586670091376,
Shell_B_800km,0.33421052631578946,13.894736842105264,derelict_x2,1.0,2.0,5.0,True,2,5,3,False,complex_no_crossing,nan,nan,nan,True,45.45454545454545,-0.016344477241981334,-0.037500000000000006,-0.004999999999999999,1.0690981659572572,
Shell_B_800km,0.33421052631578946,16.473684210526315,derelict_x2,1.0,2.0,5.0,True,2,4,3,False,complex_no_crossing,nan,nan,nan,True,35.35353535353535,-0.016835015578151636,-0.037500000000000006,-0.004999999999999999,1.0354091670014895,
Shell_B_800km,0.33421052631578946,19.05263157894737,derelict_x2,1.0,2.0,5.0,True,2,4,2,False,complex_no_crossing,nan,nan,nan,True,35.35353535353535,-0.011616686498941427,-0.037500000000000006,-0.004999999999999999,1.019097000011243,
Shell_B_800km,0.33421052631578946,21.63157894736842,derelict_x2,1.0,2.0,5.0,True,2,3,2,False,complex_no_crossing,nan,nan,nan,True,25.252525252525253,-0.011621313101365601,-0.037500000000000006,-0.004999999999999999,0.9999765419634059,
Shell_B_800km,0.33421052631578946,24.210526315789473,derelict_x2,1.0,2.0,5.0,True,2,3,2,False,complex_no_crossing,nan,nan,nan,True,25.252525252525253,-0.01167608853900756,-0.037500000000000006,-0.004999999999999999,0.989438499964308,
Shell_B_800km,0.33421052631578946,26.789473684210527,derelict_x2,1.0,2.0,5.0,True,2,3,2,False,complex_no_crossing,nan,nan,nan,True,25.252525252525253,-0.011822683512391404,-0.037500000000000006,-0.004999999999999999,0.9583154579740949,
Shell_B_800km,0.33421052631578946,29.36842105263158,derelict_x2,1.0,2.0,5.0,True,2,3,2,False,complex_no_crossing,nan,nan,nan,True,25.252525252525253,-0.012186598769146038,-0.037500000000000006,-0.004999999999999999,0.9397084580268711,
Shell_B_800km,0.33421052631578946,31.94736842105263,derelict_x2,1.0,2.0,5.0,True,2,2,1,False,complex_no_crossing,nan,nan,nan,True,15.15151515151515,-0.00764874337948452,-0.037500000000000006,-0.004999999999999999,0.920400790986605,
Shell_B_800km,0.33421052631578946,34.526315789473685,derelict_x2,1.0,2.0,5.0,True,2,2,1,False,complex_no_crossing,nan,nan,nan,True,15.15151515151515,-0.007535576475853716,-0.037500000000000006,-0.004999999999999999,0.9070045409607701,
Shell_B_800km,0.33421052631578946,37.10526315789474,derelict_x2,1.0,2.0,5.0,True,2,2,1,False,complex_no_crossing,nan,nan,nan,True,15.15151515151515,-0.007420397849218262,-0.037500000000000006,-0.004999999999999999,0.8929830419947393,
Shell_B_800km,0.33421052631578946,39.68421052631579,derelict_x2,1.0,2.0,5.0,True,2,2,1,False,complex_no_crossing,nan,nan,nan,True,15.15151515151515,-0.007303090345626925,-0.037500000000000006,-0.004999999999999999,0.8835357499774545,
Shell_B_800km,0.33421052631578946,42.26315789473684,derelict_x2,1.0,2.0,5.0,True,2,2,1,False,complex_no_crossing,nan,nan,nan,True,15.15151515151515,-0.0071835319272647675,-0.037500000000000006,-0.004999999999999999,0.8686823339667171,
Shell_B_800km,0.33421052631578946,44.8421052631579,derelict_x2,1.0,2.0,5.0,True,2,2,1,False,complex_no_crossing,nan,nan,nan,True,15.15151515151515,-0.0070616007410655,-0.037500000000000006,-0.004999999999999999,0.8556897080270573,
Shell_B_800km,0.33421052631578946,47.421052631578945,derelict_x2,1.0,2.0,5.0,True,2,2,1,False,complex_no_crossing,nan,nan,nan,True,15.15151515151515,-0.0069371864098613355,-0.037500000000000006,-0.004999999999999999,0.8497789999819361,
Shell_B_800km,0.33421052631578946,50.0,derelict_x2,1.0,2.0,5.0,True,2,2,1,False,complex_no_crossing,nan,nan,nan,True,15.15151515151515,-0.006810215071279067,-0.037500000000000006,-0.004999999999999999,0.9510759169934317,
Shell_B_800km,0.381578947368421,1.0,derelict_x2,1.0,2.0,5.0,True,2,66,8,False,complex_no_crossing,nan,nan,nan,True,661.6161616161614,-0.03570099711147002,-0.037500000000000006,-0.0021087925712529277,1.1995137090561911,
Shell_B_800km,0.381578947368421,3.5789473684210527,derelict_x2,1.0,2.0,5.0,True,2,19,6,False,complex_no_crossing,nan,nan,nan,True,186.86868686868686,-0.028814998546053894,-0.037500000000000006,-0.0020408204516134897,1.1712551669916138,
Shell_B_800km,0.381578947368421,6.157894736842105,derelict_x2,1.0,2.0,5.0,True,2,11,5,False,complex_no_crossing,nan,nan,nan,True,106.06060606060606,-0.025305425397683982,-0.037500000000000006,-0.004681313119184567,1.1335310419672169,
Shell_B_800km,0.381578947368421,8.736842105263158,derelict_x2,1.0,2.0,5.0,True,2,8,4,False,complex_no_crossing,nan,nan,nan,True,75.75757575757575,-0.021142238945323126,-0.037500000000000006,-0.004813099548608927,1.103096959006507,
Shell_B_800km,0.381578947368421,11.31578947368421,derelict_x2,1.0,2.0,5.0,True,2,6,4,False,complex_no_crossing,nan,nan,nan,True,55.55555555555556,-0.022052021715649447,-0.037500000000000006,-0.005,1.087626457971055,
Shell_B_800km,0.381578947368421,13.894736842105264,derelict_x2,1.0,2.0,5.0,True,2,5,3,False,complex_no_crossing,nan,nan,nan,True,45.45454545454545,-0.016871503698002784,-0.037500000000000006,-0.005,1.124491750029847,
Shell_B_800km,0.381578947368421,16.473684210526315,derelict_x2,1.0,2.0,5.0,True,2,4,3,False,complex_no_crossing,nan,nan,nan,True,35.35353535353535,-0.017413840534282955,-0.037500000000000006,-0.005,1.0284952920046635,
Shell_B_800km,0.381578947368421,19.05263157894737,derelict_x2,1.0,2.0,5.0,True,2,4,2,False,complex_no_crossing,nan,nan,nan,True,35.35353535353535,-0.012064693101560078,-0.037500000000000006,-0.005,1.027984499989543,
Shell_B_800km,0.381578947368421,21.63157894736842,derelict_x2,1.0,2.0,5.0,True,2,3,2,False,complex_no_crossing,nan,nan,nan,True,25.252525252525253,-0.012078952548725853,-0.037500000000000006,-0.005,1.0018308750004508,
Shell_B_800km,0.381578947368421,24.210526315789473,derelict_x2,1.0,2.0,5.0,True,2,3,2,False,complex_no_crossing,nan,nan,nan,True,25.252525252525253,-0.012154363693498892,-0.037500000000000006,-0.005,0.9877032089862041,
Shell_B_800km,0.381578947368421,26.789473684210527,derelict_x2,1.0,2.0,5.0,True,2,3,2,False,complex_no_crossing,nan,nan,nan,True,25.252525252525253,-0.012348070330175643,-0.037500000000000006,-0.005,0.9495890410034917,
Shell_B_800km,0.381578947368421,29.36842105263158,derelict_x2,1.0,2.0,5.0,True,2,3,1,False,complex_no_crossing,nan,nan,nan,True,25.252525252525253,-0.008070994511322458,-0.037500000000000006,-0.005,0.928635457996279,
Shell_B_800km,0.381578947368421,31.94736842105263,derelict_x2,1.0,2.0,5.0,True,2,2,1,False,complex_no_crossing,nan,nan,nan,True,15.15151515151515,-0.007952644416672396,-0.037500000000000006,-0.005,0.9160224169609137,
Shell_B_800km,0.381578947368421,34.526315789473685,derelict_x2,1.0,2.0,5.0,True,2,2,1,False,complex_no_crossing,nan,nan,nan,True,15.15151515151515,-0.007832311207506762,-0.037500000000000006,-0.005,0.9047283750260249,
Shell_B_800km,0.381578947368421,37.10526315789474,derelict_x2,1.0,2.0,5.0,True,2,2,1,False,complex_no_crossing,nan,nan,nan,True,15.15151515151515,-0.007709895653755296,-0.037500000000000006,-0.005,0.887814208981581,
Shell_B_800km,0.381578947368421,39.68421052631579,derelict_x2,1.0,2.0,5.0,True,2,2,1,False,complex_no_crossing,nan,nan,nan,True,15.15151515151515,-0.007585300774837406,-0.037500000000000006,-0.005,0.8771739999647252,
Shell_B_800km,0.381578947368421,42.26315789473684,derelict_x2,1.0,2.0,5.0,True,2,2,1,False,complex_no_crossing,nan,nan,nan,True,15.15151515151515,-0.007458440533281707,-0.037500000000000006,-0.005,0.875407624989748,
Shell_B_800km,0.381578947368421,44.8421052631579,derelict_x2,1.0,2.0,5.0,True,2,2,1,False,complex_no_crossing,nan,nan,nan,True,15.15151515151515,-0.0073292572484615695,-0.037500000000000006,-0.005,0.8549977919901721,
Shell_B_800km,0.381578947368421,47.421052631578945,derelict_x2,1.0,2.0,5.0,True,2,2,1,False,complex_no_crossing,nan,nan,nan,True,15.15151515151515,-0.007197757607525831,-0.037500000000000006,-0.005,0.8466794170089997,
Shell_B_800km,0.381578947368421,50.0,derelict_x2,1.0,2.0,5.0,True,2,2,1,False,complex_no_crossing,nan,nan,nan,True,15.15151515151515,-0.0070640916276996524,-0.037500000000000006,-0.005,0.8399860829813406,
Shell_B_800km,0.4289473684210526,1.0,derelict_x2,1.0,2.0,5.0,True,2,66,8,False,complex_no_crossing,nan,nan,nan,True,661.6161616161614,-0.03622888812220596,-0.037500000000000006,-0.0019945702539212106,1.1299871250521392,
Shell_B_800km,0.4289473684210526,3.5789473684210527,derelict_x2,1.0,2.0,5.0,True,2,19,6,False,complex_no_crossing,nan,nan,nan,True,186.86868686868686,-0.029346357633551416,-0.037500000000000006,-0.0015613638008805436,1.1787753340322524,
Shell_B_800km,0.4289473684210526,6.157894736842105,derelict_x2,1.0,2.0,5.0,True,2,11,5,False,complex_no_crossing,nan,nan,nan,True,106.06060606060606,-0.025843064209068945,-0.037500000000000006,-0.004341399934256668,1.1368017920176499,
Shell_B_800km,0.4289473684210526,8.736842105263158,derelict_x2,1.0,2.0,5.0,True,2,8,4,False,complex_no_crossing,nan,nan,nan,True,75.75757575757575,-0.021667880710940318,-0.037500000000000006,-0.0043074823735576775,1.1066134170396253,
Shell_B_800km,0.4289473684210526,11.31578947368421,derelict_x2,1.0,2.0,5.0,True,2,6,4,False,complex_no_crossing,nan,nan,nan,True,55.55555555555556,-0.02263176916347561,-0.037500000000000006,-0.005000000000000001,1.0873949999804609,
Shell_B_800km,0.4289473684210526,13.894736842105264,derelict_x2,1.0,2.0,5.0,True,2,5,3,False,complex_no_crossing,nan,nan,nan,True,45.45454545454545,-0.01738217881797053,-0.037500000000000006,-0.005000000000000001,1.1393861249671318,
Shell_B_800km,0.4289473684210526,16.473684210526315,derelict_x2,1.0,2.0,5.0,True,2,4,3,False,complex_no_crossing,nan,nan,nan,True,35.35353535353535,-0.017981673909639485,-0.037500000000000006,-0.005000000000000001,1.0524957500165328,
Shell_B_800km,0.4289473684210526,19.05263157894737,derelict_x2,1.0,2.0,5.0,True,2,4,2,False,complex_no_crossing,nan,nan,nan,True,35.35353535353535,-0.012493112093811504,-0.037500000000000006,-0.005000000000000001,1.0498562079737894,
Shell_B_800km,0.4289473684210526,21.63157894736842,derelict_x2,1.0,2.0,5.0,True,2,3,2,False,complex_no_crossing,nan,nan,nan,True,25.252525252525253,-0.01251910124861633,-0.037500000000000006,-0.005000000000000001,1.0209388749790378,
Shell_B_800km,0.4289473684210526,24.210526315789473,derelict_x2,1.0,2.0,5.0,True,2,3,2,False,complex_no_crossing,nan,nan,nan,True,25.252525252525253,-0.012619426265834392,-0.037500000000000006,-0.005000000000000001,0.9850407500052825,
Shell_B_800km,0.4289473684210526,26.789473684210527,derelict_x2,1.0,2.0,5.0,True,2,3,2,False,complex_no_crossing,nan,nan,nan,True,25.252525252525253,-0.012872859238498843,-0.037500000000000006,-0.005000000000000001,0.967660624999553,
Shell_B_800km,0.4289473684210526,29.36842105263158,derelict_x2,1.0,2.0,5.0,True,2,3,1,False,complex_no_crossing,nan,nan,nan,True,25.252525252525253,-0.008360373091789863,-0.037500000000000006,-0.004947140670064722,0.9441624999744818,
Shell_B_800km,0.4289473684210526,31.94736842105263,derelict_x2,1.0,2.0,5.0,True,2,2,1,False,complex_no_crossing,nan,nan,nan,True,15.15151515151515,-0.00823547393400477,-0.037500000000000006,-0.005000000000000001,0.9254846249823458,
Shell_B_800km,0.4289473684210526,34.526315789473685,derelict_x2,1.0,2.0,5.0,True,2,2,1,False,complex_no_crossing,nan,nan,nan,True,15.15151515151515,-0.008108557304445527,-0.037500000000000006,-0.005000000000000001,0.9182827080367133,
Shell_B_800km,0.4289473684210526,37.10526315789474,derelict_x2,1.0,2.0,5.0,True,2,2,1,False,complex_no_crossing,nan,nan,nan,True,15.15151515151515,-0.007979550437209822,-0.037500000000000006,-0.005000000000000001,0.8994930839980952,
Shell_B_800km,0.4289473684210526,39.68421052631579,derelict_x2,1.0,2.0,5.0,True,2,2,1,False,complex_no_crossing,nan,nan,nan,True,15.15151515151515,-0.007848400521567498,-0.037500000000000006,-0.005000000000000001,0.8953126249834895,
Shell_B_800km,0.4289473684210526,42.26315789473684,derelict_x2,1.0,2.0,5.0,True,2,2,1,False,complex_no_crossing,nan,nan,nan,True,15.15151515151515,-0.007715096500468339,-0.037500000000000006,-0.005000000000000001,0.8890464580035768,
Shell_B_800km,0.4289473684210526,44.8421052631579,derelict_x2,1.0,2.0,5.0,True,2,2,1,False,complex_no_crossing,nan,nan,nan,True,15.15151515151515,-0.007579712283619642,-0.037500000000000006,-0.005000000000000001,0.867044749960769,
Shell_B_800km,0.4289473684210526,47.421052631578945,derelict_x2,1.0,2.0,5.0,True,2,2,1,False,complex_no_crossing,nan,nan,nan,True,15.15151515151515,-0.007442497998752237,-0.037500000000000006,-0.005000000000000001,0.8518969580181874,
Shell_B_800km,0.4289473684210526,50.0,derelict_x2,1.0,2.0,5.0,True,2,2,1,False,complex_no_crossing,nan,nan,nan,True,15.15151515151515,-0.007304091461023176,-0.037500000000000006,-0.005000000000000001,0.8571120830019936,
Shell_B_800km,0.47631578947368414,1.0,derelict_x2,1.0,2.0,5.0,True,2,66,8,False,complex_no_crossing,nan,nan,nan,True,661.6161616161614,-0.036745112558943645,-0.037500000000000006,-0.0018731722369174915,1.13200699997833,
Shell_B_800km,0.47631578947368414,3.5789473684210527,derelict_x2,1.0,2.0,5.0,True,2,19,6,False,complex_no_crossing,nan,nan,nan,True,186.86868686868686,-0.029864475224017115,-0.037500000000000006,-0.0008457553253541799,1.2358307920512743,
Shell_B_800km,0.47631578947368414,6.157894736842105,derelict_x2,1.0,2.0,5.0,True,2,11,5,False,complex_no_crossing,nan,nan,nan,True,106.06060606060606,-0.026366824987872736,-0.037500000000000006,-0.003972831172113108,1.1479531659861095,
Shell_B_800km,0.47631578947368414,8.736842105263158,derelict_x2,1.0,2.0,5.0,True,2,8,4,False,complex_no_crossing,nan,nan,nan,True,75.75757575757575,-0.022178844028198457,-0.037500000000000006,-0.0037418272125720126,1.1155118749593385,
Shell_B_800km,0.47631578947368414,11.31578947368421,derelict_x2,1.0,2.0,5.0,True,2,6,3,False,complex_no_crossing,nan,nan,nan,True,55.55555555555556,-0.017519885402894602,-0.037500000000000006,-0.005,1.0942498340154998,
Shell_B_800km,0.47631578947368414,13.894736842105264,derelict_x2,1.0,2.0,5.0,True,2,5,3,False,complex_no_crossing,nan,nan,nan,True,45.45454545454545,-0.017878487404946707,-0.037500000000000006,-0.005,1.0831982079544105,
Shell_B_800km,0.47631578947368414,16.473684210526315,derelict_x2,1.0,2.0,5.0,True,2,4,3,False,complex_no_crossing,nan,nan,nan,True,35.35353535353535,-0.018540992575421536,-0.037500000000000006,-0.005,1.0523532499792054,
Shell_B_800km,0.47631578947368414,19.05263157894737,derelict_x2,1.0,2.0,5.0,True,2,4,2,False,complex_no_crossing,nan,nan,nan,True,35.35353535353535,-0.012904684737399634,-0.037500000000000006,-0.005,1.0427405829541385,
Shell_B_800km,0.47631578947368414,21.63157894736842,derelict_x2,1.0,2.0,5.0,True,2,3,2,False,complex_no_crossing,nan,nan,nan,True,25.252525252525253,-0.01294459654403354,-0.037500000000000006,-0.005,1.0348944169818424,
Shell_B_800km,0.47631578947368414,24.210526315789473,derelict_x2,1.0,2.0,5.0,True,2,3,2,False,complex_no_crossing,nan,nan,nan,True,25.252525252525253,-0.013074676574045397,-0.037500000000000006,-0.005,1.0173931250465102,
Shell_B_800km,0.47631578947368414,26.789473684210527,derelict_x2,1.0,2.0,5.0,True,2,3,2,False,complex_no_crossing,nan,nan,nan,True,25.252525252525253,-0.013404517619426006,-0.037500000000000006,-0.005,0.982797208998818,
Shell_B_800km,0.47631578947368414,29.36842105263158,derelict_x2,1.0,2.0,5.0,True,2,3,1,False,complex_no_crossing,nan,nan,nan,True,25.252525252525253,-0.008631869603940912,-0.037500000000000006,-0.0020079677230606476,0.975873582996428,
Shell_B_800km,0.47631578947368414,31.94736842105263,derelict_x2,1.0,2.0,5.0,True,2,2,1,False,complex_no_crossing,nan,nan,nan,True,15.15151515151515,-0.008500926254983523,-0.037500000000000006,-0.005,0.9514965830021538,
Shell_B_800km,0.47631578947368414,34.526315789473685,derelict_x2,1.0,2.0,5.0,True,2,2,1,False,complex_no_crossing,nan,nan,nan,True,15.15151515151515,-0.00836798704098722,-0.037500000000000006,-0.005,0.9416072919848375,
Shell_B_800km,0.47631578947368414,37.10526315789474,derelict_x2,1.0,2.0,5.0,True,2,2,1,False,complex_no_crossing,nan,nan,nan,True,15.15151515151515,-0.0082330267511303,-0.037500000000000006,-0.005,0.9291721659828909,
Shell_B_800km,0.47631578947368414,39.68421052631579,derelict_x2,1.0,2.0,5.0,True,2,2,1,False,complex_no_crossing,nan,nan,nan,True,15.15151515151515,-0.008096070728199244,-0.037500000000000006,-0.005,0.9161457499722019,
Shell_B_800km,0.47631578947368414,42.26315789473684,derelict_x2,1.0,2.0,5.0,True,2,2,1,False,complex_no_crossing,nan,nan,nan,True,15.15151515151515,-0.007957241052034492,-0.037500000000000006,-0.005,0.9005567079875618,
Shell_B_800km,0.47631578947368414,44.8421052631579,derelict_x2,1.0,2.0,5.0,True,2,2,1,False,complex_no_crossing,nan,nan,nan,True,15.15151515151515,-0.007816850693097059,-0.037500000000000006,-0.005,0.8904829999664798,
Shell_B_800km,0.47631578947368414,47.421052631578945,derelict_x2,1.0,2.0,5.0,True,2,2,1,False,complex_no_crossing,nan,nan,nan,True,15.15151515151515,-0.007675613180512777,-0.037500000000000006,-0.005,0.8784089999971911,
Shell_B_800km,0.47631578947368414,50.0,derelict_x2,1.0,2.0,5.0,True,2,2,1,False,complex_no_crossing,nan,nan,nan,True,15.15151515151515,-0.007535174167866329,-0.037500000000000006,-0.005,0.8646740830154158,
Shell_B_800km,0.5236842105263158,1.0,derelict_x2,1.0,2.0,5.0,True,2,66,8,False,complex_no_crossing,nan,nan,nan,True,661.6161616161614,-0.03725034759502376,-0.037500000000000006,-0.0017431170198632965,1.1445135840331204,
Shell_B_800km,0.5236842105263158,3.5789473684210527,derelict_x2,1.0,2.0,5.0,True,2,18,6,False,complex_no_crossing,nan,nan,nan,True,176.76767676767676,-0.030370255014891122,-0.037500000000000006,-0.004964402118796343,1.1964691249886528,
Shell_B_800km,0.5236842105263158,6.157894736842105,derelict_x2,1.0,2.0,5.0,True,2,11,5,False,complex_no_crossing,nan,nan,nan,True,106.06060606060606,-0.026877773939639367,-0.037500000000000006,-0.0035674039435658815,1.2339597910176963,
Shell_B_800km,0.5236842105263158,8.736842105263158,derelict_x2,1.0,2.0,5.0,True,2,8,4,False,complex_no_crossing,nan,nan,nan,True,75.75757575757575,-0.022676434204972715,-0.037500000000000006,-0.0030849505679193,1.1469302089535631,
Shell_B_800km,0.5236842105263158,11.31578947368421,derelict_x2,1.0,2.0,5.0,True,2,6,3,False,complex_no_crossing,nan,nan,nan,True,55.55555555555556,-0.017974499177757414,-0.037500000000000006,-0.005,1.170166291994974,
Shell_B_800km,0.5236842105263158,13.894736842105264,derelict_x2,1.0,2.0,5.0,True,2,5,3,False,complex_no_crossing,nan,nan,nan,True,45.45454545454545,-0.018362133211025027,-0.037500000000000006,-0.005,1.0978927499963902,
Shell_B_800km,0.5236842105263158,16.473684210526315,derelict_x2,1.0,2.0,5.0,True,2,4,2,False,complex_no_crossing,nan,nan,nan,True,35.35353535353535,-0.013304573799120142,-0.037500000000000006,-0.005,1.076733041962143,
Shell_B_800km,0.5236842105263158,19.05263157894737,derelict_x2,1.0,2.0,5.0,True,2,4,2,False,complex_no_crossing,nan,nan,nan,True,35.35353535353535,-0.013301667202930616,-0.037500000000000006,-0.005,1.0684111249865964,
Shell_B_800km,0.5236842105263158,21.63157894736842,derelict_x2,1.0,2.0,5.0,True,2,3,2,False,complex_no_crossing,nan,nan,nan,True,25.252525252525253,-0.013357820653726094,-0.037500000000000006,-0.005,1.0470842080540024,
Shell_B_800km,0.5236842105263158,24.210526315789473,derelict_x2,1.0,2.0,5.0,True,2,3,2,False,complex_no_crossing,nan,nan,nan,True,25.252525252525253,-0.013523220741259695,-0.037500000000000006,-0.005,1.0440855419728905,
Shell_B_800km,0.5236842105263158,26.789473684210527,derelict_x2,1.0,2.0,5.0,True,2,3,1,False,complex_no_crossing,nan,nan,nan,True,25.252525252525253,-0.009022899559906343,-0.037500000000000006,-0.005,1.045465792005416,
Shell_B_800km,0.5236842105263158,29.36842105263158,derelict_x2,1.0,2.0,5.0,True,2,2,1,False,complex_no_crossing,nan,nan,nan,True,15.15151515151515,-0.00888830338694864,-0.037500000000000006,-0.005,0.9987239589681849,
Shell_B_800km,0.5236842105263158,31.94736842105263,derelict_x2,1.0,2.0,5.0,True,2,2,1,False,complex_no_crossing,nan,nan,nan,True,15.15151515151515,-0.008751803303357938,-0.037500000000000006,-0.005,0.9701032500015572,
Shell_B_800km,0.5236842105263158,34.526315789473685,derelict_x2,1.0,2.0,5.0,True,2,2,1,False,complex_no_crossing,nan,nan,nan,True,15.15151515151515,-0.008613394935356344,-0.037500000000000006,-0.005,0.9642872919794172,
Shell_B_800km,0.5236842105263158,37.10526315789474,derelict_x2,1.0,2.0,5.0,True,2,2,1,False,complex_no_crossing,nan,nan,nan,True,15.15151515151515,-0.008473128769968322,-0.037500000000000006,-0.005,0.9467622080119327,
Shell_B_800km,0.5236842105263158,39.68421052631579,derelict_x2,1.0,2.0,5.0,True,2,2,1,False,complex_no_crossing,nan,nan,nan,True,15.15151515151515,-0.008331155719877383,-0.037500000000000006,-0.005,0.9372619579662569,
Shell_B_800km,0.5236842105263158,42.26315789473684,derelict_x2,1.0,2.0,5.0,True,2,2,1,False,complex_no_crossing,nan,nan,nan,True,15.15151515151515,-0.008187816846777905,-0.037500000000000006,-0.005,0.9361745830392465,
Shell_B_800km,0.5236842105263158,44.8421052631579,derelict_x2,1.0,2.0,5.0,True,2,2,1,False,complex_no_crossing,nan,nan,nan,True,15.15151515151515,-0.008043834995188348,-0.037500000000000006,-0.005,0.912307291990146,
Shell_B_800km,0.5236842105263158,47.421052631578945,derelict_x2,1.0,2.0,5.0,True,2,2,1,False,complex_no_crossing,nan,nan,nan,True,15.15151515151515,-0.007900774509631791,-0.037500000000000006,-0.005,0.9037407080177218,
Shell_B_800km,0.5236842105263158,50.0,derelict_x2,1.0,2.0,5.0,True,2,2,1,False,complex_no_crossing,nan,nan,nan,True,15.15151515151515,-0.007762358805892791,-0.037500000000000006,-0.005,0.9197098329896107,
Shell_B_800km,0.5710526315789474,1.0,derelict_x2,1.0,2.0,5.0,True,2,66,8,False,complex_no_crossing,nan,nan,nan,True,661.6161616161614,-0.03774521024211536,-0.037500000000000006,-0.0016023179763167085,1.2854745830409229,
Shell_B_800km,0.5710526315789474,3.5789473684210527,derelict_x2,1.0,2.0,5.0,True,2,18,6,False,complex_no_crossing,nan,nan,nan,True,176.76767676767676,-0.030864507962581642,-0.037500000000000006,-0.00479455013671991,1.2139110420248471,
Shell_B_800km,0.5710526315789474,6.157894736842105,derelict_x2,1.0,2.0,5.0,True,2,11,5,False,complex_no_crossing,nan,nan,nan,True,106.06060606060606,-0.027376858005166885,-0.037500000000000006,-0.003111578646204118,1.1790136250201613,
Shell_B_800km,0.5710526315789474,8.736842105263158,derelict_x2,1.0,2.0,5.0,True,2,8,4,False,complex_no_crossing,nan,nan,nan,True,75.75757575757575,-0.023161795202087804,-0.037500000000000006,-0.0022620805788918104,1.159275832993444,
Shell_B_800km,0.5710526315789474,11.31578947368421,derelict_x2,1.0,2.0,5.0,True,2,6,3,False,complex_no_crossing,nan,nan,nan,True,55.55555555555556,-0.01841593572932551,-0.037500000000000006,-0.005,1.1491316249594092,
Shell_B_800km,0.5710526315789474,13.894736842105264,derelict_x2,1.0,2.0,5.0,True,2,5,3,False,complex_no_crossing,nan,nan,nan,True,45.45454545454545,-0.018834594906858664,-0.037500000000000006,-0.005,1.1227977080270648,
Shell_B_800km,0.5710526315789474,16.473684210526315,derelict_x2,1.0,2.0,5.0,True,2,4,2,False,complex_no_crossing,nan,nan,nan,True,35.35353535353535,-0.013679787214472201,-0.037500000000000006,-0.005,1.0869808749994263,
Shell_B_800km,0.5710526315789474,19.05263157894737,derelict_x2,1.0,2.0,5.0,True,2,4,2,False,complex_no_crossing,nan,nan,nan,True,35.35353535353535,-0.013685946027626988,-0.037500000000000006,-0.004122779755234632,1.0833814580109902,
Shell_B_800km,0.5710526315789474,21.63157894736842,derelict_x2,1.0,2.0,5.0,True,2,3,2,False,complex_no_crossing,nan,nan,nan,True,25.252525252525253,-0.013760816988661087,-0.037500000000000006,-0.005,1.074852625024505,
Shell_B_800km,0.5710526315789474,24.210526315789473,derelict_x2,1.0,2.0,5.0,True,2,3,2,False,complex_no_crossing,nan,nan,nan,True,25.252525252525253,-0.013968036757402167,-0.037500000000000006,-0.005,1.0512435829732567,
Shell_B_800km,0.5710526315789474,26.789473684210527,derelict_x2,1.0,2.0,5.0,True,2,3,1,False,complex_no_crossing,nan,nan,nan,True,25.252525252525253,-0.00927164439575444,-0.037500000000000006,-0.005,1.0366640830179676,
Shell_B_800km,0.5710526315789474,29.36842105263158,derelict_x2,1.0,2.0,5.0,True,2,2,1,False,complex_no_crossing,nan,nan,nan,True,15.15151515151515,-0.00913187522957861,-0.037500000000000006,-0.005,1.0183672500425018,
Shell_B_800km,0.5710526315789474,31.94736842105263,derelict_x2,1.0,2.0,5.0,True,2,2,1,False,complex_no_crossing,nan,nan,nan,True,15.15151515151515,-0.008990297451972377,-0.037500000000000006,-0.005,0.9996980829746462,
Shell_B_800km,0.5710526315789474,34.526315789473685,derelict_x2,1.0,2.0,5.0,True,2,2,1,False,complex_no_crossing,nan,nan,nan,True,15.15151515151515,-0.008846976426756657,-0.037500000000000006,-0.005,0.9805756249697879,
Shell_B_800km,0.5710526315789474,37.10526315789474,derelict_x2,1.0,2.0,5.0,True,2,2,1,False,complex_no_crossing,nan,nan,nan,True,15.15151515151515,-0.008702075465587001,-0.037500000000000006,-0.005,0.9651486669899896,
Shell_B_800km,0.5710526315789474,39.68421052631579,derelict_x2,1.0,2.0,5.0,True,2,2,1,False,complex_no_crossing,nan,nan,nan,True,15.15151515151515,-0.0085559366433097,-0.037500000000000006,-0.005,0.9669332499615848,
Shell_B_800km,0.5710526315789474,42.26315789473684,derelict_x2,1.0,2.0,5.0,True,2,2,1,False,complex_no_crossing,nan,nan,nan,True,15.15151515151515,-0.008409246285712109,-0.037500000000000006,-0.005,0.9505114579806104,
Shell_B_800km,0.5710526315789474,44.8421052631579,derelict_x2,1.0,2.0,5.0,True,2,2,1,False,complex_no_crossing,nan,nan,nan,True,15.15151515151515,-0.008263410337560988,-0.037500000000000006,-0.005,0.9531914579565637,
Shell_B_800km,0.5710526315789474,47.421052631578945,derelict_x2,1.0,2.0,5.0,True,2,2,1,False,complex_no_crossing,nan,nan,nan,True,15.15151515151515,-0.008121544618294708,-0.037500000000000006,-0.005,0.9343859999789856,
Shell_B_800km,0.5710526315789474,50.0,derelict_x2,1.0,2.0,5.0,True,2,2,1,False,complex_no_crossing,nan,nan,nan,True,15.15151515151515,-0.007991823183562743,-0.037500000000000006,-0.005,0.9254848329583183,
Shell_B_800km,0.618421052631579,1.0,derelict_x2,1.0,2.0,5.0,True,2,66,8,False,complex_no_crossing,nan,nan,nan,True,661.6161616161614,-0.0382302643994153,-0.037500000000000006,-0.0014476681608771198,1.219907750026323,
Shell_B_800km,0.618421052631579,3.5789473684210527,derelict_x2,1.0,2.0,5.0,True,2,18,6,False,complex_no_crossing,nan,nan,nan,True,176.76767676767676,-0.0313479647456808,-0.037500000000000006,-0.0046175555497552185,1.221564791048877,
Shell_B_800km,0.618421052631579,6.157894736842105,derelict_x2,1.0,2.0,5.0,True,2,11,5,False,complex_no_crossing,nan,nan,nan,True,106.06060606060606,-0.02786492229630638,-0.037500000000000006,-0.0025799690356875155,1.188761874975171,
Shell_B_800km,0.618421052631579,8.736842105263158,derelict_x2,1.0,2.0,5.0,True,2,8,4,False,complex_no_crossing,nan,nan,nan,True,75.75757575757575,-0.023635935801953813,-0.037500000000000006,-0.0009139214813788486,1.1833873330033384,
Shell_B_800km,0.618421052631579,11.31578947368421,derelict_x2,1.0,2.0,5.0,True,2,6,3,False,complex_no_crossing,nan,nan,nan,True,55.55555555555556,-0.018845436900137544,-0.037500000000000006,-0.005,1.156834917026572,
Shell_B_800km,0.618421052631579,13.894736842105264,derelict_x2,1.0,2.0,5.0,True,2,5,3,False,complex_no_crossing,nan,nan,nan,True,45.45454545454545,-0.019297169134157265,-0.037500000000000006,-0.005,1.1388602089718916,
Shell_B_800km,0.618421052631579,16.473684210526315,derelict_x2,1.0,2.0,5.0,True,2,4,2,False,complex_no_crossing,nan,nan,nan,True,35.35353535353535,-0.014042581003456199,-0.037500000000000006,-0.005,1.1072587909875438,
Shell_B_800km,0.618421052631579,19.05263157894737,derelict_x2,1.0,2.0,5.0,True,2,4,2,False,complex_no_crossing,nan,nan,nan,True,35.35353535353535,-0.014059120961450152,-0.037500000000000006,-0.002506579155877519,1.105822834011633,
Shell_B_800km,0.618421052631579,21.63157894736842,derelict_x2,1.0,2.0,5.0,True,2,3,2,False,complex_no_crossing,nan,nan,nan,True,25.252525252525253,-0.014155375710522004,-0.037500000000000006,-0.005,1.0985499590169638,
Shell_B_800km,0.618421052631579,24.210526315789473,derelict_x2,1.0,2.0,5.0,True,2,3,2,False,complex_no_crossing,nan,nan,nan,True,25.252525252525253,-0.014412135564836111,-0.037500000000000006,-0.005,1.0722040420514531,
Shell_B_800km,0.618421052631579,26.789473684210527,derelict_x2,1.0,2.0,5.0,True,2,3,1,False,complex_no_crossing,nan,nan,nan,True,25.252525252525253,-0.00950887418808425,-0.037500000000000006,-0.005,1.05828554200707,
Shell_B_800km,0.618421052631579,29.36842105263158,derelict_x2,1.0,2.0,5.0,True,2,2,1,False,complex_no_crossing,nan,nan,nan,True,15.15151515151515,-0.009364346616451313,-0.037500000000000006,-0.005,1.0496751670143567,
Shell_B_800km,0.618421052631579,31.94736842105263,derelict_x2,1.0,2.0,5.0,True,2,2,1,False,complex_no_crossing,nan,nan,nan,True,15.15151515151515,-0.009218168186302389,-0.037500000000000006,-0.005,1.0292106670094654,
Shell_B_800km,0.618421052631579,34.526315789473685,derelict_x2,1.0,2.0,5.0,True,2,2,1,False,complex_no_crossing,nan,nan,nan,True,15.15151515151515,-0.009070502260700912,-0.037500000000000006,-0.005,1.0040877910214476,
Shell_B_800km,0.618421052631579,37.10526315789474,derelict_x2,1.0,2.0,5.0,True,2,2,1,False,complex_no_crossing,nan,nan,nan,True,15.15151515151515,-0.008921673596298215,-0.037500000000000006,-0.005,0.9932344580302015,
Shell_B_800km,0.618421052631579,39.68421052631579,derelict_x2,1.0,2.0,5.0,True,2,2,1,False,complex_no_crossing,nan,nan,nan,True,15.15151515151515,-0.008772305802861667,-0.037500000000000006,-0.005,0.9891024159733206,
Shell_B_800km,0.618421052631579,42.26315789473684,derelict_x2,1.0,2.0,5.0,True,2,2,1,False,complex_no_crossing,nan,nan,nan,True,15.15151515151515,-0.008623616664287192,-0.037500000000000006,-0.005,1.0283881250070408,
Shell_B_800km,0.618421052631579,44.8421052631579,derelict_x2,1.0,2.0,5.0,True,2,2,1,False,complex_no_crossing,nan,nan,nan,True,15.15151515151515,-0.008478138814991633,-0.037500000000000006,-0.005,0.9725836249999702,
Shell_B_800km,0.618421052631579,47.421052631578945,derelict_x2,1.0,2.0,5.0,True,2,2,1,False,complex_no_crossing,nan,nan,nan,True,15.15151515151515,-0.008341862783208358,-0.037500000000000006,-0.005,0.9525488339713775,
Shell_B_800km,0.618421052631579,50.0,derelict_x2,1.0,2.0,5.0,True,2,2,1,False,complex_no_crossing,nan,nan,nan,True,15.15151515151515,-0.008233391839331354,-0.037500000000000006,-0.005,1.0102670830092393,
Shell_B_800km,0.6657894736842105,1.0,derelict_x2,1.0,2.0,5.0,True,2,66,8,False,complex_no_crossing,nan,nan,nan,True,661.6161616161614,-0.03870602688986734,-0.037500000000000006,-0.0012741660319624292,1.1732989170122892,
Shell_B_800km,0.6657894736842105,3.5789473684210527,derelict_x2,1.0,2.0,5.0,True,2,18,6,False,complex_no_crossing,nan,nan,nan,True,176.76767676767676,-0.0318212861841156,-0.037500000000000006,-0.00443269053135086,1.2416023340192623,
Shell_B_800km,0.6657894736842105,6.157894736842105,derelict_x2,1.0,2.0,5.0,True,2,11,5,False,complex_no_crossing,nan,nan,nan,True,106.06060606060606,-0.028342724432082293,-0.037500000000000006,-0.0019125483694236464,1.2129460420110263,
Shell_B_800km,0.6657894736842105,8.736842105263158,derelict_x2,1.0,2.0,5.0,True,2,7,4,False,complex_no_crossing,nan,nan,nan,True,65.65656565656565,-0.024099750641538645,-0.037500000000000006,-0.005,1.1996830420102924,
Shell_B_800km,0.6657894736842105,11.31578947368421,derelict_x2,1.0,2.0,5.0,True,2,6,3,False,complex_no_crossing,nan,nan,nan,True,55.55555555555556,-0.019264085982722265,-0.037500000000000006,-0.005,1.1900712079950608,
Shell_B_800km,0.6657894736842105,13.894736842105264,derelict_x2,1.0,2.0,5.0,True,2,5,3,False,complex_no_crossing,nan,nan,nan,True,45.45454545454545,-0.019751004181386242,-0.037500000000000006,-0.005,1.1608027089969255,
Shell_B_800km,0.6657894736842105,16.473684210526315,derelict_x2,1.0,2.0,5.0,True,2,4,2,False,complex_no_crossing,nan,nan,nan,True,35.35353535353535,-0.014394294475776292,-0.037500000000000006,-0.005,1.1333191659650765,
Shell_B_800km,0.6657894736842105,19.05263157894737,derelict_x2,1.0,2.0,5.0,True,2,3,2,False,complex_no_crossing,nan,nan,nan,True,25.252525252525253,-0.014422565942541703,-0.037500000000000006,-0.005,1.1464001659769565,
Shell_B_800km,0.6657894736842105,21.63157894736842,derelict_x2,1.0,2.0,5.0,True,2,3,2,False,complex_no_crossing,nan,nan,nan,True,25.252525252525253,-0.014543099154893858,-0.037500000000000006,-0.005,1.1318135419860482,
Shell_B_800km,0.6657894736842105,24.210526315789473,derelict_x2,1.0,2.0,5.0,True,2,3,2,False,complex_no_crossing,nan,nan,nan,True,25.252525252525253,-0.014858743059734544,-0.037500000000000006,-0.005,1.0965983330388553,
Shell_B_800km,0.6657894736842105,26.789473684210527,derelict_x2,1.0,2.0,5.0,True,2,3,1,False,complex_no_crossing,nan,nan,nan,True,25.252525252525253,-0.009736033324512049,-0.037500000000000006,-0.00435135947407457,1.0857101670117117,
Shell_B_800km,0.6657894736842105,29.36842105263158,derelict_x2,1.0,2.0,5.0,True,2,2,1,False,complex_no_crossing,nan,nan,nan,True,15.15151515151515,-0.00958715652415066,-0.037500000000000006,-0.005,1.0730944590177387,
Shell_B_800km,0.6657894736842105,31.94736842105263,derelict_x2,1.0,2.0,5.0,True,2,2,1,False,complex_no_crossing,nan,nan,nan,True,15.15151515151515,-0.009436857407451139,-0.037500000000000006,-0.005,1.0582952910335734,
Shell_B_800km,0.6657894736842105,34.526315789473685,derelict_x2,1.0,2.0,5.0,True,2,2,1,False,complex_no_crossing,nan,nan,nan,True,15.15151515151515,-0.009285432678025014,-0.037500000000000006,-0.005,1.038479125010781,
Shell_B_800km,0.6657894736842105,37.10526315789474,derelict_x2,1.0,2.0,5.0,True,2,2,1,False,complex_no_crossing,nan,nan,nan,True,15.15151515151515,-0.0091334319346393,-0.037500000000000006,-0.005,1.0157794579863548,
Shell_B_800km,0.6657894736842105,39.68421052631579,derelict_x2,1.0,2.0,5.0,True,2,2,1,False,complex_no_crossing,nan,nan,nan,True,15.15151515151515,-0.008981884789243793,-0.037500000000000006,-0.005,1.0190481659956276,
Shell_B_800km,0.6657894736842105,42.26315789473684,derelict_x2,1.0,2.0,5.0,True,2,2,1,False,complex_no_crossing,nan,nan,nan,True,15.15151515151515,-0.008832817033351753,-0.037500000000000006,-0.005,1.0046229579602368,
Shell_B_800km,0.6657894736842105,44.8421052631579,derelict_x2,1.0,2.0,5.0,True,2,2,1,False,complex_no_crossing,nan,nan,nan,True,15.15151515151515,-0.00869062554440296,-0.037500000000000006,-0.005,0.9979563329834491,
Shell_B_800km,0.6657894736842105,47.421052631578945,derelict_x2,1.0,2.0,5.0,True,2,2,1,False,complex_no_crossing,nan,nan,nan,True,15.15151515151515,-0.008566846279225122,-0.037500000000000006,-0.005,1.0513571250485256,
Shell_B_800km,0.6657894736842105,50.0,derelict_x2,1.0,2.0,5.0,True,2,2,1,False,complex_no_crossing,nan,nan,nan,True,15.15151515151515,-0.008509807756381185,-0.037500000000000006,-0.005,0.9758830419741571,
Shell_B_800km,0.7131578947368421,1.0,derelict_x2,1.0,2.0,5.0,True,2,66,8,False,complex_no_crossing,nan,nan,nan,True,661.6161616161614,-0.03917297265434286,-0.037500000000000006,-0.001072748850156521,1.1654728749999776,
Shell_B_800km,0.7131578947368421,3.5789473684210527,derelict_x2,1.0,2.0,5.0,True,2,18,6,False,complex_no_crossing,nan,nan,nan,True,176.76767676767676,-0.03228507200650803,-0.037500000000000006,-0.004239055701135174,1.249423208006192,
Shell_B_800km,0.7131578947368421,6.157894736842105,derelict_x2,1.0,2.0,5.0,True,2,11,5,False,complex_no_crossing,nan,nan,nan,True,106.06060606060606,-0.028810946418553182,-0.037500000000000006,-0.0008384853025927197,1.228016834007576,
Shell_B_800km,0.7131578947368421,8.736842105263158,derelict_x2,1.0,2.0,5.0,True,2,7,4,False,complex_no_crossing,nan,nan,nan,True,65.65656565656565,-0.024554037285334944,-0.037500000000000006,-0.005,1.2116939589614049,
Shell_B_800km,0.7131578947368421,11.31578947368421,derelict_x2,1.0,2.0,5.0,True,2,6,3,False,complex_no_crossing,nan,nan,nan,True,55.55555555555556,-0.019672834400625235,-0.037500000000000006,-0.004932302116838442,1.2008794579887763,
Shell_B_800km,0.7131578947368421,13.894736842105264,derelict_x2,1.0,2.0,5.0,True,2,5,3,False,complex_no_crossing,nan,nan,nan,True,45.45454545454545,-0.020197126739824364,-0.037500000000000006,-0.005,1.1803397500189021,
Shell_B_800km,0.7131578947368421,16.473684210526315,derelict_x2,1.0,2.0,5.0,True,2,4,2,False,complex_no_crossing,nan,nan,nan,True,35.35353535353535,-0.014736078516314765,-0.037500000000000006,-0.005,1.1530403329525143,
Shell_B_800km,0.7131578947368421,19.05263157894737,derelict_x2,1.0,2.0,5.0,True,2,3,2,False,complex_no_crossing,nan,nan,nan,True,25.252525252525253,-0.01477747499594782,-0.037500000000000006,-0.005,1.1559026670292951,
Shell_B_800km,0.7131578947368421,21.63157894736842,derelict_x2,1.0,2.0,5.0,True,2,3,2,False,complex_no_crossing,nan,nan,nan,True,25.252525252525253,-0.014925454045023705,-0.037500000000000006,-0.005,1.1445173329557292,
Shell_B_800km,0.7131578947368421,24.210526315789473,derelict_x2,1.0,2.0,5.0,True,2,3,2,False,complex_no_crossing,nan,nan,nan,True,25.252525252525253,-0.015311538356382572,-0.037500000000000006,-0.005,1.12285124999471,
Shell_B_800km,0.7131578947368421,26.789473684210527,derelict_x2,1.0,2.0,5.0,True,2,3,1,False,complex_no_crossing,nan,nan,nan,True,25.252525252525253,-0.009954319689175546,-0.037500000000000006,-0.001845769228274451,1.1217441249755211,
Shell_B_800km,0.7131578947368421,29.36842105263158,derelict_x2,1.0,2.0,5.0,True,2,2,1,False,complex_no_crossing,nan,nan,nan,True,15.15151515151515,-0.009801500487548572,-0.037500000000000006,-0.005,1.0988377920002677,
Shell_B_800km,0.7131578947368421,31.94736842105263,derelict_x2,1.0,2.0,5.0,True,2,2,1,False,complex_no_crossing,nan,nan,nan,True,15.15151515151515,-0.009647567678246254,-0.037500000000000006,-0.005,1.083110667008441,
Shell_B_800km,0.7131578947368421,34.526315789473685,derelict_x2,1.0,2.0,5.0,True,2,2,1,False,complex_no_crossing,nan,nan,nan,True,15.15151515151515,-0.009492995307508072,-0.037500000000000006,-0.005,1.0813847500248812,
Shell_B_800km,0.7131578947368421,37.10526315789474,derelict_x2,1.0,2.0,5.0,True,2,2,1,False,complex_no_crossing,nan,nan,nan,True,15.15151515151515,-0.00933864031927301,-0.037500000000000006,-0.005,1.0544306670199148,
Shell_B_800km,0.7131578947368421,39.68421052631579,derelict_x2,1.0,2.0,5.0,True,2,2,1,False,complex_no_crossing,nan,nan,nan,True,15.15151515151515,-0.009186110215344427,-0.037500000000000006,-0.005,1.0444596250308678,
Shell_B_800km,0.7131578947368421,42.26315789473684,derelict_x2,1.0,2.0,5.0,True,2,2,1,False,complex_no_crossing,nan,nan,nan,True,15.15151515151515,-0.009038654617407507,-0.037500000000000006,-0.005,1.0319723330321722,
Shell_B_800km,0.7131578947368421,44.8421052631579,derelict_x2,1.0,2.0,5.0,True,2,2,1,False,complex_no_crossing,nan,nan,nan,True,15.15151515151515,-0.008903804215522997,-0.037500000000000006,-0.005,1.1001792919705622,
Shell_B_800km,0.7131578947368421,47.421052631578945,derelict_x2,1.0,2.0,5.0,True,2,2,1,False,complex_no_crossing,nan,nan,nan,True,15.15151515151515,-0.008804626485827083,-0.037500000000000006,-0.005,1.0673589170328341,
Shell_B_800km,0.7131578947368421,50.0,derelict_x2,1.0,2.0,5.0,True,2,2,0,False,no_complex_eigenvalues,nan,nan,nan,True,15.15151515151515,nan,-0.037500000000000006,-0.0004800723149110189,1.0019014999852516,
Shell_B_800km,0.7605263157894736,1.0,derelict_x2,1.0,2.0,5.0,True,2,66,8,False,complex_no_crossing,nan,nan,nan,True,661.6161616161614,-0.039631539241817317,-0.037500000000000006,-0.0008232560040407596,1.1753634169581346,
Shell_B_800km,0.7605263157894736,3.5789473684210527,derelict_x2,1.0,2.0,5.0,True,2,18,6,False,complex_no_crossing,nan,nan,nan,True,176.76767676767676,-0.032739868272387146,-0.037500000000000006,-0.004035523303450585,1.2643093750230037,
Shell_B_800km,0.7605263157894736,6.157894736842105,derelict_x2,1.0,2.0,5.0,True,2,10,5,False,complex_no_crossing,nan,nan,nan,True,95.95959595959596,-0.02927020456417182,-0.037500000000000006,-0.005,1.255960457958281,
Shell_B_800km,0.7605263157894736,8.736842105263158,derelict_x2,1.0,2.0,5.0,True,2,7,4,False,complex_no_crossing,nan,nan,nan,True,65.65656565656565,-0.024999510208818777,-0.037500000000000006,-0.005,1.233067333989311,
Shell_B_800km,0.7605263157894736,11.31578947368421,derelict_x2,1.0,2.0,5.0,True,2,6,3,False,complex_no_crossing,nan,nan,nan,True,55.55555555555556,-0.02007252296756935,-0.037500000000000006,-0.0042789396095287025,1.2223497499944642,
Shell_B_800km,0.7605263157894736,13.894736842105264,derelict_x2,1.0,2.0,5.0,True,2,5,3,False,complex_no_crossing,nan,nan,nan,True,45.45454545454545,-0.020636463483118844,-0.037500000000000006,-0.0042121855010564015,1.2042461670353077,
Shell_B_800km,0.7605263157894736,16.473684210526315,derelict_x2,1.0,2.0,5.0,True,2,4,2,False,complex_no_crossing,nan,nan,nan,True,35.35353535353535,-0.01506893081885108,-0.037500000000000006,-0.005,1.1836105000111274,
Shell_B_800km,0.7605263157894736,19.05263157894737,derelict_x2,1.0,2.0,5.0,True,2,3,2,False,complex_no_crossing,nan,nan,nan,True,25.252525252525253,-0.015124897491518019,-0.037500000000000006,-0.005,1.1742589170462452,
Shell_B_800km,0.7605263157894736,21.63157894736842,derelict_x2,1.0,2.0,5.0,True,2,3,2,False,complex_no_crossing,nan,nan,nan,True,25.252525252525253,-0.015303815290050808,-0.037500000000000006,-0.005,1.1660793339833617,
Shell_B_800km,0.7605263157894736,24.210526315789473,derelict_x2,1.0,2.0,5.0,True,2,3,1,False,complex_no_crossing,nan,nan,nan,True,25.252525252525253,-0.0103199785529287,-0.037500000000000006,-0.005,1.1503787089604884,
Shell_B_800km,0.7605263157894736,26.789473684210527,derelict_x2,1.0,2.0,5.0,True,2,2,1,False,complex_no_crossing,nan,nan,nan,True,15.15151515151515,-0.01016474060936758,-0.037500000000000006,-0.005,1.1504902499727905,
Shell_B_800km,0.7605263157894736,29.36842105263158,derelict_x2,1.0,2.0,5.0,True,2,2,1,False,complex_no_crossing,nan,nan,nan,True,15.15151515151515,-0.010008385970021346,-0.037500000000000006,-0.005,1.190441542014014,
Shell_B_800km,0.7605263157894736,31.94736842105263,derelict_x2,1.0,2.0,5.0,True,2,2,1,False,complex_no_crossing,nan,nan,nan,True,15.15151515151515,-0.009851317201888438,-0.037500000000000006,-0.005,1.1218119169934653,
Shell_B_800km,0.7605263157894736,34.526315789473685,derelict_x2,1.0,2.0,5.0,True,2,2,1,False,complex_no_crossing,nan,nan,nan,True,15.15151515151515,-0.009694240328353337,-0.037500000000000006,-0.005,1.102517583000008,
Shell_B_800km,0.7605263157894736,37.10526315789474,derelict_x2,1.0,2.0,5.0,True,2,2,1,False,complex_no_crossing,nan,nan,nan,True,15.15151515151515,-0.009538427006253548,-0.037500000000000006,-0.005,1.0862373749841936,
Shell_B_800km,0.7605263157894736,39.68421052631579,derelict_x2,1.0,2.0,5.0,True,2,2,1,False,complex_no_crossing,nan,nan,nan,True,15.15151515151515,-0.009386301320736787,-0.037500000000000006,-0.005,1.084536207956262,
Shell_B_800km,0.7605263157894736,42.26315789473684,derelict_x2,1.0,2.0,5.0,True,2,2,1,False,complex_no_crossing,nan,nan,nan,True,15.15151515151515,-0.009242973071467927,-0.037500000000000006,-0.005,1.0723505420028232,
Shell_B_800km,0.7605263157894736,44.8421052631579,derelict_x2,1.0,2.0,5.0,True,2,2,1,False,complex_no_crossing,nan,nan,nan,True,15.15151515151515,-0.00912140274495244,-0.037500000000000006,-0.005,1.072157624992542,
Shell_B_800km,0.7605263157894736,47.421052631578945,derelict_x2,1.0,2.0,5.0,True,2,2,1,False,complex_no_crossing,nan,nan,nan,True,15.15151515151515,-0.009072343889013798,-0.037500000000000006,-0.005,1.0546890830155462,
Shell_B_800km,0.7605263157894736,50.0,derelict_x2,1.0,2.0,5.0,False,2,1,0,False,no_branch,nan,nan,nan,False,nan,nan,nan,nan,1.0420065420330502,
Shell_B_800km,0.8078947368421052,1.0,derelict_x2,1.0,2.0,5.0,True,2,66,7,False,complex_no_crossing,nan,nan,nan,True,661.6161616161614,-0.03599654733419433,-0.037500000000000006,-0.0004523388634380928,1.1993966669542715,
Shell_B_800km,0.8078947368421052,3.5789473684210527,derelict_x2,1.0,2.0,5.0,True,2,18,6,False,complex_no_crossing,nan,nan,nan,True,176.76767676767676,-0.03318617369110077,-0.037500000000000006,-0.00382065294726043,1.2797128750244156,
Shell_B_800km,0.8078947368421052,6.157894736842105,derelict_x2,1.0,2.0,5.0,True,2,10,5,False,complex_no_crossing,nan,nan,nan,True,95.95959595959596,-0.029721057810522634,-0.037500000000000006,-0.005,1.2781416249927133,
Shell_B_800km,0.8078947368421052,8.736842105263158,derelict_x2,1.0,2.0,5.0,True,2,7,4,False,complex_no_crossing,nan,nan,nan,True,65.65656565656565,-0.0254368123457455,-0.037500000000000006,-0.005,1.2602978340000845,
Shell_B_800km,0.8078947368421052,11.31578947368421,derelict_x2,1.0,2.0,5.0,True,2,6,3,False,complex_no_crossing,nan,nan,nan,True,55.55555555555556,-0.020463899012493073,-0.037500000000000006,-0.0035317770118448093,1.2670703749754466,
Shell_B_800km,0.8078947368421052,13.894736842105264,derelict_x2,1.0,2.0,5.0,True,2,5,3,False,complex_no_crossing,nan,nan,nan,True,45.45454545454545,-0.021069858732447107,-0.037500000000000006,-0.0032354881188420806,1.2390184579999186,
Shell_B_800km,0.8078947368421052,16.473684210526315,derelict_x2,1.0,2.0,5.0,True,2,4,2,False,complex_no_crossing,nan,nan,nan,True,35.35353535353535,-0.015393723195002564,-0.037500000000000006,-0.005,1.2218266669660807,
Shell_B_800km,0.8078947368421052,19.05263157894737,derelict_x2,1.0,2.0,5.0,True,2,3,2,False,complex_no_crossing,nan,nan,nan,True,25.252525252525253,-0.015465765741205418,-0.037500000000000006,-0.005,1.2799251659889705,
Shell_B_800km,0.8078947368421052,21.63157894736842,derelict_x2,1.0,2.0,5.0,True,2,3,2,False,complex_no_crossing,nan,nan,nan,True,25.252525252525253,-0.015679504960628435,-0.037500000000000006,-0.005,1.2055409160093404,
Shell_B_800km,0.8078947368421052,24.210526315789473,derelict_x2,1.0,2.0,5.0,True,2,3,1,False,complex_no_crossing,nan,nan,nan,True,25.252525252525253,-0.010526844258433796,-0.037500000000000006,-0.005,1.1979987090453506,
Shell_B_800km,0.8078947368421052,26.789473684210527,derelict_x2,1.0,2.0,5.0,True,2,2,1,False,complex_no_crossing,nan,nan,nan,True,15.15151515151515,-0.01036815313671887,-0.037500000000000006,-0.005,1.1785056670196354,
Shell_B_800km,0.8078947368421052,29.36842105263158,derelict_x2,1.0,2.0,5.0,True,2,2,1,False,complex_no_crossing,nan,nan,nan,True,15.15151515151515,-0.010208672322189662,-0.037500000000000006,-0.005,1.1726504999678582,
Shell_B_800km,0.8078947368421052,31.94736842105263,derelict_x2,1.0,2.0,5.0,True,2,2,1,False,complex_no_crossing,nan,nan,nan,True,15.15151515151515,-0.010048979672983363,-0.037500000000000006,-0.005,1.160717457998544,
Shell_B_800km,0.8078947368421052,34.526315789473685,derelict_x2,1.0,2.0,5.0,True,2,2,1,False,complex_no_crossing,nan,nan,nan,True,15.15151515151515,-0.009890080927833961,-0.037500000000000006,-0.005,1.1583540419815108,
Shell_B_800km,0.8078947368421052,37.10526315789474,derelict_x2,1.0,2.0,5.0,True,2,2,1,False,complex_no_crossing,nan,nan,nan,True,15.15151515151515,-0.00973380242523646,-0.037500000000000006,-0.005,1.127118792035617,
Shell_B_800km,0.8078947368421052,39.68421052631579,derelict_x2,1.0,2.0,5.0,True,2,2,1,False,complex_no_crossing,nan,nan,nan,True,15.15151515151515,-0.009583719082431833,-0.037500000000000006,-0.005,1.13880416698521,
Shell_B_800km,0.8078947368421052,42.26315789473684,derelict_x2,1.0,2.0,5.0,True,2,2,1,False,complex_no_crossing,nan,nan,nan,True,15.15151515151515,-0.009447798321239,-0.037500000000000006,-0.005,1.1220572089659981,
Shell_B_800km,0.8078947368421052,44.8421052631579,derelict_x2,1.0,2.0,5.0,True,2,2,1,False,complex_no_crossing,nan,nan,nan,True,15.15151515151515,-0.009348893169605112,-0.037500000000000006,-0.005,1.1257036249735393,
Shell_B_800km,0.8078947368421052,47.421052631578945,derelict_x2,1.0,2.0,5.0,True,2,2,0,False,no_complex_eigenvalues,nan,nan,nan,True,15.15151515151515,nan,-0.037500000000000006,-0.0029754811064679997,1.1114961670245975,
Shell_B_800km,0.8078947368421052,50.0,derelict_x2,1.0,2.0,5.0,False,2,1,0,False,no_branch,nan,nan,nan,False,nan,nan,nan,nan,1.09694054198917,
Shell_B_800km,0.8552631578947368,1.0,derelict_x2,1.0,2.0,5.0,True,2,65,7,False,complex_no_crossing,nan,nan,nan,True,651.5151515151515,-0.036426018618469405,-0.037500000000000006,-0.00248221119858134,1.215088915952947,
Shell_B_800km,0.8552631578947368,3.5789473684210527,derelict_x2,1.0,2.0,5.0,True,2,18,6,False,complex_no_crossing,nan,nan,nan,True,176.76767676767676,-0.03362444502974239,-0.037500000000000006,-0.003592561830463408,1.2999599580070935,
Shell_B_800km,0.8552631578947368,6.157894736842105,derelict_x2,1.0,2.0,5.0,True,2,10,5,False,complex_no_crossing,nan,nan,nan,True,95.95959595959596,-0.030164014774780284,-0.037500000000000006,-0.005,1.298073582991492,
Shell_B_800km,0.8552631578947368,8.736842105263158,derelict_x2,1.0,2.0,5.0,True,2,7,4,False,complex_no_crossing,nan,nan,nan,True,65.65656565656565,-0.02586652469573533,-0.037500000000000006,-0.005,1.2816824160399847,
Shell_B_800km,0.8552631578947368,11.31578947368421,derelict_x2,1.0,2.0,5.0,True,2,6,3,False,complex_no_crossing,nan,nan,nan,True,55.55555555555556,-0.020847630311111146,-0.037500000000000006,-0.002614339354410269,1.2849990839604288,
Shell_B_800km,0.8552631578947368,13.894736842105264,derelict_x2,1.0,2.0,5.0,True,2,5,3,False,complex_no_crossing,nan,nan,nan,True,45.45454545454545,-0.02149808913928365,-0.037500000000000006,-0.0018969204683029217,1.3397413750062697,
Shell_B_800km,0.8552631578947368,16.473684210526315,derelict_x2,1.0,2.0,5.0,True,2,4,2,False,complex_no_crossing,nan,nan,nan,True,35.35353535353535,-0.015711223049749326,-0.037500000000000006,-0.005,1.262711625022348,
Shell_B_800km,0.8552631578947368,19.05263157894737,derelict_x2,1.0,2.0,5.0,True,2,3,2,False,complex_no_crossing,nan,nan,nan,True,25.252525252525253,-0.015800916991196495,-0.037500000000000006,-0.005,1.2642850410193205,
Shell_B_800km,0.8552631578947368,21.63157894736842,derelict_x2,1.0,2.0,5.0,True,2,3,2,False,complex_no_crossing,nan,nan,nan,True,25.252525252525253,-0.01605382944635094,-0.037500000000000006,-0.005,1.2400327079812996,
Shell_B_800km,0.8552631578947368,24.210526315789473,derelict_x2,1.0,2.0,5.0,True,2,3,1,False,complex_no_crossing,nan,nan,nan,True,25.252525252525253,-0.010727097814044092,-0.037500000000000006,-0.005,1.2468372500152327,
Shell_B_800km,0.8552631578947368,26.789473684210527,derelict_x2,1.0,2.0,5.0,True,2,2,1,False,complex_no_crossing,nan,nan,nan,True,15.15151515151515,-0.010565293819007338,-0.037500000000000006,-0.005,1.2384370409999974,
Shell_B_800km,0.8552631578947368,29.36842105263158,derelict_x2,1.0,2.0,5.0,True,2,2,1,False,complex_no_crossing,nan,nan,nan,True,15.15151515151515,-0.010403100393819618,-0.037500000000000006,-0.005,1.2235602919827215,
Shell_B_800km,0.8552631578947368,31.94736842105263,derelict_x2,1.0,2.0,5.0,True,2,2,1,False,complex_no_crossing,nan,nan,nan,True,15.15151515151515,-0.010241313980794024,-0.037500000000000006,-0.005,1.2502189590013586,
Shell_B_800km,0.8552631578947368,34.526315789473685,derelict_x2,1.0,2.0,5.0,True,2,2,1,False,complex_no_crossing,nan,nan,nan,True,15.15151515151515,-0.010081323991009541,-0.037500000000000006,-0.005,1.2086534579866566,
Shell_B_800km,0.8552631578947368,37.10526315789474,derelict_x2,1.0,2.0,5.0,True,2,2,1,False,complex_no_crossing,nan,nan,nan,True,15.15151515151515,-0.009925694524125317,-0.037500000000000006,-0.005,1.1829700840171427,
Shell_B_800km,0.8552631578947368,39.68421052631579,derelict_x2,1.0,2.0,5.0,True,2,2,1,False,complex_no_crossing,nan,nan,nan,True,15.15151515151515,-0.009779624743628134,-0.037500000000000006,-0.005,1.18273624998983,
Shell_B_800km,0.8552631578947368,42.26315789473684,derelict_x2,1.0,2.0,5.0,True,2,2,1,False,complex_no_crossing,nan,nan,nan,True,15.15151515151515,-0.009655554215062926,-0.037500000000000006,-0.005,1.1695142080425285,
Shell_B_800km,0.8552631578947368,44.8421052631579,derelict_x2,1.0,2.0,5.0,True,2,2,1,False,complex_no_crossing,nan,nan,nan,True,15.15151515151515,-0.009595941471037215,-0.037500000000000006,-0.005,1.1638842090032995,
Shell_B_800km,0.8552631578947368,47.421052631578945,derelict_x2,1.0,2.0,5.0,False,2,1,0,False,no_branch,nan,nan,nan,False,nan,nan,nan,nan,1.1614840410184115,
Shell_B_800km,0.8552631578947368,50.0,derelict_x2,1.0,2.0,5.0,False,2,1,0,False,no_branch,nan,nan,nan,False,nan,nan,nan,nan,1.1534917500102893,
Shell_B_800km,0.9026315789473683,1.0,derelict_x2,1.0,2.0,5.0,True,2,65,7,False,complex_no_crossing,nan,nan,nan,True,651.5151515151515,-0.03684794193989174,-0.037500000000000006,-0.0023867821601407557,1.2350648330175318,
Shell_B_800km,0.9026315789473683,3.5789473684210527,derelict_x2,1.0,2.0,5.0,True,2,18,6,False,complex_no_crossing,nan,nan,nan,True,176.76767676767676,-0.03405510176420398,-0.037500000000000006,-0.0033487153279103243,1.3107233750051819,
Shell_B_800km,0.9026315789473683,6.157894736842105,derelict_x2,1.0,2.0,5.0,True,2,10,5,False,complex_no_crossing,nan,nan,nan,True,95.95959595959596,-0.03059953973716952,-0.037500000000000006,-0.005,1.347263749979902,
Shell_B_800km,0.9026315789473683,8.736842105263158,derelict_x2,1.0,2.0,5.0,True,2,7,4,False,complex_no_crossing,nan,nan,nan,True,65.65656565656565,-0.02628917437365512,-0.037500000000000006,-0.005,1.3689556660247035,
Shell_B_800km,0.9026315789473683,11.31578947368421,derelict_x2,1.0,2.0,5.0,True,2,6,3,False,complex_no_crossing,nan,nan,nan,True,55.55555555555556,-0.02122431652155171,-0.037500000000000006,-0.00119835680968218,1.3045163750066422,
Shell_B_800km,0.9026315789473683,13.894736842105264,derelict_x2,1.0,2.0,5.0,True,2,4,3,False,complex_no_crossing,nan,nan,nan,True,35.35353535353535,-0.02192187608781778,-0.037500000000000006,-0.005,1.3028393340064213,
Shell_B_800km,0.9026315789473683,16.473684210526315,derelict_x2,1.0,2.0,5.0,True,2,4,2,False,complex_no_crossing,nan,nan,nan,True,35.35353535353535,-0.016022110489109953,-0.037500000000000006,-0.005,1.2798588330042548,
Shell_B_800km,0.9026315789473683,19.05263157894737,derelict_x2,1.0,2.0,5.0,True,2,3,2,False,complex_no_crossing,nan,nan,nan,True,25.252525252525253,-0.016131111261893823,-0.037500000000000006,-0.005,1.2858533340040594,
Shell_B_800km,0.9026315789473683,21.63157894736842,derelict_x2,1.0,2.0,5.0,True,2,3,2,False,complex_no_crossing,nan,nan,nan,True,25.252525252525253,-0.01642811768597255,-0.037500000000000006,-0.005,1.2821601249743253,
Shell_B_800km,0.9026315789473683,24.210526315789473,derelict_x2,1.0,2.0,5.0,True,2,3,1,False,complex_no_crossing,nan,nan,nan,True,25.252525252525253,-0.010921379026294049,-0.037500000000000006,-0.005,1.2764773329836316,
Shell_B_800km,0.9026315789473683,26.789473684210527,derelict_x2,1.0,2.0,5.0,True,2,2,1,False,complex_no_crossing,nan,nan,nan,True,15.15151515151515,-0.010756801215450737,-0.037500000000000006,-0.005,1.2725879170466214,
Shell_B_800km,0.9026315789473683,29.36842105263158,derelict_x2,1.0,2.0,5.0,True,2,2,1,False,complex_no_crossing,nan,nan,nan,True,15.15151515151515,-0.010592314995723502,-0.037500000000000006,-0.005,1.265080792014487,
Shell_B_800km,0.9026315789473683,31.94736842105263,derelict_x2,1.0,2.0,5.0,True,2,2,1,False,complex_no_crossing,nan,nan,nan,True,15.15151515151515,-0.010428986914401582,-0.037500000000000006,-0.005,1.275348583003506,
Shell_B_800km,0.9026315789473683,34.526315789473685,derelict_x2,1.0,2.0,5.0,True,2,2,1,False,complex_no_crossing,nan,nan,nan,True,15.15151515151515,-0.010268694182374753,-0.037500000000000006,-0.005,1.2676769999670796,
Shell_B_800km,0.9026315789473683,37.10526315789474,derelict_x2,1.0,2.0,5.0,True,2,2,1,False,complex_no_crossing,nan,nan,nan,True,15.15151515151515,-0.01011497930955953,-0.037500000000000006,-0.005,1.2452531249728054,
Shell_B_800km,0.9026315789473683,39.68421052631579,derelict_x2,1.0,2.0,5.0,True,2,2,1,False,complex_no_crossing,nan,nan,nan,True,15.15151515151515,-0.009975346228695742,-0.037500000000000006,-0.005,1.2467578329960816,
Shell_B_800km,0.9026315789473683,42.26315789473684,derelict_x2,1.0,2.0,5.0,True,2,2,1,False,complex_no_crossing,nan,nan,nan,True,15.15151515151515,-0.00986943650184571,-0.037500000000000006,-0.005,1.239105999993626,
Shell_B_800km,0.9026315789473683,44.8421052631579,derelict_x2,1.0,2.0,5.0,True,2,2,0,False,no_complex_eigenvalues,nan,nan,nan,True,15.15151515151515,nan,-0.037500000000000006,-0.005,1.2251749589922838,
Shell_B_800km,0.9026315789473683,47.421052631578945,derelict_x2,1.0,2.0,5.0,False,2,1,0,False,no_branch,nan,nan,nan,False,nan,nan,nan,nan,1.230866874975618,
Shell_B_800km,0.9026315789473683,50.0,derelict_x2,1.0,2.0,5.0,False,2,1,0,False,no_branch,nan,nan,nan,False,nan,nan,nan,nan,1.2760464170132764,
Shell_B_800km,0.95,1.0,derelict_x2,1.0,2.0,5.0,True,2,65,7,False,complex_no_crossing,nan,nan,nan,True,651.5151515151515,-0.03726267313077124,-0.037500000000000006,-0.0022872065765793597,1.2640604579937644,
Shell_B_800km,0.95,3.5789473684210527,derelict_x2,1.0,2.0,5.0,True,2,18,6,False,complex_no_crossing,nan,nan,nan,True,176.76767676767676,-0.0344785300977295,-0.037500000000000006,-0.0030855686946172117,1.3585896250442602,
Shell_B_800km,0.95,6.157894736842105,derelict_x2,1.0,2.0,5.0,True,2,10,4,False,complex_no_crossing,nan,nan,nan,True,95.95959595959596,-0.02580871288559564,-0.037500000000000006,-0.005,1.3596240000333637,
Shell_B_800km,0.95,8.736842105263158,derelict_x2,1.0,2.0,5.0,True,2,7,4,False,complex_no_crossing,nan,nan,nan,True,65.65656565656565,-0.026705241397012407,-0.037500000000000006,-0.005,1.341405291983392,
Shell_B_800km,0.95,11.31578947368421,derelict_x2,1.0,2.0,5.0,True,2,5,3,False,complex_no_crossing,nan,nan,nan,True,45.45454545454545,-0.021594498648479343,-0.037500000000000006,-0.005,1.3381467920262367,
Shell_B_800km,0.95,13.894736842105264,derelict_x2,1.0,2.0,5.0,True,2,4,2,False,complex_no_crossing,nan,nan,nan,True,35.35353535353535,-0.016300923514929462,-0.037500000000000006,-0.005,1.3346431669779122,
Shell_B_800km,0.95,16.473684210526315,derelict_x2,1.0,2.0,5.0,True,2,4,2,False,complex_no_crossing,nan,nan,nan,True,35.35353535353535,-0.016326992107517327,-0.037500000000000006,-0.005,1.3223856249824166,
Shell_B_800km,0.95,19.05263157894737,derelict_x2,1.0,2.0,5.0,True,2,3,2,False,complex_no_crossing,nan,nan,nan,True,25.252525252525253,-0.016457046088042125,-0.037500000000000006,-0.005,1.329573250026442,
Shell_B_800km,0.95,21.63157894736842,derelict_x2,1.0,2.0,5.0,True,2,3,2,False,complex_no_crossing,nan,nan,nan,True,25.252525252525253,-0.016803763715345754,-0.037500000000000006,-0.005,1.3250132919638418,
Shell_B_800km,0.95,24.210526315789473,derelict_x2,1.0,2.0,5.0,True,2,3,1,False,complex_no_crossing,nan,nan,nan,True,25.252525252525253,-0.011110245938879323,-0.037500000000000006,-0.005,1.3160476250341162,
Shell_B_800km,0.95,26.789473684210527,derelict_x2,1.0,2.0,5.0,True,2,2,1,False,complex_no_crossing,nan,nan,nan,True,15.15151515151515,-0.010943233268269039,-0.037500000000000006,-0.005,1.3281951250392012,
Shell_B_800km,0.95,29.36842105263158,derelict_x2,1.0,2.0,5.0,True,2,2,1,False,complex_no_crossing,nan,nan,nan,True,15.15151515151515,-0.010776882290555036,-0.037500000000000006,-0.005,1.3278301249956712,
Shell_B_800km,0.95,31.94736842105263,derelict_x2,1.0,2.0,5.0,True,2,2,1,False,complex_no_crossing,nan,nan,nan,True,15.15151515151515,-0.010612590926166001,-0.037500000000000006,-0.005,1.3227730829967186,
Shell_B_800km,0.95,34.526315789473685,derelict_x2,1.0,2.0,5.0,True,2,2,1,False,complex_no_crossing,nan,nan,nan,True,15.15151515151515,-0.010452853532100168,-0.037500000000000006,-0.005,1.3194930840400048,
Shell_B_800km,0.95,37.10526315789474,derelict_x2,1.0,2.0,5.0,True,2,2,1,False,complex_no_crossing,nan,nan,nan,True,15.15151515151515,-0.010302509427137181,-0.037500000000000006,-0.005,1.3108587499591522,
Shell_B_800km,0.95,39.68421052631579,derelict_x2,1.0,2.0,5.0,True,2,2,1,False,complex_no_crossing,nan,nan,nan,True,15.15151515151515,-0.010172364249713378,-0.037500000000000006,-0.005,1.3659517500200309,
Shell_B_800km,0.95,42.26315789473684,derelict_x2,1.0,2.0,5.0,True,2,2,1,False,complex_no_crossing,nan,nan,nan,True,15.15151515151515,-0.010094168835662807,-0.037500000000000006,-0.005,1.3030777919921093,
Shell_B_800km,0.95,44.8421052631579,derelict_x2,1.0,2.0,5.0,True,2,2,0,False,no_complex_eigenvalues,nan,nan,nan,True,15.15151515151515,nan,-0.037500000000000006,-0.0016474223004639965,1.2949872080353089,
Shell_B_800km,0.95,47.421052631578945,derelict_x2,1.0,2.0,5.0,False,2,1,0,False,no_branch,nan,nan,nan,False,nan,nan,nan,nan,1.2912104160059243,
Shell_B_800km,0.95,50.0,derelict_x2,1.0,2.0,5.0,False,2,1,0,False,no_branch,nan,nan,nan,False,nan,nan,nan,nan,1.288166625017766,
Shell_B_800km,0.05,1.0,derelict_x3,1.0,3.0,10.0,False,3,1,0,False,no_branch,nan,nan,nan,False,nan,nan,nan,nan,1.2116935420199297,
Shell_B_800km,0.05,3.5789473684210527,derelict_x3,1.0,3.0,10.0,False,3,1,0,False,no_branch,nan,nan,nan,False,nan,nan,nan,nan,1.2595536659937352,
Shell_B_800km,0.05,6.157894736842105,derelict_x3,1.0,3.0,10.0,False,3,1,0,False,no_branch,nan,nan,nan,False,nan,nan,nan,nan,1.214512416976504,
Shell_B_800km,0.05,8.736842105263158,derelict_x3,1.0,3.0,10.0,False,3,1,0,False,no_branch,nan,nan,nan,False,nan,nan,nan,nan,1.1752223330549896,
Shell_B_800km,0.05,11.31578947368421,derelict_x3,1.0,3.0,10.0,False,3,1,0,False,no_branch,nan,nan,nan,False,nan,nan,nan,nan,1.1511725000455044,
Shell_B_800km,0.05,13.894736842105264,derelict_x3,1.0,3.0,10.0,False,3,1,0,False,no_branch,nan,nan,nan,False,nan,nan,nan,nan,1.1296923749614507,
Shell_B_800km,0.05,16.473684210526315,derelict_x3,1.0,3.0,10.0,False,3,1,0,False,no_branch,nan,nan,nan,False,nan,nan,nan,nan,1.1316862080129795,
Shell_B_800km,0.05,19.05263157894737,derelict_x3,1.0,3.0,10.0,False,3,1,0,False,no_branch,nan,nan,nan,False,nan,nan,nan,nan,1.0679582920274697,
Shell_B_800km,0.05,21.63157894736842,derelict_x3,1.0,3.0,10.0,False,3,1,0,False,no_branch,nan,nan,nan,False,nan,nan,nan,nan,1.0263022919534706,
Shell_B_800km,0.05,24.210526315789473,derelict_x3,1.0,3.0,10.0,False,3,1,0,False,no_branch,nan,nan,nan,False,nan,nan,nan,nan,1.018341707997024,
Shell_B_800km,0.05,26.789473684210527,derelict_x3,1.0,3.0,10.0,False,3,1,0,False,no_branch,nan,nan,nan,False,nan,nan,nan,nan,0.9964068749686703,
Shell_B_800km,0.05,29.36842105263158,derelict_x3,1.0,3.0,10.0,False,3,1,0,False,no_branch,nan,nan,nan,False,nan,nan,nan,nan,0.9648370410432108,
Shell_B_800km,0.05,31.94736842105263,derelict_x3,1.0,3.0,10.0,False,3,1,0,False,no_branch,nan,nan,nan,False,nan,nan,nan,nan,0.9598686250392348,
Shell_B_800km,0.05,34.526315789473685,derelict_x3,1.0,3.0,10.0,False,3,1,0,False,no_branch,nan,nan,nan,False,nan,nan,nan,nan,1.0130982919945382,
Shell_B_800km,0.05,37.10526315789474,derelict_x3,1.0,3.0,10.0,False,3,1,0,False,no_branch,nan,nan,nan,False,nan,nan,nan,nan,0.9358326660003513,
Shell_B_800km,0.05,39.68421052631579,derelict_x3,1.0,3.0,10.0,False,3,1,0,False,no_branch,nan,nan,nan,False,nan,nan,nan,nan,0.9114723330130801,
Shell_B_800km,0.05,42.26315789473684,derelict_x3,1.0,3.0,10.0,False,3,1,0,False,no_branch,nan,nan,nan,False,nan,nan,nan,nan,0.9042941250372678,
Shell_B_800km,0.05,44.8421052631579,derelict_x3,1.0,3.0,10.0,False,3,1,0,False,no_branch,nan,nan,nan,False,nan,nan,nan,nan,0.8940228329738602,
Shell_B_800km,0.05,47.421052631578945,derelict_x3,1.0,3.0,10.0,False,3,1,0,False,no_branch,nan,nan,nan,False,nan,nan,nan,nan,0.8905537909595296,
Shell_B_800km,0.05,50.0,derelict_x3,1.0,3.0,10.0,False,3,1,0,False,no_branch,nan,nan,nan,False,nan,nan,nan,nan,0.872389749973081,
Shell_B_800km,0.09736842105263158,1.0,derelict_x3,1.0,3.0,10.0,True,2,67,8,False,complex_no_crossing,nan,nan,nan,True,671.7171717171717,-0.033387966760617935,-0.037500000000000006,-0.000268276769274858,1.2257988330093212,
Shell_B_800km,0.09736842105263158,3.5789473684210527,derelict_x3,1.0,3.0,10.0,True,2,19,7,False,complex_no_crossing,nan,nan,nan,True,186.86868686868686,-0.030977179803012327,-0.037500000000000006,-0.0033099848356699523,1.2719451250159182,
Shell_B_800km,0.09736842105263158,6.157894736842105,derelict_x3,1.0,3.0,10.0,True,2,11,5,False,complex_no_crossing,nan,nan,nan,True,106.06060606060606,-0.022899442624694524,-0.037500000000000006,-0.005,1.2332294999505393,
Shell_B_800km,0.09736842105263158,8.736842105263158,derelict_x3,1.0,3.0,10.0,True,2,8,4,False,complex_no_crossing,nan,nan,nan,True,75.75757575757575,-0.018749893301500294,-0.037500000000000006,-0.005,1.2014990840107203,
Shell_B_800km,0.09736842105263158,11.31578947368421,derelict_x3,1.0,3.0,10.0,True,2,6,4,False,complex_no_crossing,nan,nan,nan,True,55.55555555555556,-0.019489873760573144,-0.037500000000000006,-0.005,1.177436875004787,
Shell_B_800km,0.09736842105263158,13.894736842105264,derelict_x3,1.0,3.0,10.0,True,2,5,3,False,complex_no_crossing,nan,nan,nan,True,45.45454545454545,-0.014504581454289846,-0.037500000000000006,-0.005,1.1404315000399947,
Shell_B_800km,0.09736842105263158,16.473684210526315,derelict_x3,1.0,3.0,10.0,True,2,5,3,False,complex_no_crossing,nan,nan,nan,True,45.45454545454545,-0.01488755672346016,-0.037500000000000006,-0.002773713108368122,1.10781516705174,
Shell_B_800km,0.09736842105263158,19.05263157894737,derelict_x3,1.0,3.0,10.0,True,2,4,3,False,complex_no_crossing,nan,nan,nan,True,35.35353535353535,-0.015557932124163683,-0.037500000000000006,-0.005,1.0921367920236662,
Shell_B_800km,0.09736842105263158,21.63157894736842,derelict_x3,1.0,3.0,10.0,True,2,4,2,False,complex_no_crossing,nan,nan,nan,True,35.35353535353535,-0.00990189046912642,-0.037500000000000006,-0.005,1.0614552500192076,
Shell_B_800km,0.09736842105263158,24.210526315789473,derelict_x3,1.0,3.0,10.0,True,2,3,2,False,complex_no_crossing,nan,nan,nan,True,25.252525252525253,-0.009932443244137664,-0.037500000000000006,-0.005,1.0381026249960996,
Shell_B_800km,0.09736842105263158,26.789473684210527,derelict_x3,1.0,3.0,10.0,True,2,3,2,False,complex_no_crossing,nan,nan,nan,True,25.252525252525253,-0.010008199823946923,-0.037500000000000006,-0.005,1.025565124989953,
Shell_B_800km,0.09736842105263158,29.36842105263158,derelict_x3,1.0,3.0,10.0,True,2,3,2,False,complex_no_crossing,nan,nan,nan,True,25.252525252525253,-0.010165502116849013,-0.037500000000000006,-0.005,0.9925449580186978,
Shell_B_800km,0.09736842105263158,31.94736842105263,derelict_x3,1.0,3.0,10.0,True,2,3,2,False,complex_no_crossing,nan,nan,nan,True,25.252525252525253,-0.010511317299050093,-0.037500000000000006,-0.005,0.9841348750051111,
Shell_B_800km,0.09736842105263158,34.526315789473685,derelict_x3,1.0,3.0,10.0,True,2,2,1,False,complex_no_crossing,nan,nan,nan,True,15.15151515151515,-0.006033103332855333,-0.037500000000000006,-0.005,1.055929665977601,
Shell_B_800km,0.09736842105263158,37.10526315789474,derelict_x3,1.0,3.0,10.0,True,2,2,1,False,complex_no_crossing,nan,nan,nan,True,15.15151515151515,-0.005953368719059275,-0.037500000000000006,-0.005,0.9597547079902142,
Shell_B_800km,0.09736842105263158,39.68421052631579,derelict_x3,1.0,3.0,10.0,True,2,2,1,False,complex_no_crossing,nan,nan,nan,True,15.15151515151515,-0.00587224163529321,-0.037500000000000006,-0.005,0.9415812499937601,
Shell_B_800km,0.09736842105263158,42.26315789473684,derelict_x3,1.0,3.0,10.0,True,2,2,1,False,complex_no_crossing,nan,nan,nan,True,15.15151515151515,-0.005789637831973924,-0.037500000000000006,-0.005,0.9450285420170985,
Shell_B_800km,0.09736842105263158,44.8421052631579,derelict_x3,1.0,3.0,10.0,True,2,2,1,False,complex_no_crossing,nan,nan,nan,True,15.15151515151515,-0.0057054644760625856,-0.037500000000000006,-0.005,0.9269757499569096,
Shell_B_800km,0.09736842105263158,47.421052631578945,derelict_x3,1.0,3.0,10.0,True,2,2,1,False,complex_no_crossing,nan,nan,nan,True,15.15151515151515,-0.005619619203956851,-0.037500000000000006,-0.005,0.9172049579792656,
Shell_B_800km,0.09736842105263158,50.0,derelict_x3,1.0,3.0,10.0,True,2,2,1,False,complex_no_crossing,nan,nan,nan,True,15.15151515151515,-0.005531989288878646,-0.037500000000000006,-0.005,0.8977774160448462,
Shell_B_800km,0.14473684210526316,1.0,derelict_x3,1.0,3.0,10.0,True,2,66,8,False,complex_no_crossing,nan,nan,nan,True,661.6161616161614,-0.03449679586354951,-0.037500000000000006,-0.0023142476935130367,1.2423249160056002,
Shell_B_800km,0.14473684210526316,3.5789473684210527,derelict_x3,1.0,3.0,10.0,True,2,19,6,False,complex_no_crossing,nan,nan,nan,True,186.86868686868686,-0.02758067012463812,-0.037500000000000006,-0.0027425181702191285,1.2817828329862095,
Shell_B_800km,0.14473684210526316,6.157894736842105,derelict_x3,1.0,3.0,10.0,True,2,11,5,False,complex_no_crossing,nan,nan,nan,True,106.06060606060606,-0.024047930560035187,-0.037500000000000006,-0.005,1.2420040840515867,
Shell_B_800km,0.14473684210526316,8.736842105263158,derelict_x3,1.0,3.0,10.0,True,2,8,4,False,complex_no_crossing,nan,nan,nan,True,75.75757575757575,-0.019882301092811333,-0.037500000000000006,-0.005,1.212701875017956,
Shell_B_800km,0.14473684210526316,11.31578947368421,derelict_x3,1.0,3.0,10.0,True,2,6,4,False,complex_no_crossing,nan,nan,nan,True,55.55555555555556,-0.02071914680338375,-0.037500000000000006,-0.005,1.1959776670555584,
Shell_B_800km,0.14473684210526316,13.894736842105264,derelict_x3,1.0,3.0,10.0,True,2,5,3,False,complex_no_crossing,nan,nan,nan,True,45.45454545454545,-0.015612812142186228,-0.037500000000000006,-0.005,1.1578547499957494,
Shell_B_800km,0.14473684210526316,16.473684210526315,derelict_x3,1.0,3.0,10.0,True,2,4,3,False,complex_no_crossing,nan,nan,nan,True,35.35353535353535,-0.01608368951425233,-0.037500000000000006,-0.005,1.132833708950784,
Shell_B_800km,0.14473684210526316,19.05263157894737,derelict_x3,1.0,3.0,10.0,True,2,4,2,False,complex_no_crossing,nan,nan,nan,True,35.35353535353535,-0.010866663350216781,-0.037500000000000006,-0.005,1.1317135840072297,
Shell_B_800km,0.14473684210526316,21.63157894736842,derelict_x3,1.0,3.0,10.0,True,2,3,2,False,complex_no_crossing,nan,nan,nan,True,25.252525252525253,-0.010883666630852318,-0.037500000000000006,-0.005,1.1389542079996318,
Shell_B_800km,0.14473684210526316,24.210526315789473,derelict_x3,1.0,3.0,10.0,True,2,3,2,False,complex_no_crossing,nan,nan,nan,True,25.252525252525253,-0.010944015346853814,-0.037500000000000006,-0.005,1.0851866669836454,
Shell_B_800km,0.14473684210526316,26.789473684210527,derelict_x3,1.0,3.0,10.0,True,2,3,2,False,complex_no_crossing,nan,nan,nan,True,25.252525252525253,-0.011079718830759895,-0.037500000000000006,-0.005,1.059840375033673,
Shell_B_800km,0.14473684210526316,29.36842105263158,derelict_x3,1.0,3.0,10.0,True,2,3,2,False,complex_no_crossing,nan,nan,nan,True,25.252525252525253,-0.01137525322754759,-0.037500000000000006,-0.005,1.0300754170166329,
Shell_B_800km,0.14473684210526316,31.94736842105263,derelict_x3,1.0,3.0,10.0,True,2,3,1,False,complex_no_crossing,nan,nan,nan,True,25.252525252525253,-0.006811585244911711,-0.037500000000000006,-0.003322599252731534,1.0107758750091307,
Shell_B_800km,0.14473684210526316,34.526315789473685,derelict_x3,1.0,3.0,10.0,True,2,2,1,False,complex_no_crossing,nan,nan,nan,True,15.15151515151515,-0.006718287093932776,-0.037500000000000006,-0.005,1.0872452500043437,
Shell_B_800km,0.14473684210526316,37.10526315789474,derelict_x3,1.0,3.0,10.0,True,2,2,1,False,complex_no_crossing,nan,nan,nan,True,15.15151515151515,-0.006623477959509417,-0.037500000000000006,-0.005,1.0038536670035683,
Shell_B_800km,0.14473684210526316,39.68421052631579,derelict_x3,1.0,3.0,10.0,True,2,2,1,False,complex_no_crossing,nan,nan,nan,True,15.15151515151515,-0.006527087866201042,-0.037500000000000006,-0.005,0.9793420829810202,
Shell_B_800km,0.14473684210526316,42.26315789473684,derelict_x3,1.0,3.0,10.0,True,2,2,1,False,complex_no_crossing,nan,nan,nan,True,15.15151515151515,-0.006429047712405265,-0.037500000000000006,-0.005,0.9752813749946654,
Shell_B_800km,0.14473684210526316,44.8421052631579,derelict_x3,1.0,3.0,10.0,True,2,2,1,False,complex_no_crossing,nan,nan,nan,True,15.15151515151515,-0.006329293843962304,-0.037500000000000006,-0.005,0.9648675000062212,
Shell_B_800km,0.14473684210526316,47.421052631578945,derelict_x3,1.0,3.0,10.0,True,2,2,1,False,complex_no_crossing,nan,nan,nan,True,15.15151515151515,-0.0062277766983154514,-0.037500000000000006,-0.005,0.9546217080205679,
Shell_B_800km,0.14473684210526316,50.0,derelict_x3,1.0,3.0,10.0,True,2,2,1,False,complex_no_crossing,nan,nan,nan,True,15.15151515151515,-0.006124477481257969,-0.037500000000000006,-0.005,0.944644832983613,
Shell_B_800km,0.19210526315789472,1.0,derelict_x3,1.0,3.0,10.0,True,2,66,8,False,complex_no_crossing,nan,nan,nan,True,661.6161616161614,-0.03555364064340859,-0.037500000000000006,-0.0021026138047136106,1.2571937500033528,
Shell_B_800km,0.19210526315789472,3.5789473684210527,derelict_x3,1.0,3.0,10.0,True,2,19,6,False,complex_no_crossing,nan,nan,nan,True,186.86868686868686,-0.0286485428735105,-0.037500000000000006,-0.0020170997684768573,1.2944085409981199,
Shell_B_800km,0.19210526315789472,6.157894736842105,derelict_x3,1.0,3.0,10.0,True,2,11,5,False,complex_no_crossing,nan,nan,nan,True,106.06060606060606,-0.025131599852907423,-0.037500000000000006,-0.004663693427623034,1.2647689590230584,
Shell_B_800km,0.19210526315789472,8.736842105263158,derelict_x3,1.0,3.0,10.0,True,2,8,4,False,complex_no_crossing,nan,nan,nan,True,75.75757575757575,-0.020944181412013447,-0.037500000000000006,-0.004787873224202867,1.3530776249826886,
Shell_B_800km,0.19210526315789472,11.31578947368421,derelict_x3,1.0,3.0,10.0,True,2,6,4,False,complex_no_crossing,nan,nan,nan,True,55.55555555555556,-0.02188807692149919,-0.037500000000000006,-0.004999999999999999,1.1891568750143051,
Shell_B_800km,0.19210526315789472,13.894736842105264,derelict_x3,1.0,3.0,10.0,True,2,5,3,False,complex_no_crossing,nan,nan,nan,True,45.45454545454545,-0.016647212224785803,-0.037500000000000006,-0.004999999999999999,1.1659733750275336,
Shell_B_800km,0.19210526315789472,16.473684210526315,derelict_x3,1.0,3.0,10.0,True,2,4,3,False,complex_no_crossing,nan,nan,nan,True,35.35353535353535,-0.017224466733702946,-0.037500000000000006,-0.004999999999999999,1.143424625042826,
Shell_B_800km,0.19210526315789472,19.05263157894737,derelict_x3,1.0,3.0,10.0,True,2,4,2,False,complex_no_crossing,nan,nan,nan,True,35.35353535353535,-0.01174207976174361,-0.037500000000000006,-0.004999999999999999,1.129093041003216,
Shell_B_800km,0.19210526315789472,21.63157894736842,derelict_x3,1.0,3.0,10.0,True,2,3,2,False,complex_no_crossing,nan,nan,nan,True,25.252525252525253,-0.011781654779087415,-0.037500000000000006,-0.004999999999999999,1.1109978330205195,
Shell_B_800km,0.19210526315789472,24.210526315789473,derelict_x3,1.0,3.0,10.0,True,2,3,2,False,complex_no_crossing,nan,nan,nan,True,25.252525252525253,-0.011886113142692653,-0.037500000000000006,-0.004999999999999999,1.0765999589930288,
Shell_B_800km,0.19210526315789472,26.789473684210527,derelict_x3,1.0,3.0,10.0,True,2,3,2,False,complex_no_crossing,nan,nan,nan,True,25.252525252525253,-0.01211577347260346,-0.037500000000000006,-0.004999999999999999,1.0658254160080105,
Shell_B_800km,0.19210526315789472,29.36842105263158,derelict_x3,1.0,3.0,10.0,True,2,3,1,False,complex_no_crossing,nan,nan,nan,True,25.252525252525253,-0.007505418982839858,-0.037500000000000006,-0.004999999999999999,1.0411014160490595,
Shell_B_800km,0.19210526315789472,31.94736842105263,derelict_x3,1.0,3.0,10.0,True,2,2,1,False,complex_no_crossing,nan,nan,nan,True,15.15151515151515,-0.007401462117933437,-0.037500000000000006,-0.004999999999999999,1.0415906250127591,
Shell_B_800km,0.19210526315789472,34.526315789473685,derelict_x3,1.0,3.0,10.0,True,2,2,1,False,complex_no_crossing,nan,nan,nan,True,15.15151515151515,-0.007296037380765804,-0.037500000000000006,-0.004999999999999999,1.0382360420189798,
Shell_B_800km,0.19210526315789472,37.10526315789474,derelict_x3,1.0,3.0,10.0,True,2,2,1,False,complex_no_crossing,nan,nan,nan,True,15.15151515151515,-0.007189123690786696,-0.037500000000000006,-0.004999999999999999,1.0156331670004874,
Shell_B_800km,0.19210526315789472,39.68421052631579,derelict_x3,1.0,3.0,10.0,True,2,2,1,False,complex_no_crossing,nan,nan,nan,True,15.15151515151515,-0.007080723966314909,-0.037500000000000006,-0.004999999999999999,0.9974379580235109,
Shell_B_800km,0.19210526315789472,42.26315789473684,derelict_x3,1.0,3.0,10.0,True,2,2,1,False,complex_no_crossing,nan,nan,nan,True,15.15151515151515,-0.0069708833691249006,-0.037500000000000006,-0.004999999999999999,0.9893694169586524,
Shell_B_800km,0.19210526315789472,44.8421052631579,derelict_x3,1.0,3.0,10.0,True,2,2,1,False,complex_no_crossing,nan,nan,nan,True,15.15151515151515,-0.006859722439287183,-0.037500000000000006,-0.004999999999999999,0.9817807499784976,
Shell_B_800km,0.19210526315789472,47.421052631578945,derelict_x3,1.0,3.0,10.0,True,2,2,1,False,complex_no_crossing,nan,nan,nan,True,15.15151515151515,-0.006747500696934345,-0.037500000000000006,-0.004999999999999999,0.977137291978579,
Shell_B_800km,0.19210526315789472,50.0,derelict_x3,1.0,3.0,10.0,True,2,2,1,False,complex_no_crossing,nan,nan,nan,True,15.15151515151515,-0.0066347482671077354,-0.037500000000000006,-0.004999999999999999,0.9614520409959368,
Shell_B_800km,0.23947368421052628,1.0,derelict_x3,1.0,3.0,10.0,True,2,66,8,False,complex_no_crossing,nan,nan,nan,True,661.6161616161614,-0.036564632837201044,-0.037500000000000006,-0.001866186014638039,1.2458627080195583,
Shell_B_800km,0.23947368421052628,3.5789473684210527,derelict_x3,1.0,3.0,10.0,True,2,19,6,False,complex_no_crossing,nan,nan,nan,True,186.86868686868686,-0.029664303323894234,-0.037500000000000006,-0.0007868120312703873,1.287159250001423,
Shell_B_800km,0.23947368421052628,6.157894736842105,derelict_x3,1.0,3.0,10.0,True,2,11,5,False,complex_no_crossing,nan,nan,nan,True,106.06060606060606,-0.026160569765193372,-0.037500000000000006,-0.0039516632475712,1.2649326670216396,
Shell_B_800km,0.23947368421052628,8.736842105263158,derelict_x3,1.0,3.0,10.0,True,2,8,4,False,complex_no_crossing,nan,nan,nan,True,75.75757575757575,-0.021948223474765084,-0.037500000000000006,-0.0037084287776069235,1.259581624995917,
Shell_B_800km,0.23947368421052628,11.31578947368421,derelict_x3,1.0,3.0,10.0,True,2,6,3,False,complex_no_crossing,nan,nan,nan,True,55.55555555555556,-0.017231962802398366,-0.037500000000000006,-0.005,1.2147411669720896,
Shell_B_800km,0.23947368421052628,13.894736842105264,derelict_x3,1.0,3.0,10.0,True,2,5,3,False,complex_no_crossing,nan,nan,nan,True,45.45454545454545,-0.017624844701554773,-0.037500000000000006,-0.005,1.1864683749736287,
Shell_B_800km,0.23947368421052628,16.473684210526315,derelict_x3,1.0,3.0,10.0,True,2,4,3,False,complex_no_crossing,nan,nan,nan,True,35.35353535353535,-0.018330226057854872,-0.037500000000000006,-0.005,1.1735165419522673,
Shell_B_800km,0.23947368421052628,19.05263157894737,derelict_x3,1.0,3.0,10.0,True,2,4,2,False,complex_no_crossing,nan,nan,nan,True,35.35353535353535,-0.012550660293382065,-0.037500000000000006,-0.005,1.1428905830252916,
Shell_B_800km,0.23947368421052628,21.63157894736842,derelict_x3,1.0,3.0,10.0,True,2,3,2,False,complex_no_crossing,nan,nan,nan,True,25.252525252525253,-0.012621243052898254,-0.037500000000000006,-0.005,1.1305153330322355,
Shell_B_800km,0.23947368421052628,24.210526315789473,derelict_x3,1.0,3.0,10.0,True,2,3,2,False,complex_no_crossing,nan,nan,nan,True,25.252525252525253,-0.012787602198476314,-0.037500000000000006,-0.005,1.1104449999984354,
Shell_B_800km,0.23947368421052628,26.789473684210527,derelict_x3,1.0,3.0,10.0,True,2,3,2,False,complex_no_crossing,nan,nan,nan,True,25.252525252525253,-0.013165892384807445,-0.037500000000000006,-0.005,1.100360666983761,
Shell_B_800km,0.23947368421052628,29.36842105263158,derelict_x3,1.0,3.0,10.0,True,2,3,1,False,complex_no_crossing,nan,nan,nan,True,25.252525252525253,-0.008035433125572795,-0.037500000000000006,-0.0017065194855217518,1.0743095420184545,
Shell_B_800km,0.23947368421052628,31.94736842105263,derelict_x3,1.0,3.0,10.0,True,2,2,1,False,complex_no_crossing,nan,nan,nan,True,15.15151515151515,-0.007921484840684065,-0.037500000000000006,-0.005,1.078254125022795,
Shell_B_800km,0.23947368421052628,34.526315789473685,derelict_x3,1.0,3.0,10.0,True,2,2,1,False,complex_no_crossing,nan,nan,nan,True,15.15151515151515,-0.007806284240964943,-0.037500000000000006,-0.005,1.0603337080101483,
Shell_B_800km,0.23947368421052628,37.10526315789474,derelict_x3,1.0,3.0,10.0,True,2,2,1,False,complex_no_crossing,nan,nan,nan,True,15.15151515151515,-0.007689942736151822,-0.037500000000000006,-0.005,1.0510663330205716,
Shell_B_800km,0.23947368421052628,39.68421052631579,derelict_x3,1.0,3.0,10.0,True,2,2,1,False,complex_no_crossing,nan,nan,nan,True,15.15151515151515,-0.007572668992934665,-0.037500000000000006,-0.005,1.0389256670023315,
Shell_B_800km,0.23947368421052628,42.26315789473684,derelict_x3,1.0,3.0,10.0,True,2,2,1,False,complex_no_crossing,nan,nan,nan,True,15.15151515151515,-0.007454841078910484,-0.037500000000000006,-0.005,1.0237047919654287,
Shell_B_800km,0.23947368421052628,44.8421052631579,derelict_x3,1.0,3.0,10.0,True,2,2,1,False,complex_no_crossing,nan,nan,nan,True,15.15151515151515,-0.007337148680858852,-0.037500000000000006,-0.005,1.0108382910257205,
Shell_B_800km,0.23947368421052628,47.421052631578945,derelict_x3,1.0,3.0,10.0,True,2,2,1,False,complex_no_crossing,nan,nan,nan,True,15.15151515151515,-0.007220901422209887,-0.037500000000000006,-0.005,1.0090492500457913,
Shell_B_800km,0.23947368421052628,50.0,derelict_x3,1.0,3.0,10.0,True,2,2,1,False,complex_no_crossing,nan,nan,nan,True,15.15151515151515,-0.007108795154749244,-0.037500000000000006,-0.005,0.9992605830193497,
Shell_B_800km,0.28684210526315784,1.0,derelict_x3,1.0,3.0,10.0,True,2,66,8,False,complex_no_crossing,nan,nan,nan,True,661.6161616161614,-0.03753483652455007,-0.037500000000000006,-0.0015941162011274517,1.3174093330162577,
Shell_B_800km,0.28684210526315784,3.5789473684210527,derelict_x3,1.0,3.0,10.0,True,2,18,6,False,complex_no_crossing,nan,nan,nan,True,176.76767676767676,-0.03063467135382733,-0.037500000000000006,-0.004785130764968166,1.3065467080450617,
Shell_B_800km,0.28684210526315784,6.157894736842105,derelict_x3,1.0,3.0,10.0,True,2,11,5,False,complex_no_crossing,nan,nan,nan,True,106.06060606060606,-0.02714275067642906,-0.037500000000000006,-0.0030839855988728355,1.2692159169819206,
Shell_B_800km,0.28684210526315784,8.736842105263158,derelict_x3,1.0,3.0,10.0,True,2,8,4,False,complex_no_crossing,nan,nan,nan,True,75.75757575757575,-0.02290405606387478,-0.037500000000000006,-0.0022052560098537424,1.2566326670348644,
Shell_B_800km,0.28684210526315784,11.31578947368421,derelict_x3,1.0,3.0,10.0,True,2,6,3,False,complex_no_crossing,nan,nan,nan,True,55.55555555555556,-0.018099811100084472,-0.037500000000000006,-0.005,1.2431777080055326,
Shell_B_800km,0.28684210526315784,13.894736842105264,derelict_x3,1.0,3.0,10.0,True,2,5,3,False,complex_no_crossing,nan,nan,nan,True,45.45454545454545,-0.018558269244626606,-0.037500000000000006,-0.005,1.2157905410276726,
Shell_B_800km,0.28684210526315784,16.473684210526315,derelict_x3,1.0,3.0,10.0,True,2,4,2,False,complex_no_crossing,nan,nan,nan,True,35.35353535353535,-0.013271203898342205,-0.037500000000000006,-0.005,1.1972066670423374,
Shell_B_800km,0.28684210526315784,19.05263157894737,derelict_x3,1.0,3.0,10.0,True,2,4,2,False,complex_no_crossing,nan,nan,nan,True,35.35353535353535,-0.01330898961388104,-0.037500000000000006,-0.004044456798273289,1.177938750013709,
Shell_B_800km,0.28684210526315784,21.63157894736842,derelict_x3,1.0,3.0,10.0,True,2,3,2,False,complex_no_crossing,nan,nan,nan,True,25.252525252525253,-0.013420077804592107,-0.037500000000000006,-0.005,1.1746491660014726,
Shell_B_800km,0.28684210526315784,24.210526315789473,derelict_x3,1.0,3.0,10.0,True,2,3,2,False,complex_no_crossing,nan,nan,nan,True,25.252525252525253,-0.013671813113497994,-0.037500000000000006,-0.005,1.144179290975444,
Shell_B_800km,0.28684210526315784,26.789473684210527,derelict_x3,1.0,3.0,10.0,True,2,3,1,False,complex_no_crossing,nan,nan,nan,True,25.252525252525253,-0.008635735165362824,-0.037500000000000006,-0.005,1.1434310000040568,
Shell_B_800km,0.28684210526315784,29.36842105263158,derelict_x3,1.0,3.0,10.0,True,2,2,1,False,complex_no_crossing,nan,nan,nan,True,15.15151515151515,-0.00851471193723331,-0.037500000000000006,-0.005,1.1266307500191033,
Shell_B_800km,0.28684210526315784,31.94736842105263,derelict_x3,1.0,3.0,10.0,True,2,2,1,False,complex_no_crossing,nan,nan,nan,True,15.15151515151515,-0.00839274893516172,-0.037500000000000006,-0.005,1.134352916968055,
Shell_B_800km,0.28684210526315784,34.526315789473685,derelict_x3,1.0,3.0,10.0,True,2,2,1,False,complex_no_crossing,nan,nan,nan,True,15.15151515151515,-0.00827007930160074,-0.037500000000000006,-0.005,1.1132717920118012,
Shell_B_800km,0.28684210526315784,37.10526315789474,derelict_x3,1.0,3.0,10.0,True,2,2,1,False,complex_no_crossing,nan,nan,nan,True,15.15151515151515,-0.008147094281476712,-0.037500000000000006,-0.005,1.0921332919970155,
Shell_B_800km,0.28684210526315784,39.68421052631579,derelict_x3,1.0,3.0,10.0,True,2,2,1,False,complex_no_crossing,nan,nan,nan,True,15.15151515151515,-0.008024459442094147,-0.037500000000000006,-0.005,1.0887138749822043,
Shell_B_800km,0.28684210526315784,42.26315789473684,derelict_x3,1.0,3.0,10.0,True,2,2,1,False,complex_no_crossing,nan,nan,nan,True,15.15151515151515,-0.00790334785996737,-0.037500000000000006,-0.005,1.075484500033781,
Shell_B_800km,0.28684210526315784,44.8421052631579,derelict_x3,1.0,3.0,10.0,True,2,2,1,False,complex_no_crossing,nan,nan,nan,True,15.15151515151515,-0.007785960826899037,-0.037500000000000006,-0.005,1.0722030829638243,
Shell_B_800km,0.28684210526315784,47.421052631578945,derelict_x3,1.0,3.0,10.0,True,2,2,1,False,complex_no_crossing,nan,nan,nan,True,15.15151515151515,-0.00767688819540205,-0.037500000000000006,-0.005,1.0566096249967813,
Shell_B_800km,0.28684210526315784,50.0,derelict_x3,1.0,3.0,10.0,True,2,2,1,False,complex_no_crossing,nan,nan,nan,True,15.15151515151515,-0.0075877099365303305,-0.037500000000000006,-0.005,1.0492255829740316,
Shell_B_800km,0.33421052631578946,1.0,derelict_x3,1.0,3.0,10.0,True,2,66,8,False,complex_no_crossing,nan,nan,nan,True,661.6161616161614,-0.038468485539479035,-0.037500000000000006,-0.001263805237425101,1.2688376249861903,
Shell_B_800km,0.33421052631578946,3.5789473684210527,derelict_x3,1.0,3.0,10.0,True,2,18,6,False,complex_no_crossing,nan,nan,nan,True,176.76767676767676,-0.03156510856903372,-0.037500000000000006,-0.004422332420941773,1.3667064170003869,
Shell_B_800km,0.33421052631578946,6.157894736842105,derelict_x3,1.0,3.0,10.0,True,2,11,5,False,complex_no_crossing,nan,nan,nan,True,106.06060606060606,-0.02808444987074167,-0.037500000000000006,-0.00186673663713712,1.3033766659791581,
Shell_B_800km,0.33421052631578946,8.736842105263158,derelict_x3,1.0,3.0,10.0,True,2,7,4,False,complex_no_crossing,nan,nan,nan,True,65.65656565656565,-0.023819174230325417,-0.037500000000000006,-0.004999999999999999,1.2824677919852547,
Shell_B_800km,0.33421052631578946,11.31578947368421,derelict_x3,1.0,3.0,10.0,True,2,6,3,False,complex_no_crossing,nan,nan,nan,True,55.55555555555556,-0.01892492085977295,-0.037500000000000006,-0.004999999999999999,1.2575093749910593,
Shell_B_800km,0.33421052631578946,13.894736842105264,derelict_x3,1.0,3.0,10.0,True,2,5,3,False,complex_no_crossing,nan,nan,nan,True,45.45454545454545,-0.019457132561928873,-0.037500000000000006,-0.004999999999999999,1.2516306670149788,
Shell_B_800km,0.33421052631578946,16.473684210526315,derelict_x3,1.0,3.0,10.0,True,2,4,2,False,complex_no_crossing,nan,nan,nan,True,35.35353535353535,-0.013964651909763714,-0.037500000000000006,-0.004999999999999999,1.2414915839908645,
Shell_B_800km,0.33421052631578946,19.05263157894737,derelict_x3,1.0,3.0,10.0,True,2,3,2,False,complex_no_crossing,nan,nan,nan,True,25.252525252525253,-0.014028915243909765,-0.037500000000000006,-0.004999999999999999,1.2223980829585344,
Shell_B_800km,0.33421052631578946,21.63157894736842,derelict_x3,1.0,3.0,10.0,True,2,3,2,False,complex_no_crossing,nan,nan,nan,True,25.252525252525253,-0.01419155687362824,-0.037500000000000006,-0.004999999999999999,1.2042676659766585,
Shell_B_800km,0.33421052631578946,24.210526315789473,derelict_x3,1.0,3.0,10.0,True,2,3,2,False,complex_no_crossing,nan,nan,nan,True,25.252525252525253,-0.014561624406837299,-0.037500000000000006,-0.004999999999999999,1.1887774579809047,
Shell_B_800km,0.33421052631578946,26.789473684210527,derelict_x3,1.0,3.0,10.0,True,2,3,1,False,complex_no_crossing,nan,nan,nan,True,25.252525252525253,-0.00908395040354256,-0.037500000000000006,-0.004223071526633839,1.1843996669631451,
Shell_B_800km,0.33421052631578946,29.36842105263158,derelict_x3,1.0,3.0,10.0,True,2,2,1,False,complex_no_crossing,nan,nan,nan,True,15.15151515151515,-0.008956225752369127,-0.037500000000000006,-0.004999999999999999,1.1760282500181347,
Shell_B_800km,0.33421052631578946,31.94736842105263,derelict_x3,1.0,3.0,10.0,True,2,2,1,False,complex_no_crossing,nan,nan,nan,True,15.15151515151515,-0.008828231253196478,-0.037500000000000006,-0.004999999999999999,1.1675905410083942,
Shell_B_800km,0.33421052631578946,34.526315789473685,derelict_x3,1.0,3.0,10.0,True,2,2,1,False,complex_no_crossing,nan,nan,nan,True,15.15151515151515,-0.008700522356601818,-0.037500000000000006,-0.004999999999999999,1.1530081250239164,
Shell_B_800km,0.33421052631578946,37.10526315789474,derelict_x3,1.0,3.0,10.0,True,2,2,1,False,complex_no_crossing,nan,nan,nan,True,15.15151515151515,-0.008574017965541731,-0.037500000000000006,-0.004999999999999999,1.1477385829784907,
Shell_B_800km,0.33421052631578946,39.68421052631579,derelict_x3,1.0,3.0,10.0,True,2,2,1,False,complex_no_crossing,nan,nan,nan,True,15.15151515151515,-0.008450307824477378,-0.037500000000000006,-0.004999999999999999,1.1426629589986987,
Shell_B_800km,0.33421052631578946,42.26315789473684,derelict_x3,1.0,3.0,10.0,True,2,2,1,False,complex_no_crossing,nan,nan,nan,True,15.15151515151515,-0.008332343913703074,-0.037500000000000006,-0.004999999999999999,1.1235290000331588,
Shell_B_800km,0.33421052631578946,44.8421052631579,derelict_x3,1.0,3.0,10.0,True,2,2,1,False,complex_no_crossing,nan,nan,nan,True,15.15151515151515,-0.00822627311057417,-0.037500000000000006,-0.004999999999999999,1.1167663750238717,
Shell_B_800km,0.33421052631578946,47.421052631578945,derelict_x3,1.0,3.0,10.0,True,2,2,1,False,complex_no_crossing,nan,nan,nan,True,15.15151515151515,-0.008147828238522753,-0.037500000000000006,-0.004999999999999999,1.1252604999463074,
Shell_B_800km,0.33421052631578946,50.0,derelict_x3,1.0,3.0,10.0,True,2,2,1,False,complex_no_crossing,nan,nan,nan,True,15.15151515151515,-0.00816399135129288,-0.037500000000000006,-0.004999999999999999,1.1086535829817876,
Shell_B_800km,0.381578947368421,1.0,derelict_x3,1.0,3.0,10.0,True,2,66,8,False,complex_no_crossing,nan,nan,nan,True,661.6161616161614,-0.03936915798320662,-0.037500000000000006,-0.0008070931265810304,1.3012623750255443,
Shell_B_800km,0.381578947368421,3.5789473684210527,derelict_x3,1.0,3.0,10.0,True,2,18,6,False,complex_no_crossing,nan,nan,nan,True,176.76767676767676,-0.03246011716605904,-0.037500000000000006,-0.004023951752507023,1.3533076670137234,
Shell_B_800km,0.381578947368421,6.157894736842105,derelict_x3,1.0,3.0,10.0,True,2,10,5,False,complex_no_crossing,nan,nan,nan,True,95.95959595959596,-0.028990782072863104,-0.037500000000000006,-0.005,1.3349632500321604,
Shell_B_800km,0.381578947368421,8.736842105263158,derelict_x3,1.0,3.0,10.0,True,2,7,4,False,complex_no_crossing,nan,nan,nan,True,65.65656565656565,-0.024699538335340908,-0.037500000000000006,-0.005,1.3249919999507256,
Shell_B_800km,0.381578947368421,11.31578947368421,derelict_x3,1.0,3.0,10.0,True,2,6,3,False,complex_no_crossing,nan,nan,nan,True,55.55555555555556,-0.019714359429531772,-0.037500000000000006,-0.004239430201724897,1.3095886669470929,
Shell_B_800km,0.381578947368421,13.894736842105264,derelict_x3,1.0,3.0,10.0,True,2,5,3,False,complex_no_crossing,nan,nan,nan,True,45.45454545454545,-0.02032913380086572,-0.037500000000000006,-0.004159686589568589,1.2901105000055395,
Shell_B_800km,0.381578947368421,16.473684210526315,derelict_x3,1.0,3.0,10.0,True,2,4,2,False,complex_no_crossing,nan,nan,nan,True,35.35353535353535,-0.014622929249094552,-0.037500000000000006,-0.005,1.2777756659779698,
Shell_B_800km,0.381578947368421,19.05263157894737,derelict_x3,1.0,3.0,10.0,True,2,3,2,False,complex_no_crossing,nan,nan,nan,True,25.252525252525253,-0.014719346275919214,-0.037500000000000006,-0.005,1.2757019159616902,
Shell_B_800km,0.381578947368421,21.63157894736842,derelict_x3,1.0,3.0,10.0,True,2,3,2,False,complex_no_crossing,nan,nan,nan,True,25.252525252525253,-0.014946775056547922,-0.037500000000000006,-0.005,1.2611401670146734,
Shell_B_800km,0.381578947368421,24.210526315789473,derelict_x3,1.0,3.0,10.0,True,2,3,1,False,complex_no_crossing,nan,nan,nan,True,25.252525252525253,-0.009634341517316389,-0.037500000000000006,-0.005,1.248046750028152,
Shell_B_800km,0.381578947368421,26.789473684210527,derelict_x3,1.0,3.0,10.0,True,2,2,1,False,complex_no_crossing,nan,nan,nan,True,15.15151515151515,-0.00950148540570554,-0.037500000000000006,-0.005,1.2429531669477,
Shell_B_800km,0.381578947368421,29.36842105263158,derelict_x3,1.0,3.0,10.0,True,2,2,1,False,complex_no_crossing,nan,nan,nan,True,15.15151515151515,-0.009368738416808265,-0.037500000000000006,-0.005,1.2289555839961395,
Shell_B_800km,0.381578947368421,31.94736842105263,derelict_x3,1.0,3.0,10.0,True,2,2,1,False,complex_no_crossing,nan,nan,nan,True,15.15151515151515,-0.00923677699160333,-0.037500000000000006,-0.005,1.2293365839868784,
Shell_B_800km,0.381578947368421,34.526315789473685,derelict_x3,1.0,3.0,10.0,True,2,2,1,False,complex_no_crossing,nan,nan,nan,True,15.15151515151515,-0.009106696836772881,-0.037500000000000006,-0.005,1.396132999972906,
Shell_B_800km,0.381578947368421,37.10526315789474,derelict_x3,1.0,3.0,10.0,True,2,2,1,False,complex_no_crossing,nan,nan,nan,True,15.15151515151515,-0.008980358285167791,-0.037500000000000006,-0.005,1.2142112919827923,
Shell_B_800km,0.381578947368421,39.68421052631579,derelict_x3,1.0,3.0,10.0,True,2,2,1,False,complex_no_crossing,nan,nan,nan,True,15.15151515151515,-0.008861153337138775,-0.037500000000000006,-0.005,1.203501999960281,
Shell_B_800km,0.381578947368421,42.26315789473684,derelict_x3,1.0,3.0,10.0,True,2,2,1,False,complex_no_crossing,nan,nan,nan,True,15.15151515151515,-0.008756004293361822,-0.037500000000000006,-0.005,1.2074015410034917,
Shell_B_800km,0.381578947368421,44.8421052631579,derelict_x3,1.0,3.0,10.0,True,2,2,1,False,complex_no_crossing,nan,nan,nan,True,15.15151515151515,-0.008682141627284042,-0.037500000000000006,-0.005,1.1960863749845885,
Shell_B_800km,0.381578947368421,47.421052631578945,derelict_x3,1.0,3.0,10.0,True,2,2,1,False,complex_no_crossing,nan,nan,nan,True,15.15151515151515,-0.008708085142400186,-0.037500000000000006,-0.005,1.2414425419992767,
Shell_B_800km,0.381578947368421,50.0,derelict_x3,1.0,3.0,10.0,False,2,1,0,False,no_branch,nan,nan,nan,False,nan,nan,nan,nan,1.1916474580066279,
Shell_B_800km,0.4289473684210526,1.0,derelict_x3,1.0,3.0,10.0,True,2,65,7,False,complex_no_crossing,nan,nan,nan,True,651.5151515151515,-0.036111063609065436,-0.037500000000000006,-0.0024769991884439745,1.32815799996024,
Shell_B_800km,0.4289473684210526,3.5789473684210527,derelict_x3,1.0,3.0,10.0,True,2,18,6,False,complex_no_crossing,nan,nan,nan,True,176.76767676767676,-0.03332345462999926,-0.037500000000000006,-0.0035793403869120843,1.388808291987516,
Shell_B_800km,0.4289473684210526,6.157894736842105,derelict_x3,1.0,3.0,10.0,True,2,10,5,False,complex_no_crossing,nan,nan,nan,True,95.95959595959596,-0.029865956018156104,-0.037500000000000006,-0.005000000000000001,1.3733710840460844,
Shell_B_800km,0.4289473684210526,8.736842105263158,derelict_x3,1.0,3.0,10.0,True,2,7,4,False,complex_no_crossing,nan,nan,nan,True,65.65656565656565,-0.025549976346864622,-0.037500000000000006,-0.005000000000000001,1.360372915980406,
Shell_B_800km,0.4289473684210526,11.31578947368421,derelict_x3,1.0,3.0,10.0,True,2,6,3,False,complex_no_crossing,nan,nan,nan,True,55.55555555555556,-0.020473709484588,-0.037500000000000006,-0.0025429109618814185,1.3553473339998163,
Shell_B_800km,0.4289473684210526,13.894736842105264,derelict_x3,1.0,3.0,10.0,True,2,5,3,False,complex_no_crossing,nan,nan,nan,True,45.45454545454545,-0.021180649439951085,-0.037500000000000006,-0.0017640893391040816,1.3392223750124685,
Shell_B_800km,0.4289473684210526,16.473684210526315,derelict_x3,1.0,3.0,10.0,True,2,4,2,False,complex_no_crossing,nan,nan,nan,True,35.35353535353535,-0.015252537476980728,-0.037500000000000006,-0.005000000000000001,1.3333152499981225,
Shell_B_800km,0.4289473684210526,19.05263157894737,derelict_x3,1.0,3.0,10.0,True,2,3,2,False,complex_no_crossing,nan,nan,nan,True,25.252525252525253,-0.015387289418889265,-0.037500000000000006,-0.005000000000000001,1.330018749984447,
Shell_B_800km,0.4289473684210526,21.63157894736842,derelict_x3,1.0,3.0,10.0,True,2,3,2,False,complex_no_crossing,nan,nan,nan,True,25.252525252525253,-0.01569583573820317,-0.037500000000000006,-0.005000000000000001,1.320238457992673,
Shell_B_800km,0.4289473684210526,24.210526315789473,derelict_x3,1.0,3.0,10.0,True,2,3,1,False,complex_no_crossing,nan,nan,nan,True,25.252525252525253,-0.010031825886447503,-0.037500000000000006,-0.005000000000000001,1.3111090409802273,
Shell_B_800km,0.4289473684210526,26.789473684210527,derelict_x3,1.0,3.0,10.0,True,2,2,1,False,complex_no_crossing,nan,nan,nan,True,15.15151515151515,-0.009894624634275484,-0.037500000000000006,-0.005000000000000001,1.3105968339950778,
Shell_B_800km,0.4289473684210526,29.36842105263158,derelict_x3,1.0,3.0,10.0,True,2,2,1,False,complex_no_crossing,nan,nan,nan,True,15.15151515151515,-0.009758569842977068,-0.037500000000000006,-0.005000000000000001,1.3514622080256231,
Shell_B_800km,0.4289473684210526,31.94736842105263,derelict_x3,1.0,3.0,10.0,True,2,2,1,False,complex_no_crossing,nan,nan,nan,True,15.15151515151515,-0.009624845543171515,-0.037500000000000006,-0.005000000000000001,1.290511500032153,
Shell_B_800km,0.4289473684210526,34.526315789473685,derelict_x3,1.0,3.0,10.0,True,2,2,1,False,complex_no_crossing,nan,nan,nan,True,15.15151515151515,-0.009495419217627005,-0.037500000000000006,-0.005000000000000001,1.2874200840014964,
Shell_B_800km,0.4289473684210526,37.10526315789474,derelict_x3,1.0,3.0,10.0,True,2,2,1,False,complex_no_crossing,nan,nan,nan,True,15.15151515151515,-0.009373788197200281,-0.037500000000000006,-0.005000000000000001,1.2804288329789415,
Shell_B_800km,0.4289473684210526,39.68421052631579,derelict_x3,1.0,3.0,10.0,True,2,2,1,False,complex_no_crossing,nan,nan,nan,True,15.15151515151515,-0.009266849198726668,-0.037500000000000006,-0.005000000000000001,1.2816448750090785,
Shell_B_800km,0.4289473684210526,42.26315789473684,derelict_x3,1.0,3.0,10.0,True,2,2,1,False,complex_no_crossing,nan,nan,nan,True,15.15151515151515,-0.009190826684837205,-0.037500000000000006,-0.005000000000000001,1.2876746249967255,
Shell_B_800km,0.4289473684210526,44.8421052631579,derelict_x3,1.0,3.0,10.0,True,2,2,1,False,complex_no_crossing,nan,nan,nan,True,15.15151515151515,-0.0092014811044446,-0.037500000000000006,-0.005000000000000001,1.2750806250260212,
Shell_B_800km,0.4289473684210526,47.421052631578945,derelict_x3,1.0,3.0,10.0,False,2,1,0,False,no_branch,nan,nan,nan,False,nan,nan,nan,nan,1.2810821669991128,
Shell_B_800km,0.4289473684210526,50.0,derelict_x3,1.0,3.0,10.0,False,2,1,0,False,no_branch,nan,nan,nan,False,nan,nan,nan,nan,1.2785879999864846,
Shell_B_800km,0.47631578947368414,1.0,derelict_x3,1.0,3.0,10.0,True,2,65,7,False,complex_no_crossing,nan,nan,nan,True,651.5151515151515,-0.03692566513319215,-0.037500000000000006,-0.0022815251256043134,1.3793440840090625,
Shell_B_800km,0.47631578947368414,3.5789473684210527,derelict_x3,1.0,3.0,10.0,True,2,18,6,False,complex_no_crossing,nan,nan,nan,True,176.76767676767676,-0.03415829128678792,-0.037500000000000006,-0.003069915474732999,1.4485434999805875,
Shell_B_800km,0.47631578947368414,6.157894736842105,derelict_x3,1.0,3.0,10.0,True,2,10,5,False,complex_no_crossing,nan,nan,nan,True,95.95959595959596,-0.03071347957709345,-0.037500000000000006,-0.005,1.4355282500036992,
Shell_B_800km,0.47631578947368414,8.736842105263158,derelict_x3,1.0,3.0,10.0,True,2,7,4,False,complex_no_crossing,nan,nan,nan,True,65.65656565656565,-0.026374462634847724,-0.037500000000000006,-0.005,1.4247842920012772,
Shell_B_800km,0.47631578947368414,11.31578947368421,derelict_x3,1.0,3.0,10.0,True,2,5,3,False,complex_no_crossing,nan,nan,nan,True,45.45454545454545,-0.02120747178868137,-0.037500000000000006,-0.005,1.4224975840188563,
Shell_B_800km,0.47631578947368414,13.894736842105264,derelict_x3,1.0,3.0,10.0,True,2,4,3,False,complex_no_crossing,nan,nan,nan,True,35.35353535353535,-0.022017162945446426,-0.037500000000000006,-0.005,1.4070311660179868,
Shell_B_800km,0.47631578947368414,16.473684210526315,derelict_x3,1.0,3.0,10.0,True,2,4,2,False,complex_no_crossing,nan,nan,nan,True,35.35353535353535,-0.01585857363592156,-0.037500000000000006,-0.005,1.3876276249648072,
Shell_B_800km,0.47631578947368414,19.05263157894737,derelict_x3,1.0,3.0,10.0,True,2,3,2,False,complex_no_crossing,nan,nan,nan,True,25.252525252525253,-0.01603849710521238,-0.037500000000000006,-0.005,1.3930443749995902,
Shell_B_800km,0.47631578947368414,21.63157894736842,derelict_x3,1.0,3.0,10.0,True,2,3,2,False,complex_no_crossing,nan,nan,nan,True,25.252525252525253,-0.01644898463942502,-0.037500000000000006,-0.005,1.3863150419783778,
Shell_B_800km,0.47631578947368414,24.210526315789473,derelict_x3,1.0,3.0,10.0,True,2,3,1,False,complex_no_crossing,nan,nan,nan,True,25.252525252525253,-0.010408218298158668,-0.037500000000000006,-0.005,1.375154375040438,
Shell_B_800km,0.47631578947368414,26.789473684210527,derelict_x3,1.0,3.0,10.0,True,2,2,1,False,complex_no_crossing,nan,nan,nan,True,15.15151515151515,-0.01026807388756949,-0.037500000000000006,-0.005,1.3757617920055054,
Shell_B_800km,0.47631578947368414,29.36842105263158,derelict_x3,1.0,3.0,10.0,True,2,2,1,False,complex_no_crossing,nan,nan,nan,True,15.15151515151515,-0.010130491161725855,-0.037500000000000006,-0.005,1.3740332500310615,
Shell_B_800km,0.47631578947368414,31.94736842105263,derelict_x3,1.0,3.0,10.0,True,2,2,1,False,complex_no_crossing,nan,nan,nan,True,15.15151515151515,-0.009997408828569752,-0.037500000000000006,-0.005,1.3704803750151768,
Shell_B_800km,0.47631578947368414,34.526315789473685,derelict_x3,1.0,3.0,10.0,True,2,2,1,False,complex_no_crossing,nan,nan,nan,True,15.15151515151515,-0.00987217189217902,-0.037500000000000006,-0.005,1.3732034580316395,
Shell_B_800km,0.47631578947368414,37.10526315789474,derelict_x3,1.0,3.0,10.0,True,2,2,1,False,complex_no_crossing,nan,nan,nan,True,15.15151515151515,-0.00976110611543228,-0.037500000000000006,-0.005,1.3895950419828296,
Shell_B_800km,0.47631578947368414,39.68421052631579,derelict_x3,1.0,3.0,10.0,True,2,2,1,False,complex_no_crossing,nan,nan,nan,True,15.15151515151515,-0.009678100878612497,-0.037500000000000006,-0.005,1.365672625019215,
Shell_B_800km,0.47631578947368414,42.26315789473684,derelict_x3,1.0,3.0,10.0,True,2,2,1,False,complex_no_crossing,nan,nan,nan,True,15.15151515151515,-0.00966392797125627,-0.037500000000000006,-0.005,1.3778233749908395,
Shell_B_800km,0.47631578947368414,44.8421052631579,derelict_x3,1.0,3.0,10.0,False,2,1,0,False,no_branch,nan,nan,nan,False,nan,nan,nan,nan,1.3780722920200787,
Shell_B_800km,0.47631578947368414,47.421052631578945,derelict_x3,1.0,3.0,10.0,False,2,1,0,False,no_branch,nan,nan,nan,False,nan,nan,nan,nan,1.3815281669958495,
Shell_B_800km,0.47631578947368414,50.0,derelict_x3,1.0,3.0,10.0,False,2,1,0,False,no_branch,nan,nan,nan,False,nan,nan,nan,nan,1.384499625011813,
Shell_B_800km,0.5236842105263158,1.0,derelict_x3,1.0,3.0,10.0,True,2,65,7,False,complex_no_crossing,nan,nan,nan,True,651.5151515151515,-0.03771448239118268,-0.037500000000000006,-0.0020669547142363022,1.4741513750050217,
Shell_B_800km,0.5236842105263158,3.5789473684210527,derelict_x3,1.0,3.0,10.0,True,2,18,6,False,complex_no_crossing,nan,nan,nan,True,176.76767676767676,-0.03496732809317415,-0.037500000000000006,-0.0024576790764818343,1.509727374999784,
Shell_B_800km,0.5236842105263158,6.157894736842105,derelict_x3,1.0,3.0,10.0,True,2,10,4,False,complex_no_crossing,nan,nan,nan,True,95.95959595959596,-0.026148499499615258,-0.037500000000000006,-0.005,1.4865088749793358,
Shell_B_800km,0.5236842105263158,8.736842105263158,derelict_x3,1.0,3.0,10.0,True,2,7,4,False,complex_no_crossing,nan,nan,nan,True,65.65656565656565,-0.027176316374198345,-0.037500000000000006,-0.005,1.4732226670021191,
Shell_B_800km,0.5236842105263158,11.31578947368421,derelict_x3,1.0,3.0,10.0,True,2,5,3,False,complex_no_crossing,nan,nan,nan,True,45.45454545454545,-0.021919340854833224,-0.037500000000000006,-0.005,1.4638477500411682,
Shell_B_800km,0.5236842105263158,13.894736842105264,derelict_x3,1.0,3.0,10.0,True,2,4,2,False,complex_no_crossing,nan,nan,nan,True,35.35353535353535,-0.016349327105779778,-0.037500000000000006,-0.005,1.4445205420488492,
Shell_B_800km,0.5236842105263158,16.473684210526315,derelict_x3,1.0,3.0,10.0,True,2,4,2,False,complex_no_crossing,nan,nan,nan,True,35.35353535353535,-0.016445135278301354,-0.037500000000000006,-0.005,1.4283148329705,
Shell_B_800km,0.5236842105263158,19.05263157894737,derelict_x3,1.0,3.0,10.0,True,2,3,2,False,complex_no_crossing,nan,nan,nan,True,25.252525252525253,-0.016677904886925637,-0.037500000000000006,-0.005,1.4372616250184365,
Shell_B_800km,0.5236842105263158,21.63157894736842,derelict_x3,1.0,3.0,10.0,True,2,3,1,False,complex_no_crossing,nan,nan,nan,True,25.252525252525253,-0.010911423840209818,-0.037500000000000006,-0.005,1.4635414999793284,
Shell_B_800km,0.5236842105263158,24.210526315789473,derelict_x3,1.0,3.0,10.0,True,2,3,1,False,complex_no_crossing,nan,nan,nan,True,25.252525252525253,-0.010767140020857427,-0.037500000000000006,-0.0011887322144118434,1.4176194170140661,
Shell_B_800km,0.5236842105263158,26.789473684210527,derelict_x3,1.0,3.0,10.0,True,2,2,1,False,complex_no_crossing,nan,nan,nan,True,15.15151515151515,-0.01062547174834466,-0.037500000000000006,-0.005,1.4212072500376962,
Shell_B_800km,0.5236842105263158,29.36842105263158,derelict_x3,1.0,3.0,10.0,True,2,2,1,False,complex_no_crossing,nan,nan,nan,True,15.15151515151515,-0.010488237522605007,-0.037500000000000006,-0.005,1.4185954579734243,
Shell_B_800km,0.5236842105263158,31.94736842105263,derelict_x3,1.0,3.0,10.0,True,2,2,1,False,complex_no_crossing,nan,nan,nan,True,15.15151515151515,-0.010358477804894434,-0.037500000000000006,-0.005,1.4098870000452735,
Shell_B_800km,0.5236842105263158,34.526315789473685,derelict_x3,1.0,3.0,10.0,True,2,2,1,False,complex_no_crossing,nan,nan,nan,True,15.15151515151515,-0.010241694086833694,-0.037500000000000006,-0.005,1.4151180000044405,
Shell_B_800km,0.5236842105263158,37.10526315789474,derelict_x3,1.0,3.0,10.0,True,2,2,1,False,complex_no_crossing,nan,nan,nan,True,15.15151515151515,-0.010149146420142287,-0.037500000000000006,-0.005,1.4007432500366122,
Shell_B_800km,0.5236842105263158,39.68421052631579,derelict_x3,1.0,3.0,10.0,True,2,2,1,False,complex_no_crossing,nan,nan,nan,True,15.15151515151515,-0.010109533973480876,-0.037500000000000006,-0.005,1.4049728750251234,
Shell_B_800km,0.5236842105263158,42.26315789473684,derelict_x3,1.0,3.0,10.0,True,2,2,0,False,no_complex_eigenvalues,nan,nan,nan,True,15.15151515151515,nan,-0.037500000000000006,-0.005,1.4098656250280328,
Shell_B_800km,0.5236842105263158,44.8421052631579,derelict_x3,1.0,3.0,10.0,False,2,1,0,False,no_branch,nan,nan,nan,False,nan,nan,nan,nan,1.407394458015915,
Shell_B_800km,0.5236842105263158,47.421052631578945,derelict_x3,1.0,3.0,10.0,False,2,1,0,False,no_branch,nan,nan,nan,False,nan,nan,nan,nan,1.4197710420121439,
Shell_B_800km,0.5236842105263158,50.0,derelict_x3,1.0,3.0,10.0,False,2,1,0,False,no_branch,nan,nan,nan,False,nan,nan,nan,nan,1.4241585409617983,
Shell_B_800km,0.5710526315789474,1.0,derelict_x3,1.0,3.0,10.0,True,2,65,7,False,complex_no_crossing,nan,nan,nan,True,651.5151515151515,-0.0384796786402507,-0.037500000000000006,-0.001826682976435721,1.4661350829992443,
Shell_B_800km,0.5710526315789474,3.5789473684210527,derelict_x3,1.0,3.0,10.0,True,2,18,6,False,complex_no_crossing,nan,nan,nan,True,176.76767676767676,-0.035752886160272,-0.037500000000000006,-0.0016346940285375945,1.4978346669813618,
Shell_B_800km,0.5710526315789474,6.157894736842105,derelict_x3,1.0,3.0,10.0,True,2,10,4,False,complex_no_crossing,nan,nan,nan,True,95.95959595959596,-0.026852124296668348,-0.037500000000000006,-0.005,1.471212457981892,
Shell_B_800km,0.5710526315789474,8.736842105263158,derelict_x3,1.0,3.0,10.0,True,2,7,3,False,complex_no_crossing,nan,nan,nan,True,65.65656565656565,-0.02207019725242449,-0.037500000000000006,-0.005,1.4620376249658875,
Shell_B_800km,0.5710526315789474,11.31578947368421,derelict_x3,1.0,3.0,10.0,True,2,5,3,False,complex_no_crossing,nan,nan,nan,True,45.45454545454545,-0.022612399236162876,-0.037500000000000006,-0.005,1.4512465840089135,
Shell_B_800km,0.5710526315789474,13.894736842105264,derelict_x3,1.0,3.0,10.0,True,2,4,2,False,complex_no_crossing,nan,nan,nan,True,35.35353535353535,-0.016889292925633164,-0.037500000000000006,-0.005,1.4385696669924073,
Shell_B_800km,0.5710526315789474,16.473684210526315,derelict_x3,1.0,3.0,10.0,True,2,4,2,False,complex_no_crossing,nan,nan,nan,True,35.35353535353535,-0.017015592988420356,-0.037500000000000006,-0.004274607461904841,1.4171511250315234,
Shell_B_800km,0.5710526315789474,19.05263157894737,derelict_x3,1.0,3.0,10.0,True,2,3,2,False,complex_no_crossing,nan,nan,nan,True,25.252525252525253,-0.0173099520871661,-0.037500000000000006,-0.005,1.4227032090420835,
Shell_B_800km,0.5710526315789474,21.63157894736842,derelict_x3,1.0,3.0,10.0,True,2,3,1,False,complex_no_crossing,nan,nan,nan,True,25.252525252525253,-0.011257374433833022,-0.037500000000000006,-0.005,1.419172708003316,
Shell_B_800km,0.5710526315789474,24.210526315789473,derelict_x3,1.0,3.0,10.0,True,2,2,1,False,complex_no_crossing,nan,nan,nan,True,15.15151515151515,-0.011111445404145489,-0.037500000000000006,-0.005,1.4063441249891184,
Shell_B_800km,0.5710526315789474,26.789473684210527,derelict_x3,1.0,3.0,10.0,True,2,2,1,False,complex_no_crossing,nan,nan,nan,True,15.15151515151515,-0.010969706405138082,-0.037500000000000006,-0.005,1.4101636249688454,
Shell_B_800km,0.5710526315789474,29.36842105263158,derelict_x3,1.0,3.0,10.0,True,2,2,1,False,complex_no_crossing,nan,nan,nan,True,15.15151515151515,-0.010834829610871228,-0.037500000000000006,-0.005,1.3899039159878157,
Shell_B_800km,0.5710526315789474,31.94736842105263,derelict_x3,1.0,3.0,10.0,True,2,2,1,False,complex_no_crossing,nan,nan,nan,True,15.15151515151515,-0.01071144655873495,-0.037500000000000006,-0.005,1.3798516250099055,
Shell_B_800km,0.5710526315789474,34.526315789473685,derelict_x3,1.0,3.0,10.0,True,2,2,1,False,complex_no_crossing,nan,nan,nan,True,15.15151515151515,-0.010608434575746381,-0.037500000000000006,-0.005,1.3939294159645215,
Shell_B_800km,0.5710526315789474,37.10526315789474,derelict_x3,1.0,3.0,10.0,True,2,2,1,False,complex_no_crossing,nan,nan,nan,True,15.15151515151515,-0.010545890571650793,-0.037500000000000006,-0.005,1.388113875000272,
Shell_B_800km,0.5710526315789474,39.68421052631579,derelict_x3,1.0,3.0,10.0,True,2,2,1,False,complex_no_crossing,nan,nan,nan,True,15.15151515151515,-0.010587767511079548,-0.037500000000000006,-0.005,1.385676792007871,
Shell_B_800km,0.5710526315789474,42.26315789473684,derelict_x3,1.0,3.0,10.0,False,2,1,0,False,no_branch,nan,nan,nan,False,nan,nan,nan,nan,1.3938261669827625,
Shell_B_800km,0.5710526315789474,44.8421052631579,derelict_x3,1.0,3.0,10.0,False,2,1,0,False,no_branch,nan,nan,nan,False,nan,nan,nan,nan,1.3893442919943482,
Shell_B_800km,0.5710526315789474,47.421052631578945,derelict_x3,1.0,3.0,10.0,False,2,1,0,False,no_branch,nan,nan,nan,False,nan,nan,nan,nan,1.3899369579739869,
Shell_B_800km,0.5710526315789474,50.0,derelict_x3,1.0,3.0,10.0,False,2,1,0,False,no_branch,nan,nan,nan,False,nan,nan,nan,nan,1.3922967499820516,
Shell_B_800km,0.618421052631579,1.0,derelict_x3,1.0,3.0,10.0,True,2,65,7,False,complex_no_crossing,nan,nan,nan,True,651.5151515151515,-0.039223142212943804,-0.037500000000000006,-0.0015489458541289407,1.4581259999540634,
Shell_B_800km,0.618421052631579,3.5789473684210527,derelict_x3,1.0,3.0,10.0,True,2,17,5,False,complex_no_crossing,nan,nan,nan,True,166.66666666666666,-0.03161600726089192,-0.037500000000000006,-0.005,1.4916854579932988,
Shell_B_800km,0.618421052631579,6.157894736842105,derelict_x3,1.0,3.0,10.0,True,2,10,4,False,complex_no_crossing,nan,nan,nan,True,95.95959595959596,-0.027534752235385915,-0.037500000000000006,-0.004654527933149823,1.466917084006127,
Shell_B_800km,0.618421052631579,8.736842105263158,derelict_x3,1.0,3.0,10.0,True,2,7,3,False,complex_no_crossing,nan,nan,nan,True,65.65656565656565,-0.022689323466165957,-0.037500000000000006,-0.005,1.4532568330178037,
Shell_B_800km,0.618421052631579,11.31578947368421,derelict_x3,1.0,3.0,10.0,True,2,5,3,False,complex_no_crossing,nan,nan,nan,True,45.45454545454545,-0.023289257963242216,-0.037500000000000006,-0.005,1.4321083749528043,
Shell_B_800km,0.618421052631579,13.894736842105264,derelict_x3,1.0,3.0,10.0,True,2,4,2,False,complex_no_crossing,nan,nan,nan,True,35.35353535353535,-0.01741229586968407,-0.037500000000000006,-0.005,1.432064916996751,
Shell_B_800km,0.618421052631579,16.473684210526315,derelict_x3,1.0,3.0,10.0,True,2,4,2,False,complex_no_crossing,nan,nan,nan,True,35.35353535353535,-0.017572780572980697,-0.037500000000000006,-0.0015833333936575516,1.4091972499736585,
Shell_B_800km,0.618421052631579,19.05263157894737,derelict_x3,1.0,3.0,10.0,True,2,3,2,False,complex_no_crossing,nan,nan,nan,True,25.252525252525253,-0.017938842239147365,-0.037500000000000006,-0.005,1.4806190829840489,
Shell_B_800km,0.618421052631579,21.63157894736842,derelict_x3,1.0,3.0,10.0,True,2,3,1,False,complex_no_crossing,nan,nan,nan,True,25.252525252525253,-0.011589877362026182,-0.037500000000000006,-0.005,1.406321874994319,
Shell_B_800km,0.618421052631579,24.210526315789473,derelict_x3,1.0,3.0,10.0,True,2,2,1,False,complex_no_crossing,nan,nan,nan,True,15.15151515151515,-0.011443429570070223,-0.037500000000000006,-0.005,1.3997713340213522,
Shell_B_800km,0.618421052631579,26.789473684210527,derelict_x3,1.0,3.0,10.0,True,2,2,1,False,complex_no_crossing,nan,nan,nan,True,15.15151515151515,-0.011303124615181036,-0.037500000000000006,-0.005,1.395788541994989,
Shell_B_800km,0.618421052631579,29.36842105263158,derelict_x3,1.0,3.0,10.0,True,2,2,1,False,complex_no_crossing,nan,nan,nan,True,15.15151515151515,-0.01117278968476454,-0.037500000000000006,-0.005,1.469975542044267,
Shell_B_800km,0.618421052631579,31.94736842105263,derelict_x3,1.0,3.0,10.0,True,2,2,1,False,complex_no_crossing,nan,nan,nan,True,15.15151515151515,-0.011059342224250878,-0.037500000000000006,-0.005,1.3843485840479843,
Shell_B_800km,0.618421052631579,34.526315789473685,derelict_x3,1.0,3.0,10.0,True,2,2,1,False,complex_no_crossing,nan,nan,nan,True,15.15151515151515,-0.010976989623377526,-0.037500000000000006,-0.005,1.3827961249626242,
Shell_B_800km,0.618421052631579,37.10526315789474,derelict_x3,1.0,3.0,10.0,True,2,2,1,False,complex_no_crossing,nan,nan,nan,True,15.15151515151515,-0.010962430395661665,-0.037500000000000006,-0.005,1.3793046670034528,
Shell_B_800km,0.618421052631579,39.68421052631579,derelict_x3,1.0,3.0,10.0,True,2,2,0,False,no_complex_eigenvalues,nan,nan,nan,True,15.15151515151515,nan,-0.037500000000000006,-0.005,1.3737631249823608,
Shell_B_800km,0.618421052631579,42.26315789473684,derelict_x3,1.0,3.0,10.0,False,2,1,0,False,no_branch,nan,nan,nan,False,nan,nan,nan,nan,1.3758319999906234,
Shell_B_800km,0.618421052631579,44.8421052631579,derelict_x3,1.0,3.0,10.0,False,2,1,0,False,no_branch,nan,nan,nan,False,nan,nan,nan,nan,1.3860288750147447,
Shell_B_800km,0.618421052631579,47.421052631578945,derelict_x3,1.0,3.0,10.0,False,2,1,0,False,no_branch,nan,nan,nan,False,nan,nan,nan,nan,1.3750260419910774,
Shell_B_800km,0.618421052631579,50.0,derelict_x3,1.0,3.0,10.0,False,2,1,0,False,no_branch,nan,nan,nan,False,nan,nan,nan,nan,1.3805012499797158,
Shell_B_800km,0.6657894736842105,1.0,derelict_x3,1.0,3.0,10.0,True,2,65,7,False,complex_no_crossing,nan,nan,nan,True,651.5151515151515,-0.03994653195823285,-0.037500000000000006,-0.001208419279479249,1.449170125008095,
Shell_B_800km,0.6657894736842105,3.5789473684210527,derelict_x3,1.0,3.0,10.0,True,2,17,5,False,complex_no_crossing,nan,nan,nan,True,166.66666666666666,-0.03230166943640421,-0.037500000000000006,-0.004976460056062968,1.4771908749826252,
Shell_B_800km,0.6657894736842105,6.157894736842105,derelict_x3,1.0,3.0,10.0,True,2,10,4,False,complex_no_crossing,nan,nan,nan,True,95.95959595959596,-0.028198386249682437,-0.037500000000000006,-0.003973183371022372,1.450593542016577,
Shell_B_800km,0.6657894736842105,8.736842105263158,derelict_x3,1.0,3.0,10.0,True,2,7,3,False,complex_no_crossing,nan,nan,nan,True,65.65656565656565,-0.023290739026545906,-0.037500000000000006,-0.004657380836759297,1.436792625056114,
Shell_B_800km,0.6657894736842105,11.31578947368421,derelict_x3,1.0,3.0,10.0,True,2,5,3,False,complex_no_crossing,nan,nan,nan,True,45.45454545454545,-0.023952160346681454,-0.037500000000000006,-0.005,1.424739290960133,
Shell_B_800km,0.6657894736842105,13.894736842105264,derelict_x3,1.0,3.0,10.0,True,2,4,2,False,complex_no_crossing,nan,nan,nan,True,35.35353535353535,-0.017920542557920943,-0.037500000000000006,-0.005,1.4094878329779021,
Shell_B_800km,0.6657894736842105,16.473684210526315,derelict_x3,1.0,3.0,10.0,True,2,3,2,False,complex_no_crossing,nan,nan,nan,True,25.252525252525253,-0.018119132221164222,-0.037500000000000006,-0.005,1.3985585420159623,
Shell_B_800km,0.6657894736842105,19.05263157894737,derelict_x3,1.0,3.0,10.0,True,2,3,2,False,complex_no_crossing,nan,nan,nan,True,25.252525252525253,-0.01856878391586618,-0.037500000000000006,-0.005,1.3918150000390597,
Shell_B_800km,0.6657894736842105,21.63157894736842,derelict_x3,1.0,3.0,10.0,True,2,3,1,False,complex_no_crossing,nan,nan,nan,True,25.252525252525253,-0.011910801949008596,-0.037500000000000006,-0.005,1.3881679580081254,
Shell_B_800km,0.6657894736842105,24.210526315789473,derelict_x3,1.0,3.0,10.0,True,2,2,1,False,complex_no_crossing,nan,nan,nan,True,15.15151515151515,-0.011764970926747682,-0.037500000000000006,-0.005,1.3932064169785008,
Shell_B_800km,0.6657894736842105,26.789473684210527,derelict_x3,1.0,3.0,10.0,True,2,2,1,False,complex_no_crossing,nan,nan,nan,True,15.15151515151515,-0.01162767605672071,-0.037500000000000006,-0.005,1.383082291984465,
Shell_B_800km,0.6657894736842105,29.36842105263158,derelict_x3,1.0,3.0,10.0,True,2,2,1,False,complex_no_crossing,nan,nan,nan,True,15.15151515151515,-0.011504295631048236,-0.037500000000000006,-0.005,1.367006583022885,
Shell_B_800km,0.6657894736842105,31.94736842105263,derelict_x3,1.0,3.0,10.0,True,2,2,1,False,complex_no_crossing,nan,nan,nan,True,15.15151515151515,-0.011405030295104793,-0.037500000000000006,-0.005,1.3666428329888731,
Shell_B_800km,0.6657894736842105,34.526315789473685,derelict_x3,1.0,3.0,10.0,True,2,2,1,False,complex_no_crossing,nan,nan,nan,True,15.15151515151515,-0.011352654251327506,-0.037500000000000006,-0.005,1.3611480830004439,
Shell_B_800km,0.6657894736842105,37.10526315789474,derelict_x3,1.0,3.0,10.0,True,2,2,1,False,complex_no_crossing,nan,nan,nan,True,15.15151515151515,-0.011417762499558042,-0.037500000000000006,-0.005,1.352989625011105,
Shell_B_800km,0.6657894736842105,39.68421052631579,derelict_x3,1.0,3.0,10.0,False,2,1,0,False,no_branch,nan,nan,nan,False,nan,nan,nan,nan,1.3565697919693775,
Shell_B_800km,0.6657894736842105,42.26315789473684,derelict_x3,1.0,3.0,10.0,False,2,1,0,False,no_branch,nan,nan,nan,False,nan,nan,nan,nan,1.3523853339720517,
Shell_B_800km,0.6657894736842105,44.8421052631579,derelict_x3,1.0,3.0,10.0,False,2,1,0,False,no_branch,nan,nan,nan,False,nan,nan,nan,nan,1.3634828749927692,
Shell_B_800km,0.6657894736842105,47.421052631578945,derelict_x3,1.0,3.0,10.0,False,2,1,0,False,no_branch,nan,nan,nan,False,nan,nan,nan,nan,1.3549818330211565,
Shell_B_800km,0.6657894736842105,50.0,derelict_x3,1.0,3.0,10.0,False,2,1,0,False,no_branch,nan,nan,nan,False,nan,nan,nan,nan,1.3738290409673937,
Shell_B_800km,0.7131578947368421,1.0,derelict_x3,1.0,3.0,10.0,True,2,65,7,False,complex_no_crossing,nan,nan,nan,True,651.5151515151515,-0.04065131360408139,-0.037500000000000006,-0.0007216658861056188,1.7636152079794556,
Shell_B_800km,0.7131578947368421,3.5789473684210527,derelict_x3,1.0,3.0,10.0,True,2,17,5,False,complex_no_crossing,nan,nan,nan,True,166.66666666666666,-0.032968970631759964,-0.037500000000000006,-0.004631107298018777,1.4907190409721807,
Shell_B_800km,0.7131578947368421,6.157894736842105,derelict_x3,1.0,3.0,10.0,True,2,10,4,False,complex_no_crossing,nan,nan,nan,True,95.95959595959596,-0.028844754750922484,-0.037500000000000006,-0.003162384522719476,1.439296375028789,
Shell_B_800km,0.7131578947368421,8.736842105263158,derelict_x3,1.0,3.0,10.0,True,2,7,3,False,complex_no_crossing,nan,nan,nan,True,65.65656565656565,-0.02387625660674767,-0.037500000000000006,-0.003654567890277318,1.4362852080375887,
Shell_B_800km,0.7131578947368421,11.31578947368421,derelict_x3,1.0,3.0,10.0,True,2,5,3,False,complex_no_crossing,nan,nan,nan,True,45.45454545454545,-0.024603060282115553,-0.037500000000000006,-0.005,1.4110393750015646,
Shell_B_800km,0.7131578947368421,13.894736842105264,derelict_x3,1.0,3.0,10.0,True,2,4,2,False,complex_no_crossing,nan,nan,nan,True,35.35353535353535,-0.01841589651478015,-0.037500000000000006,-0.005,1.3915747919818386,
Shell_B_800km,0.7131578947368421,16.473684210526315,derelict_x3,1.0,3.0,10.0,True,2,3,2,False,complex_no_crossing,nan,nan,nan,True,25.252525252525253,-0.018656784625473925,-0.037500000000000006,-0.005,1.3873880000319332,
Shell_B_800km,0.7131578947368421,19.05263157894737,derelict_x3,1.0,3.0,10.0,True,2,3,2,False,complex_no_crossing,nan,nan,nan,True,25.252525252525253,-0.01920424966477486,-0.037500000000000006,-0.005,1.4575915840105154,
Shell_B_800km,0.7131578947368421,21.63157894736842,derelict_x3,1.0,3.0,10.0,True,2,3,1,False,complex_no_crossing,nan,nan,nan,True,25.252525252525253,-0.01222169194932854,-0.037500000000000006,-0.004588315872673554,1.385169708984904,
Shell_B_800km,0.7131578947368421,24.210526315789473,derelict_x3,1.0,3.0,10.0,True,2,2,1,False,complex_no_crossing,nan,nan,nan,True,15.15151515151515,-0.012077632250417827,-0.037500000000000006,-0.005,1.3683585840044543,
Shell_B_800km,0.7131578947368421,26.789473684210527,derelict_x3,1.0,3.0,10.0,True,2,2,1,False,complex_no_crossing,nan,nan,nan,True,15.15151515151515,-0.011945016799370486,-0.037500000000000006,-0.005,1.3812675829976797,
Shell_B_800km,0.7131578947368421,29.36842105263158,derelict_x3,1.0,3.0,10.0,True,2,2,1,False,complex_no_crossing,nan,nan,nan,True,15.15151515151515,-0.011831297723405909,-0.037500000000000006,-0.005,1.3833407499478199,
Shell_B_800km,0.7131578947368421,31.94736842105263,derelict_x3,1.0,3.0,10.0,True,2,2,1,False,complex_no_crossing,nan,nan,nan,True,15.15151515151515,-0.011751411428401162,-0.037500000000000006,-0.005,1.381846584030427,
Shell_B_800km,0.7131578947368421,34.526315789473685,derelict_x3,1.0,3.0,10.0,True,3,2,1,False,complex_no_crossing,nan,nan,nan,True,15.15151515151515,-0.011742311695851916,-0.037500000000000006,-0.005,2.8485600000130944,
Shell_B_800km,0.7131578947368421,37.10526315789474,derelict_x3,1.0,3.0,10.0,True,2,2,0,False,no_complex_eigenvalues,nan,nan,nan,True,15.15151515151515,nan,-0.037500000000000006,-0.005,3.261365374957677,
Shell_B_800km,0.7131578947368421,39.68421052631579,derelict_x3,1.0,3.0,10.0,False,2,1,0,False,no_branch,nan,nan,nan,False,nan,nan,nan,nan,2.019827541022096,
Shell_B_800km,0.7131578947368421,42.26315789473684,derelict_x3,1.0,3.0,10.0,False,2,1,0,False,no_branch,nan,nan,nan,False,nan,nan,nan,nan,1.572987292020116,
Shell_B_800km,0.7131578947368421,44.8421052631579,derelict_x3,1.0,3.0,10.0,False,2,1,0,False,no_branch,nan,nan,nan,False,nan,nan,nan,nan,1.4024933750042692,
Shell_B_800km,0.7131578947368421,47.421052631578945,derelict_x3,1.0,3.0,10.0,False,2,1,0,False,no_branch,nan,nan,nan,False,nan,nan,nan,nan,1.400843666982837,
Shell_B_800km,0.7131578947368421,50.0,derelict_x3,1.0,3.0,10.0,False,2,1,0,False,no_branch,nan,nan,nan,False,nan,nan,nan,nan,1.5023865000111982,
Shell_B_800km,0.7605263157894736,1.0,derelict_x3,1.0,3.0,10.0,True,2,64,7,False,complex_no_crossing,nan,nan,nan,True,641.4141414141415,-0.0413387891417579,-0.037500000000000006,-0.002494518474725814,1.5010582079994492,
Shell_B_800km,0.7605263157894736,3.5789473684210527,derelict_x3,1.0,3.0,10.0,True,2,17,5,False,complex_no_crossing,nan,nan,nan,True,166.66666666666666,-0.03361935315241479,-0.037500000000000006,-0.004257523826533454,1.5256606659968384,
Shell_B_800km,0.7605263157894736,6.157894736842105,derelict_x3,1.0,3.0,10.0,True,2,10,4,False,complex_no_crossing,nan,nan,nan,True,95.95959595959596,-0.0294753604212101,-0.037500000000000006,-0.0020829883433278696,1.5042706669773906,
Shell_B_800km,0.7605263157894736,8.736842105263158,derelict_x3,1.0,3.0,10.0,True,2,7,3,False,complex_no_crossing,nan,nan,nan,True,65.65656565656565,-0.024447436877084325,-0.037500000000000006,-0.002312938791600346,1.5327291659777984,
Shell_B_800km,0.7605263157894736,11.31578947368421,derelict_x3,1.0,3.0,10.0,True,2,5,3,False,complex_no_crossing,nan,nan,nan,True,45.45454545454545,-0.025243682470645436,-0.037500000000000006,-0.005,1.5669474589521997,
Shell_B_800km,0.7605263157894736,13.894736842105264,derelict_x3,1.0,3.0,10.0,True,2,4,2,False,complex_no_crossing,nan,nan,nan,True,35.35353535353535,-0.01889995069304381,-0.037500000000000006,-0.005,1.468488625017926,
Shell_B_800km,0.7605263157894736,16.473684210526315,derelict_x3,1.0,3.0,10.0,True,2,3,2,False,complex_no_crossing,nan,nan,nan,True,25.252525252525253,-0.019187655616455468,-0.037500000000000006,-0.005,1.4826275000232272,
Shell_B_800km,0.7605263157894736,19.05263157894737,derelict_x3,1.0,3.0,10.0,True,2,3,1,False,complex_no_crossing,nan,nan,nan,True,25.252525252525253,-0.012674360531297817,-0.037500000000000006,-0.005,1.438249500002712,
Shell_B_800km,0.7605263157894736,21.63157894736842,derelict_x3,1.0,3.0,10.0,True,2,3,1,False,complex_no_crossing,nan,nan,nan,True,25.252525252525253,-0.012523838824048963,-0.037500000000000006,-0.001167230938129698,1.4470954170101322,
Shell_B_800km,0.7605263157894736,24.210526315789473,derelict_x3,1.0,3.0,10.0,True,2,2,1,False,complex_no_crossing,nan,nan,nan,True,15.15151515151515,-0.012382734268417319,-0.037500000000000006,-0.005,1.4281477500335313,
Shell_B_800km,0.7605263157894736,26.789473684210527,derelict_x3,1.0,3.0,10.0,True,2,2,1,False,complex_no_crossing,nan,nan,nan,True,15.15151515151515,-0.012256585973511213,-0.037500000000000006,-0.005,1.4274294169736095,
Shell_B_800km,0.7605263157894736,29.36842105263158,derelict_x3,1.0,3.0,10.0,True,2,2,1,False,complex_no_crossing,nan,nan,nan,True,15.15151515151515,-0.012155613795488995,-0.037500000000000006,-0.005,1.4300817500334233,
Shell_B_800km,0.7605263157894736,31.94736842105263,derelict_x3,1.0,3.0,10.0,True,2,2,1,False,complex_no_crossing,nan,nan,nan,True,15.15151515151515,-0.012101646924066383,-0.037500000000000006,-0.005,1.4218212910345756,
Shell_B_800km,0.7605263157894736,34.526315789473685,derelict_x3,1.0,3.0,10.0,True,2,2,1,False,complex_no_crossing,nan,nan,nan,True,15.15151515151515,-0.01215621735741207,-0.037500000000000006,-0.005,1.4084155000164174,
Shell_B_800km,0.7605263157894736,37.10526315789474,derelict_x3,1.0,3.0,10.0,True,2,2,0,False,no_complex_eigenvalues,nan,nan,nan,True,15.15151515151515,nan,-0.037500000000000006,-0.0020479989737815186,1.4707300000009127,
Shell_B_800km,0.7605263157894736,39.68421052631579,derelict_x3,1.0,3.0,10.0,False,2,1,0,False,no_branch,nan,nan,nan,False,nan,nan,nan,nan,1.4118678329978138,
Shell_B_800km,0.7605263157894736,42.26315789473684,derelict_x3,1.0,3.0,10.0,False,2,1,0,False,no_branch,nan,nan,nan,False,nan,nan,nan,nan,1.4010809999890625,
Shell_B_800km,0.7605263157894736,44.8421052631579,derelict_x3,1.0,3.0,10.0,False,2,1,0,False,no_branch,nan,nan,nan,False,nan,nan,nan,nan,1.4070707500213757,
Shell_B_800km,0.7605263157894736,47.421052631578945,derelict_x3,1.0,3.0,10.0,False,2,1,0,False,no_branch,nan,nan,nan,False,nan,nan,nan,nan,1.4053128749947064,
Shell_B_800km,0.7605263157894736,50.0,derelict_x3,1.0,3.0,10.0,False,2,1,0,False,no_branch,nan,nan,nan,False,nan,nan,nan,nan,1.4210261250264011,
Shell_B_800km,0.8078947368421052,1.0,derelict_x3,1.0,3.0,10.0,True,2,64,7,False,complex_no_crossing,nan,nan,nan,True,641.4141414141415,-0.042010120785136704,-0.037500000000000006,-0.002301177889844127,1.4948756669764407,
Shell_B_800km,0.8078947368421052,3.5789473684210527,derelict_x3,1.0,3.0,10.0,True,2,17,5,False,complex_no_crossing,nan,nan,nan,True,166.66666666666666,-0.03425408887288485,-0.037500000000000006,-0.0038481966093053084,1.5198706249939278,
Shell_B_800km,0.8078947368421052,6.157894736842105,derelict_x3,1.0,3.0,10.0,True,2,9,4,False,complex_no_crossing,nan,nan,nan,True,85.85858585858585,-0.030091518598180607,-0.037500000000000006,-0.005,1.4971685420023277,
Shell_B_800km,0.8078947368421052,8.736842105263158,derelict_x3,1.0,3.0,10.0,True,2,6,3,False,complex_no_crossing,nan,nan,nan,True,55.55555555555556,-0.025005634434064908,-0.037500000000000006,-0.005,1.484406500007026,
Shell_B_800km,0.8078947368421052,11.31578947368421,derelict_x3,1.0,3.0,10.0,True,2,5,3,False,complex_no_crossing,nan,nan,nan,True,45.45454545454545,-0.025875569617114944,-0.037500000000000006,-0.005,1.455251874984242,
Shell_B_800km,0.8078947368421052,13.894736842105264,derelict_x3,1.0,3.0,10.0,True,2,4,2,False,complex_no_crossing,nan,nan,nan,True,35.35353535353535,-0.01937408232681323,-0.037500000000000006,-0.005,1.4309972500195727,
Shell_B_800km,0.8078947368421052,16.473684210526315,derelict_x3,1.0,3.0,10.0,True,2,3,2,False,complex_no_crossing,nan,nan,nan,True,25.252525252525253,-0.01971350706966237,-0.037500000000000006,-0.005,1.4301850000047125,
Shell_B_800km,0.8078947368421052,19.05263157894737,derelict_x3,1.0,3.0,10.0,True,2,3,1,False,complex_no_crossing,nan,nan,nan,True,25.252525252525253,-0.012967207950481813,-0.037500000000000006,-0.005,1.5001452079741284,
Shell_B_800km,0.8078947368421052,21.63157894736842,derelict_x3,1.0,3.0,10.0,True,2,2,1,False,complex_no_crossing,nan,nan,nan,True,15.15151515151515,-0.012818336051827181,-0.037500000000000006,-0.005,1.4224484580336139,
Shell_B_800km,0.8078947368421052,24.210526315789473,derelict_x3,1.0,3.0,10.0,True,2,2,1,False,complex_no_crossing,nan,nan,nan,True,15.15151515151515,-0.01268141041239254,-0.037500000000000006,-0.005,1.4113733749836683,
Shell_B_800km,0.8078947368421052,26.789473684210527,derelict_x3,1.0,3.0,10.0,True,2,2,1,False,complex_no_crossing,nan,nan,nan,True,15.15151515151515,-0.012563664548688392,-0.037500000000000006,-0.005,1.4150495840003714,
Shell_B_800km,0.8078947368421052,29.36842105263158,derelict_x3,1.0,3.0,10.0,True,2,2,1,False,complex_no_crossing,nan,nan,nan,True,15.15151515151515,-0.01247901432236923,-0.037500000000000006,-0.005,1.4231627499684691,
Shell_B_800km,0.8078947368421052,31.94736842105263,derelict_x3,1.0,3.0,10.0,True,2,2,1,False,complex_no_crossing,nan,nan,nan,True,15.15151515151515,-0.012459467079702535,-0.037500000000000006,-0.005,1.4285404580296017,
Shell_B_800km,0.8078947368421052,34.526315789473685,derelict_x3,1.0,3.0,10.0,True,2,2,1,False,complex_no_crossing,nan,nan,nan,True,15.15151515151515,-0.012612479640191174,-0.037500000000000006,-0.005,1.3881464169826359,
Shell_B_800km,0.8078947368421052,37.10526315789474,derelict_x3,1.0,3.0,10.0,False,2,1,0,False,no_branch,nan,nan,nan,False,nan,nan,nan,nan,1.371700374991633,
Shell_B_800km,0.8078947368421052,39.68421052631579,derelict_x3,1.0,3.0,10.0,False,2,1,0,False,no_branch,nan,nan,nan,False,nan,nan,nan,nan,1.3852134590269998,
Shell_B_800km,0.8078947368421052,42.26315789473684,derelict_x3,1.0,3.0,10.0,False,2,1,0,False,no_branch,nan,nan,nan,False,nan,nan,nan,nan,1.3994439580128528,
Shell_B_800km,0.8078947368421052,44.8421052631579,derelict_x3,1.0,3.0,10.0,False,2,1,0,False,no_branch,nan,nan,nan,False,nan,nan,nan,nan,1.3887392499600537,
Shell_B_800km,0.8078947368421052,47.421052631578945,derelict_x3,1.0,3.0,10.0,False,2,1,0,False,no_branch,nan,nan,nan,False,nan,nan,nan,nan,1.382760833017528,
Shell_B_800km,0.8078947368421052,50.0,derelict_x3,1.0,3.0,10.0,False,2,1,0,False,no_branch,nan,nan,nan,False,nan,nan,nan,nan,1.4607108749914914,
Shell_B_800km,0.8552631578947368,1.0,derelict_x3,1.0,3.0,10.0,True,2,64,7,False,complex_no_crossing,nan,nan,nan,True,641.4141414141415,-0.042666350668462465,-0.037500000000000006,-0.002089543933853858,1.488158791034948,
Shell_B_800km,0.8552631578947368,3.5789473684210527,derelict_x3,1.0,3.0,10.0,True,2,17,5,False,complex_no_crossing,nan,nan,nan,True,166.66666666666666,-0.03487430550252504,-0.037500000000000006,-0.0033910454789050914,1.5217979159788229,
Shell_B_800km,0.8552631578947368,6.157894736842105,derelict_x3,1.0,3.0,10.0,True,2,9,4,False,complex_no_crossing,nan,nan,nan,True,85.85858585858585,-0.030694387810333377,-0.037500000000000006,-0.005,1.495122625026852,
Shell_B_800km,0.8552631578947368,8.736842105263158,derelict_x3,1.0,3.0,10.0,True,2,6,3,False,complex_no_crossing,nan,nan,nan,True,55.55555555555556,-0.025552033751028227,-0.037500000000000006,-0.005,1.4729450840386562,
Shell_B_800km,0.8552631578947368,11.31578947368421,derelict_x3,1.0,3.0,10.0,True,2,5,2,False,complex_no_crossing,nan,nan,nan,True,45.45454545454545,-0.01966419445596054,-0.037500000000000006,-0.005,1.5140149170183577,
Shell_B_800km,0.8552631578947368,13.894736842105264,derelict_x3,1.0,3.0,10.0,True,2,4,2,False,complex_no_crossing,nan,nan,nan,True,35.35353535353535,-0.019839495095429115,-0.037500000000000006,-0.005,1.4387809170293622,
Shell_B_800km,0.8552631578947368,16.473684210526315,derelict_x3,1.0,3.0,10.0,True,2,3,2,False,complex_no_crossing,nan,nan,nan,True,25.252525252525253,-0.02023599757024231,-0.037500000000000006,-0.005,1.4356942499871366,
Shell_B_800km,0.8552631578947368,19.05263157894737,derelict_x3,1.0,3.0,10.0,True,2,3,1,False,complex_no_crossing,nan,nan,nan,True,25.252525252525253,-0.013252474519248266,-0.037500000000000006,-0.005,1.424772624974139,
Shell_B_800km,0.8552631578947368,21.63157894736842,derelict_x3,1.0,3.0,10.0,True,2,2,1,False,complex_no_crossing,nan,nan,nan,True,15.15151515151515,-0.013106120071633382,-0.037500000000000006,-0.005,1.4595077499980107,
Shell_B_800km,0.8552631578947368,24.210526315789473,derelict_x3,1.0,3.0,10.0,True,2,2,1,False,complex_no_crossing,nan,nan,nan,True,15.15151515151515,-0.012974648383824117,-0.037500000000000006,-0.005,1.4341552500263788,
Shell_B_800km,0.8552631578947368,26.789473684210527,derelict_x3,1.0,3.0,10.0,True,2,2,1,False,complex_no_crossing,nan,nan,nan,True,15.15151515151515,-0.012867422191380581,-0.037500000000000006,-0.005,1.417559458001051,
Shell_B_800km,0.8552631578947368,29.36842105263158,derelict_x3,1.0,3.0,10.0,True,2,2,1,False,complex_no_crossing,nan,nan,nan,True,15.15151515151515,-0.012803307545032531,-0.037500000000000006,-0.005,1.3994053330388851,
Shell_B_800km,0.8552631578947368,31.94736842105263,derelict_x3,1.0,3.0,10.0,True,2,2,1,False,complex_no_crossing,nan,nan,nan,True,15.15151515151515,-0.01282966451522815,-0.037500000000000006,-0.005,1.4479065419873223,
Shell_B_800km,0.8552631578947368,34.526315789473685,derelict_x3,1.0,3.0,10.0,True,2,2,0,False,no_complex_eigenvalues,nan,nan,nan,True,15.15151515151515,nan,-0.037500000000000006,-0.005,1.3947892910218798,
Shell_B_800km,0.8552631578947368,37.10526315789474,derelict_x3,1.0,3.0,10.0,False,2,1,0,False,no_branch,nan,nan,nan,False,nan,nan,nan,nan,1.3849954580073245,
Shell_B_800km,0.8552631578947368,39.68421052631579,derelict_x3,1.0,3.0,10.0,False,2,1,0,False,no_branch,nan,nan,nan,False,nan,nan,nan,nan,1.383389291993808,
Shell_B_800km,0.8552631578947368,42.26315789473684,derelict_x3,1.0,3.0,10.0,False,2,1,0,False,no_branch,nan,nan,nan,False,nan,nan,nan,nan,1.3755658330046572,
Shell_B_800km,0.8552631578947368,44.8421052631579,derelict_x3,1.0,3.0,10.0,False,2,1,0,False,no_branch,nan,nan,nan,False,nan,nan,nan,nan,1.3811847500037402,
Shell_B_800km,0.8552631578947368,47.421052631578945,derelict_x3,1.0,3.0,10.0,False,2,1,0,False,no_branch,nan,nan,nan,False,nan,nan,nan,nan,1.3841947080218233,
Shell_B_800km,0.8552631578947368,50.0,derelict_x3,1.0,3.0,10.0,False,2,1,0,False,no_branch,nan,nan,nan,False,nan,nan,nan,nan,1.3842273750342429,
Shell_B_800km,0.9026315789473683,1.0,derelict_x3,1.0,3.0,10.0,True,2,64,7,False,complex_no_crossing,nan,nan,nan,True,641.4141414141415,-0.04330841716436818,-0.037500000000000006,-0.0018534654551883767,1.4798040830064565,
Shell_B_800km,0.9026315789473683,3.5789473684210527,derelict_x3,1.0,3.0,10.0,True,2,17,5,False,complex_no_crossing,nan,nan,nan,True,166.66666666666666,-0.03548100794990436,-0.037500000000000006,-0.0028643870169375633,1.5109337500180118,
Shell_B_800km,0.9026315789473683,6.157894736842105,derelict_x3,1.0,3.0,10.0,True,2,9,4,False,complex_no_crossing,nan,nan,nan,True,85.85858585858585,-0.03128499431617405,-0.037500000000000006,-0.005,1.4922173750237562,
Shell_B_800km,0.9026315789473683,8.736842105263158,derelict_x3,1.0,3.0,10.0,True,2,6,3,False,complex_no_crossing,nan,nan,nan,True,55.55555555555556,-0.02608767764686163,-0.037500000000000006,-0.005,1.4689076660433784,
Shell_B_800km,0.9026315789473683,11.31578947368421,derelict_x3,1.0,3.0,10.0,True,2,5,2,False,complex_no_crossing,nan,nan,nan,True,45.45454545454545,-0.020091791765623923,-0.037500000000000006,-0.005,1.5255538749624975,
Shell_B_800km,0.9026315789473683,13.894736842105264,derelict_x3,1.0,3.0,10.0,True,2,4,2,False,complex_no_crossing,nan,nan,nan,True,35.35353535353535,-0.020297252023657203,-0.037500000000000006,-0.005,1.4368230000254698,
Shell_B_800km,0.9026315789473683,16.473684210526315,derelict_x3,1.0,3.0,10.0,True,2,3,2,False,complex_no_crossing,nan,nan,nan,True,25.252525252525253,-0.020756728983216094,-0.037500000000000006,-0.005,1.4367530419840477,
Shell_B_800km,0.9026315789473683,19.05263157894737,derelict_x3,1.0,3.0,10.0,True,2,3,1,False,complex_no_crossing,nan,nan,nan,True,25.252525252525253,-0.013530960177771695,-0.037500000000000006,-0.005,1.4283871660009027,
Shell_B_800km,0.9026315789473683,21.63157894736842,derelict_x3,1.0,3.0,10.0,True,2,2,1,False,complex_no_crossing,nan,nan,nan,True,15.15151515151515,-0.01338800161168973,-0.037500000000000006,-0.005,1.422607375017833,
Shell_B_800km,0.9026315789473683,24.210526315789473,derelict_x3,1.0,3.0,10.0,True,2,2,1,False,complex_no_crossing,nan,nan,nan,True,15.15151515151515,-0.013263322335168474,-0.037500000000000006,-0.005,1.4182123329956084,
Shell_B_800km,0.9026315789473683,26.789473684210527,derelict_x3,1.0,3.0,10.0,True,2,2,1,False,complex_no_crossing,nan,nan,nan,True,15.15151515151515,-0.013168956453223557,-0.037500000000000006,-0.005,1.4083607500069775,
Shell_B_800km,0.9026315789473683,29.36842105263158,derelict_x3,1.0,3.0,10.0,True,2,2,1,False,complex_no_crossing,nan,nan,nan,True,15.15151515151515,-0.013130435854009973,-0.037500000000000006,-0.005,1.4092184170149267,
Shell_B_800km,0.9026315789473683,31.94736842105263,derelict_x3,1.0,3.0,10.0,True,2,2,1,False,complex_no_crossing,nan,nan,nan,True,15.15151515151515,-0.013219003449454338,-0.037500000000000006,-0.005,1.3845086670480669,
Shell_B_800km,0.9026315789473683,34.526315789473685,derelict_x3,1.0,3.0,10.0,True,2,2,0,False,no_complex_eigenvalues,nan,nan,nan,True,15.15151515151515,nan,-0.037500000000000006,-0.002498617004296056,1.3922876249998808,
Shell_B_800km,0.9026315789473683,37.10526315789474,derelict_x3,1.0,3.0,10.0,False,2,1,0,False,no_branch,nan,nan,nan,False,nan,nan,nan,nan,1.386394458997529,
Shell_B_800km,0.9026315789473683,39.68421052631579,derelict_x3,1.0,3.0,10.0,False,2,1,0,False,no_branch,nan,nan,nan,False,nan,nan,nan,nan,1.3808033750392497,
Shell_B_800km,0.9026315789473683,42.26315789473684,derelict_x3,1.0,3.0,10.0,False,2,1,0,False,no_branch,nan,nan,nan,False,nan,nan,nan,nan,1.3684236659901217,
Shell_B_800km,0.9026315789473683,44.8421052631579,derelict_x3,1.0,3.0,10.0,False,2,1,0,False,no_branch,nan,nan,nan,False,nan,nan,nan,nan,1.4554506249842234,
Shell_B_800km,0.9026315789473683,47.421052631578945,derelict_x3,1.0,3.0,10.0,False,2,1,0,False,no_branch,nan,nan,nan,False,nan,nan,nan,nan,1.383354874968063,
Shell_B_800km,0.9026315789473683,50.0,derelict_x3,1.0,3.0,10.0,False,2,1,0,False,no_branch,nan,nan,nan,False,nan,nan,nan,nan,1.3807682920014486,
Shell_B_800km,0.95,1.0,derelict_x3,1.0,3.0,10.0,True,2,64,7,False,complex_no_crossing,nan,nan,nan,True,641.4141414141415,-0.04393716849769887,-0.037500000000000006,-0.001582180575118519,1.5038075000047684,
Shell_B_800km,0.95,3.5789473684210527,derelict_x3,1.0,3.0,10.0,True,2,17,5,False,complex_no_crossing,nan,nan,nan,True,166.66666666666666,-0.03607509584654096,-0.037500000000000006,-0.0022211470244965837,1.6423413750017062,
Shell_B_800km,0.95,6.157894736842105,derelict_x3,1.0,3.0,10.0,True,2,9,4,False,complex_no_crossing,nan,nan,nan,True,85.85858585858585,-0.03186425200894431,-0.037500000000000006,-0.005,1.486998250009492,
Shell_B_800km,0.95,8.736842105263158,derelict_x3,1.0,3.0,10.0,True,2,6,3,False,complex_no_crossing,nan,nan,nan,True,55.55555555555556,-0.02661349006982661,-0.037500000000000006,-0.005,1.4568047909997404,
Shell_B_800km,0.95,11.31578947368421,derelict_x3,1.0,3.0,10.0,True,2,5,2,False,complex_no_crossing,nan,nan,nan,True,45.45454545454545,-0.02051056242155541,-0.037500000000000006,-0.005,1.4379433749709278,
Shell_B_800km,0.95,13.894736842105264,derelict_x3,1.0,3.0,10.0,True,2,4,2,False,complex_no_crossing,nan,nan,nan,True,35.35353535353535,-0.02074830152262546,-0.037500000000000006,-0.005,1.4910182089661248,
Shell_B_800km,0.95,16.473684210526315,derelict_x3,1.0,3.0,10.0,True,2,3,2,False,complex_no_crossing,nan,nan,nan,True,25.252525252525253,-0.021277290369923495,-0.037500000000000006,-0.005,1.4196067500161007,
Shell_B_800km,0.95,19.05263157894737,derelict_x3,1.0,3.0,10.0,True,2,3,1,False,complex_no_crossing,nan,nan,nan,True,25.252525252525253,-0.013803358202325191,-0.037500000000000006,-0.005,1.5223772500175983,
Shell_B_800km,0.95,21.63157894736842,derelict_x3,1.0,3.0,10.0,True,2,2,1,False,complex_no_crossing,nan,nan,nan,True,15.15151515151515,-0.013664689991667733,-0.037500000000000006,-0.005,1.4087375840172172,
Shell_B_800km,0.95,24.210526315789473,derelict_x3,1.0,3.0,10.0,True,2,2,1,False,complex_no_crossing,nan,nan,nan,True,15.15151515151515,-0.01354821830680561,-0.037500000000000006,-0.005,1.394831207988318,
Shell_B_800km,0.95,26.789473684210527,derelict_x3,1.0,3.0,10.0,True,2,2,1,False,complex_no_crossing,nan,nan,nan,True,15.15151515151515,-0.013469327558504338,-0.037500000000000006,-0.005,1.3912243329687044,
Shell_B_800km,0.95,29.36842105263158,derelict_x3,1.0,3.0,10.0,True,2,2,1,False,complex_no_crossing,nan,nan,nan,True,15.15151515151515,-0.013462598882564032,-0.037500000000000006,-0.005,1.3874687919742428,
Shell_B_800km,0.95,31.94736842105263,derelict_x3,1.0,3.0,10.0,True,2,2,1,False,complex_no_crossing,nan,nan,nan,True,15.15151515151515,-0.013638165839992517,-0.037500000000000006,-0.005,1.3805535839637741,
Shell_B_800km,0.95,34.526315789473685,derelict_x3,1.0,3.0,10.0,False,2,1,0,False,no_branch,nan,nan,nan,False,nan,nan,nan,nan,1.38448316603899,
Shell_B_800km,0.95,37.10526315789474,derelict_x3,1.0,3.0,10.0,False,2,1,0,False,no_branch,nan,nan,nan,False,nan,nan,nan,nan,1.3693098750081845,
Shell_B_800km,0.95,39.68421052631579,derelict_x3,1.0,3.0,10.0,False,2,1,0,False,no_branch,nan,nan,nan,False,nan,nan,nan,nan,1.3658074999693781,
Shell_B_800km,0.95,42.26315789473684,derelict_x3,1.0,3.0,10.0,False,2,1,0,False,no_branch,nan,nan,nan,False,nan,nan,nan,nan,1.361668583995197,
Shell_B_800km,0.95,44.8421052631579,derelict_x3,1.0,3.0,10.0,False,2,1,0,False,no_branch,nan,nan,nan,False,nan,nan,nan,nan,1.3691675000009127,
Shell_B_800km,0.95,47.421052631578945,derelict_x3,1.0,3.0,10.0,False,2,1,0,False,no_branch,nan,nan,nan,False,nan,nan,nan,nan,1.3834284999757074,
Shell_B_800km,0.95,50.0,derelict_x3,1.0,3.0,10.0,False,2,1,0,False,no_branch,nan,nan,nan,False,nan,nan,nan,nan,1.358082666003611,
